priority,score,table_name,alias_table_name,owner,task_owner,table_rows,data_length,column_count,table_model,primary_key,partition_key,partition_count,tablet_count,task_count,latest_task_code,latest_task_name,latest_task_instance_time,latest_task_influence_num,downstream_count,sql_query_count,sql_last_time,resource_ref_count,collection_count,report_item_count,project_count,persist_object_count,persist_table_refs,unused_days,data_warehouse_layering,asset_class,suggested_rules,evidence
P0,80.47,ud_3418004512502203_dxsthxqb,dwd_销售退货详情表,包彦,陶林强,24816626.0,7244231179.0,102,PRIMARY_KEYS,`__id`,,1,4,1,WsaMDlzNGI,2.dwd_淘宝数据清洗-dwd_销售退货详情表【刷新】,2026-07-09 14:01:12,24816626.0,16.0,196,2026-07-09 14:01:11,1,135,0,11,0,0,0.0,不规范命名,共享数据,表级行数非零；表级行数 7/30 天波动；主键 `__id` 重复检查；退款/售后金额与数量范围；商品编码/名称关键字段空值,被 11 个分析项目使用；有关联产出任务 1 个；任务下游数量 16；SQL 审计命中 196 次；资源关系引用 1 次；存在 owner/任务负责人证据；大表行数约 24816626；存储统计超过 1GB；有分区 1 个；宽表字段数 102
P0,76.0,ods_api_jstqm_sale_order_info_f,ODS_销售订单信息表(聚水潭奇门API),管理员,管理员,23312740.0,41074929985.0,81,PRIMARY_KEYS,`__id`,,1,16,1,9hARYiuSyx,ods_api_jstqm_sale_order_info_f【EtlDevelop任务】,2026-07-09 03:49:21,23312740.0,13.0,9,2026-07-09 03:33:14,1,28,0,27,2,0,0.0,ods,共享数据,表级行数非零；表级行数 7/30 天波动；最新日期字段 send_date 及时；主键 `__id` 重复检查；金额/费用字段非负与异常极值；推广费/投放指标非负与日期完整性；商品编码/名称关键字段空值；店铺标识关键字段空值；原始 API 记录落地完整性,被 27 个分析项目使用；有关联产出任务 1 个；任务下游数量 13；SQL 审计命中 9 次；资源关系引用 1 次；存在 owner/任务负责人证据；大表行数约 23312740；存储统计超过 10GB；有分区 1 个；字段数 81
P0,74.98,ud_3418004512502203_sxsddxxb,std_销售订单信息表,包彦,陶林强,24884809.0,5493592885.0,60,PRIMARY_KEYS,`__id`,,1,4,1,QUMvyo4abs,1.1std_淘宝销售和售后数据清洗-std_销售订单信息表【刷新】,2026-07-09 06:35:41,24884809.0,20.0,98,2026-07-09 06:35:40,1,15,0,14,0,0,0.0,不规范命名,共享数据,表级行数非零；表级行数 7/30 天波动；最新日期字段 send_date 及时；主键 `__id` 重复检查；金额/费用字段非负与异常极值；商品编码/名称关键字段空值；店铺标识关键字段空值,被 14 个分析项目使用；有关联产出任务 1 个；任务下游数量 20；SQL 审计命中 98 次；资源关系引用 1 次；存在 owner/任务负责人证据；大表行数约 24884809；存储统计超过 1GB；有分区 1 个；字段数 60
P0,69.52,ods_api_jstqm_sale_outstock_info_f,ODS_销售出库信息表(聚水潭奇门API),管理员,管理员,28883876.0,24922313489.0,64,PRIMARY_KEYS,`__id`,,1,16,1,kc4AZ1a2R6,ods_api_jstqm_sale_outstock_info_f【EtlDevelop任务】,2026-07-09 01:55:23,28883876.0,6.0,7,2026-07-09 01:44:24,1,10,0,10,0,0,0.0,ods,共享数据,表级行数非零；表级行数 7/30 天波动；最新日期字段 modified 及时；主键 `__id` 重复检查；金额/费用字段非负与异常极值；推广费/投放指标非负与日期完整性；店铺标识关键字段空值；原始 API 记录落地完整性,被 10 个分析项目使用；有关联产出任务 1 个；任务下游数量 6；SQL 审计命中 7 次；资源关系引用 1 次；存在 owner/任务负责人证据；大表行数约 28883876；存储统计超过 10GB；有分区 1 个；字段数 64
P0,67.88,ods_api_tb_trades_sold_increment_info_f,ODS_更新时间交易订单信息表(淘宝API),管理员,管理员,24256422.0,27298660028.0,58,PRIMARY_KEYS,`__id`,,1,2,2,Tq8qplE0Hn,淘宝API【EtlDevelop任务】,2026-07-09 01:25:08,22782231.0,3.0,14,2026-07-09 01:24:46,1,8,0,8,2,0,0.0,ods,共享数据,表级行数非零；表级行数 7/30 天波动；最新日期字段 consign_time 及时；主键 `__id` 重复检查；金额/费用字段非负与异常极值；推广费/投放指标非负与日期完整性；店铺标识关键字段空值；原始 API 记录落地完整性,被 8 个分析项目使用；有关联产出任务 2 个；任务下游数量 3；SQL 审计命中 14 次；资源关系引用 1 次；存在 owner/任务负责人证据；大表行数约 24256422；存储统计超过 10GB；有分区 1 个；字段数 58
P0,66.0,ods_api_jstqm_archive_sale_order_info_du,ODS_销售订单归档信息表(聚水潭奇门API),管理员,管理员,16040926.0,18814564043.0,83,PRIMARY_KEYS,"`dt`, `__id`",`dt`,726,1452,2,tuQPNjntK5,ODS_销售订单归档信息表(聚水潭奇门API)【连接器】【可手动执行】,2026-06-29 09:53:29,0.0,4.0,0,,1,11,0,11,1,0,0.0,ods,共享数据,"表级行数非零；表级行数 7/30 天波动；最新分区 `dt` 非空/及时；主键 `dt`, `__id` 重复检查；金额/费用字段非负与异常极值；推广费/投放指标非负与日期完整性；商品编码/名称关键字段空值；店铺标识关键字段空值；原始 API 记录落地完整性",被 11 个分析项目使用；有关联产出任务 2 个；任务下游数量 4；资源关系引用 1 次；存在 owner/任务负责人证据；大表行数约 16040926；存储统计超过 10GB；分区数 726；字段数 83
P0,66.0,ods_api_jstqm_sale_order_info_du,ODS_销售订单信息表(聚水潭奇门API),管理员,管理员,25408030.0,38509966743.0,83,PRIMARY_KEYS,"`dt`, `__id`",`dt`,891,1782,2,MvuyryYfyY,ODS_销售订单信息表(聚水潭奇门API)【连接器】（更新时间取数-可以补数据）,2026-07-09 03:33:14,196247.0,4.0,0,,1,26,0,26,2,0,0.0,ods,共享数据,"表级行数非零；表级行数 7/30 天波动；最新分区 `dt` 非空/及时；主键 `dt`, `__id` 重复检查；金额/费用字段非负与异常极值；推广费/投放指标非负与日期完整性；商品编码/名称关键字段空值；店铺标识关键字段空值；原始 API 记录落地完整性",被 26 个分析项目使用；有关联产出任务 2 个；任务下游数量 4；资源关系引用 1 次；存在 owner/任务负责人证据；大表行数约 25408030；存储统计超过 10GB；分区数 891；字段数 83
P0,60.98,ud_3418004512502203_n1stmxssjqx,1.std天猫销售数据清洗,包彦,陶林强,18546233.0,28508738946.0,64,PRIMARY_KEYS,`__id`,,1,4,1,m8uQQoHiS6,1.STD天猫后台销售数据清洗-1.std天猫销售数据清洗【刷新】,2026-07-09 01:39:23,18546233.0,1.0,98,2026-07-09 01:39:22,1,1,0,1,0,0,0.0,不规范命名,共享数据,表级行数非零；表级行数 7/30 天波动；最新日期字段 pay_time 及时；主键 `__id` 重复检查；金额/费用字段非负与异常极值；推广费/投放指标非负与日期完整性；商品编码/名称关键字段空值；店铺标识关键字段空值；原始 API 记录落地完整性,被 1 个分析项目使用；有关联产出任务 1 个；任务下游数量 1；SQL 审计命中 98 次；资源关系引用 1 次；存在 owner/任务负责人证据；大表行数约 18546233；存储统计超过 10GB；有分区 1 个；字段数 64
P0,60.94,dwd_data_government_meta_sql_related_resource,数据治理元数据_SQL关联资源表,管理员,管理员,3013625.0,2353865464.0,63,PRIMARY_KEYS,"`calculated_date`, `__id`",`calculated_date`,8,16,1,kcOMWQt1IF,魔方数据治理（勿动）_数据治理元数据_SQL关联资源【EtlDevelop任务】,2026-07-09 14:02:19,3668399.0,18.0,153,2026-07-09 14:02:06,1,13,0,0,0,0,49.0,dwd,共享数据,"表级行数非零；表级行数 7/30 天波动；最新分区 `calculated_date` 非空/及时；主键 `calculated_date`, `__id` 重复检查；金额/费用字段非负与异常极值",有关联产出任务 1 个；任务下游数量 18；SQL 审计命中 153 次；资源关系引用 1 次；存在 owner/任务负责人证据；百万级表行数约 3013625；存储统计超过 1GB；有分区 8 个；字段数 63
P0,60.3,ud_3418004512502203_spbmxssjllsj,商品编码销售数据、流量数据、推广数据,包彦,陶林强,618104.0,232870697.0,132,PRIMARY_KEYS,`__id`,,1,4,1,tCQHRUr2lz,3.dws_天猫销售经营综合数据清洗-商品编码销售数据、流量数据、推广数据【刷新】,2026-07-09 14:07:41,618104.0,57.0,288,2026-07-09 14:07:39,1,41,0,12,0,0,0.0,不规范命名,共享数据,表级行数非零；表级行数 7/30 天波动；主键 `__id` 重复检查；推广费/投放指标非负与日期完整性；商品编码/名称关键字段空值,被 12 个分析项目使用；有关联产出任务 1 个；任务下游数量 57；SQL 审计命中 288 次；资源关系引用 1 次；存在 owner/任务负责人证据；有分区 1 个；宽表字段数 132
P0,60.0,ods_api_jstqm_archive_sale_order_info_f,ODS_销售订单归档信息表(聚水潭奇门API),管理员,管理员,32511821.0,47103107200.0,81,PRIMARY_KEYS,`__id`,,1,16,1,RCAvJGRCIk,ods_api_jstqm_archive_sale_order_info_f【EtlDevelop任务】,2026-06-29 10:01:32,0.0,5.0,0,,1,10,0,10,1,0,0.0,ods,共享数据,表级行数非零；表级行数 7/30 天波动；最新日期字段 send_date 及时；主键 `__id` 重复检查；金额/费用字段非负与异常极值；推广费/投放指标非负与日期完整性；商品编码/名称关键字段空值；店铺标识关键字段空值；原始 API 记录落地完整性,被 10 个分析项目使用；有关联产出任务 1 个；任务下游数量 5；资源关系引用 1 次；存在 owner/任务负责人证据；大表行数约 32511821；存储统计超过 10GB；有分区 1 个；字段数 81
P0,58.98,ud_3418004512502203_n11xsckxxb,1.1销售出库信息表,包彦,陶林强,24627385.0,4108249383.0,41,PRIMARY_KEYS,`__id`,,1,4,1,cOqyEait67,销售出库信息表-1.1销售出库信息表【刷新】,2026-07-09 02:04:05,24627385.0,5.0,98,2026-07-09 02:04:04,1,5,0,5,0,0,0.0,不规范命名,共享数据,表级行数非零；表级行数 7/30 天波动；最新日期字段 pay_date 及时；主键 `__id` 重复检查；金额/费用字段非负与异常极值；店铺标识关键字段空值,被 5 个分析项目使用；有关联产出任务 1 个；任务下游数量 5；SQL 审计命中 98 次；资源关系引用 1 次；存在 owner/任务负责人证据；大表行数约 24627385；存储统计超过 1GB；有分区 1 个
P0,58.52,ods_api_jstqm_sale_order_info_f_ss,ODS_销售订单信息表_实时(聚水潭奇门API),管理员,管理员,23312740.0,37549534527.0,81,PRIMARY_KEYS,`__id`,,1,16,1,JXgbhg16Db,ods_api_jstqm_sale_order_info_f_ss【EtlDevelop任务】,2026-07-09 04:11:28,23312740.0,1.0,7,2026-07-09 03:49:21,1,4,0,4,0,0,0.0,ods,共享数据,表级行数非零；表级行数 7/30 天波动；最新日期字段 send_date 及时；主键 `__id` 重复检查；金额/费用字段非负与异常极值；推广费/投放指标非负与日期完整性；商品编码/名称关键字段空值；店铺标识关键字段空值；原始 API 记录落地完整性,被 4 个分析项目使用；有关联产出任务 1 个；任务下游数量 1；SQL 审计命中 7 次；资源关系引用 1 次；存在 owner/任务负责人证据；大表行数约 23312740；存储统计超过 10GB；有分区 1 个；字段数 81
P0,58.31,ud_3418004512502203_n22pddsjqx,2.2拼多多数据清洗,包彦,陶林强,6076091.0,1581198488.0,76,PRIMARY_KEYS,`__id`,,1,4,1,hquOvAJNnB,2.1拼多多数据清洗（人工扣点、退货、助攻、运费、采购、基础扣点）-2.2拼多多数据清洗【刷新】,2026-07-09 13:44:09,6076091.0,6.0,182,2026-07-09 13:44:08,1,16,0,3,0,0,0.0,不规范命名,共享数据,表级行数非零；表级行数 7/30 天波动；最新日期字段 pay_date 及时；主键 `__id` 重复检查；金额/费用字段非负与异常极值；商品编码/名称关键字段空值；店铺标识关键字段空值,被 3 个分析项目使用；有关联产出任务 1 个；任务下游数量 6；SQL 审计命中 182 次；资源关系引用 1 次；存在 owner/任务负责人证据；百万级表行数约 6076091；存储统计超过 1GB；有分区 1 个；字段数 76
P0,58.0,ods_api_jstbz_sale_order_info_du,ODS_销售订单信息表(聚水潭标准API),管理员,管理员,11440494.0,12851888773.0,82,PRIMARY_KEYS,"`dt`, `__id`",`dt`,710,1420,2,xpczkU3QdF,ODS_销售订单信息表(聚水潭标准API)【连接器】,2026-07-09 02:36:53,94071.0,1.0,0,,1,5,0,5,0,0,0.0,ods,共享数据,"表级行数非零；表级行数 7/30 天波动；最新分区 `dt` 非空/及时；主键 `dt`, `__id` 重复检查；金额/费用字段非负与异常极值；推广费/投放指标非负与日期完整性；商品编码/名称关键字段空值；店铺标识关键字段空值；原始 API 记录落地完整性",被 5 个分析项目使用；有关联产出任务 2 个；任务下游数量 1；资源关系引用 1 次；存在 owner/任务负责人证据；大表行数约 11440494；存储统计超过 10GB；分区数 710；字段数 82
P0,56.0,ods_api_dd_sale_order_list_info_du,ODS_销售订单列表信息表(抖店API),包彦,陶林强,3226101.0,29253826263.0,93,PRIMARY_KEYS,"`dt`, `__id`",`dt`,321,642,1,mnMTqusbga,ODS_销售订单列表信息表(抖店API)【连接器】,2026-07-09 05:00:01,47858.0,6.0,0,,1,10,0,10,2,0,0.0,ods,共享数据,"表级行数非零；表级行数 7/30 天波动；最新分区 `dt` 非空/及时；主键 `dt`, `__id` 重复检查；金额/费用字段非负与异常极值；推广费/投放指标非负与日期完整性；商品编码/名称关键字段空值；店铺标识关键字段空值；原始 API 记录落地完整性",被 10 个分析项目使用；有关联产出任务 1 个；任务下游数量 6；资源关系引用 1 次；存在 owner/任务负责人证据；百万级表行数约 3226101；存储统计超过 10GB；有分区 321 个；字段数 93
P0,55.75,ud_3418004512502203_dyyspfl,dwd_用于商品分类,包彦,陶林强,24816626.0,4924188329.0,80,PRIMARY_KEYS,`__id`,,1,4,1,xN40BdkiZH,2.dwd_淘宝数据清洗-dwd_用于商品分类【刷新】,2026-07-09 13:48:38,24816626.0,1.0,140,2026-07-09 13:48:37,1,1,0,1,0,0,0.0,不规范命名,共享数据,表级行数非零；表级行数 7/30 天波动；主键 `__id` 重复检查；金额/费用字段非负与异常极值；推广费/投放指标非负与日期完整性；商品编码/名称关键字段空值,被 1 个分析项目使用；有关联产出任务 1 个；任务下游数量 1；SQL 审计命中 140 次；资源关系引用 1 次；存在 owner/任务负责人证据；大表行数约 24816626；存储统计超过 1GB；有分区 1 个；字段数 80
P1,54.98,ud_3418004512502203_n12addshlsjq,1.2按订单售后率数据清洗综合表,包彦,陶林强,21714612.0,1956747280.0,22,PRIMARY_KEYS,`__id`,,1,4,1,fQuY6dAXb6,1.2按订单量售后数据清洗-1.2按订单售后率数据清洗综合表【刷新】,2026-07-09 06:51:40,21714612.0,6.0,98,2026-07-09 06:51:39,1,15,0,0,0,0,0.0,不规范命名,共享数据,表级行数非零；表级行数 7/30 天波动；最新日期字段 pay_date 及时；主键 `__id` 重复检查；退款/售后金额与数量范围；推广费/投放指标非负与日期完整性；商品编码/名称关键字段空值；店铺标识关键字段空值,有关联产出任务 1 个；任务下游数量 6；SQL 审计命中 98 次；资源关系引用 1 次；存在 owner/任务负责人证据；大表行数约 21714612；存储统计超过 1GB；有分区 1 个
P1,54.52,ods_api_jstbz_sale_outstock_info_f,ODS_销售出库信息表(聚水潭标准API),管理员,管理员,17277191.0,15843774785.0,59,PRIMARY_KEYS,`__id`,,1,16,1,dW841bdxmL,ods_api_jstbz_sale_outstock_info_f【EtlDevelop任务】,2026-07-09 03:10:27,17277191.0,1.0,7,2026-07-09 03:05:23,1,0,0,0,0,0,0.0,ods,共享数据,表级行数非零；表级行数 7/30 天波动；最新日期字段 modified 及时；主键 `__id` 重复检查；金额/费用字段非负与异常极值；推广费/投放指标非负与日期完整性；店铺标识关键字段空值；原始 API 记录落地完整性,有关联产出任务 1 个；任务下游数量 1；SQL 审计命中 7 次；资源关系引用 1 次；存在 owner/任务负责人证据；大表行数约 17277191；存储统计超过 10GB；有分区 1 个；字段数 59
P1,54.27,ud_3418004512502203_n21tmxjyfjs,2.1天猫小件运费计算,包彦,陶林强,18620726.0,848695457.0,14,PRIMARY_KEYS,`__id`,,1,4,1,g1MpBP3sJd,2.dwd_淘宝数据清洗-2.1天猫小件运费计算【刷新】,2026-07-09 07:10:37,18620726.0,10.0,112,2026-07-09 07:10:37,1,1,0,1,0,0,0.0,不规范命名,共享数据,表级行数非零；表级行数 7/30 天波动；主键 `__id` 重复检查,被 1 个分析项目使用；有关联产出任务 1 个；任务下游数量 10；SQL 审计命中 112 次；资源关系引用 1 次；存在 owner/任务负责人证据；大表行数约 18620726；有分区 1 个
P1,53.98,ud_1_sthtkxxb,std_退货退款信息表,管理员,管理员,6823560.0,3284756995.0,41,PRIMARY_KEYS,`__id`,,1,4,1,Wy8GHrifZz,1.1std_淘宝销售和售后数据清洗-std_退货退款信息表【刷新】,2026-07-09 02:22:13,6823560.0,5.0,98,2026-07-09 02:22:12,1,5,0,5,0,0,0.0,不规范命名,共享数据,表级行数非零；表级行数 7/30 天波动；最新日期字段 as_date 及时；主键 `__id` 重复检查；金额/费用字段非负与异常极值；退款/售后金额与数量范围；商品编码/名称关键字段空值；店铺标识关键字段空值,被 5 个分析项目使用；有关联产出任务 1 个；任务下游数量 5；SQL 审计命中 98 次；资源关系引用 1 次；存在 owner/任务负责人证据；百万级表行数约 6823560；存储统计超过 1GB；有分区 1 个
P1,52.52,ods_api_jstqm_refund_info_f,ODS_退货退款信息表(聚水潭奇门API),管理员,管理员,3373440.0,2245574812.0,54,PRIMARY_KEYS,`__id`,,1,16,1,mT4yyoaTaE,ods_api_jstqm_refund_info_f【EtlDevelop任务】,2026-07-09 02:13:49,3373440.0,3.0,7,2026-07-09 02:12:52,1,7,0,7,0,0,0.0,ods,共享数据,表级行数非零；表级行数 7/30 天波动；最新日期字段 as_date 及时；主键 `__id` 重复检查；金额/费用字段非负与异常极值；退款/售后金额与数量范围；店铺标识关键字段空值；原始 API 记录落地完整性,被 7 个分析项目使用；有关联产出任务 1 个；任务下游数量 3；SQL 审计命中 7 次；资源关系引用 1 次；存在 owner/任务负责人证据；百万级表行数约 3373440；存储统计超过 1GB；有分区 1 个；字段数 54
P1,52.31,ud_3418004512502203_ykddhd,1.5有快递单号（快递运费计算）,包彦,陶林强,5343618.0,1449035272.0,77,PRIMARY_KEYS,`__id`,,1,4,1,emuMgVsUcl,2.1拼多多数据清洗（人工扣点、退货、助攻、运费、采购、基础扣点）-1.5有快递单号（快递运费计算）【刷新】,2026-07-09 13:33:29,5343618.0,2.0,182,2026-07-09 13:33:28,1,1,0,1,0,0,0.0,不规范命名,共享数据,表级行数非零；表级行数 7/30 天波动；最新日期字段 pay_date 及时；主键 `__id` 重复检查；金额/费用字段非负与异常极值；商品编码/名称关键字段空值；店铺标识关键字段空值,被 1 个分析项目使用；有关联产出任务 1 个；任务下游数量 2；SQL 审计命中 182 次；资源关系引用 1 次；存在 owner/任务负责人证据；百万级表行数约 5343618；存储统计超过 1GB；有分区 1 个；字段数 77
P1,51.55,dws_douyin_spu_sales_detail,DWS_抖音_SPU销售明细,包彦,陶林强,94013.0,20456086.0,124,PRIMARY_KEYS,`__id`,,1,4,1,Ghu44PRchu,2.2抖音_销售经营数据综合表-抖音_销售经营综合表【刷新】,2026-07-09 13:46:29,141534.0,38.0,322,2026-07-09 13:46:25,1,35,0,1,0,0,0.0,dws,共享数据,表级行数非零；表级行数 7/30 天波动；最新日期字段 pay_time 及时；主键 `__id` 重复检查；金额/费用字段非负与异常极值；退款/售后金额与数量范围；推广费/投放指标非负与日期完整性；商品编码/名称关键字段空值；店铺标识关键字段空值,被 1 个分析项目使用；有关联产出任务 1 个；任务下游数量 38；SQL 审计命中 322 次；资源关系引用 1 次；存在 owner/任务负责人证据；有分区 1 个；宽表字段数 124
P1,51.47,ud_5179579576634064_tmll,天猫-流量,包彦,李梦丽,5715401.0,333046379.0,26,PRIMARY_KEYS,`__id`,,1,4,1,nfawXIBFbh,天猫-流量来源分析-天猫-流量【刷新】,2026-07-09 11:02:23,5715401.0,12.0,196,2026-07-09 11:02:19,1,23,0,0,0,0,0.0,不规范命名,共享数据,表级行数非零；表级行数 7/30 天波动；主键 `__id` 重复检查,有关联产出任务 1 个；任务下游数量 12；SQL 审计命中 196 次；资源关系引用 1 次；存在 owner/任务负责人证据；百万级表行数约 5715401；有分区 1 个
P1,50.98,ud_3418004512502203_n11addlshsjq,1.1（按订单量）售后数据清洗,包彦,陶林强,22065503.0,1926706127.0,15,PRIMARY_KEYS,`__id`,,1,4,1,p9c7PWCNka,1.1（按订单量）售后数据清洗-1.1（按订单量）售后数据清洗【刷新】,2026-07-09 06:47:58,22065503.0,1.0,98,2026-07-09 06:47:57,1,1,0,1,0,0,0.0,不规范命名,共享数据,表级行数非零；表级行数 7/30 天波动；最新日期字段 pay_date 及时；主键 `__id` 重复检查；退款/售后金额与数量范围；推广费/投放指标非负与日期完整性；商品编码/名称关键字段空值；店铺标识关键字段空值,被 1 个分析项目使用；有关联产出任务 1 个；任务下游数量 1；SQL 审计命中 98 次；资源关系引用 1 次；存在 owner/任务负责人证据；大表行数约 22065503；存储统计超过 1GB；有分区 1 个
P1,50.75,ud_3418004512502203_n12ztzhkbdj,1.2总体综合看板搭建,包彦,陶林强,1859118.0,156394570.0,30,PRIMARY_KEYS,`__id`,,1,4,1,CX8KzPZWql,1.1各平数据整合-1.2总体综合看板搭建【刷新】,2026-07-09 14:09:35,1859118.0,14.0,140,2026-07-09 14:09:33,1,12,0,0,0,0,0.0,不规范命名,共享数据,表级行数非零；表级行数 7/30 天波动；主键 `__id` 重复检查；商品编码/名称关键字段空值,有关联产出任务 1 个；任务下游数量 14；SQL 审计命中 140 次；资源关系引用 1 次；存在 owner/任务负责人证据；百万级表行数约 1859118；有分区 1 个
P1,49.98,ud_3418004512502203_qjspzlb,全局_商品资料表,包彦,陶林强,60516.0,8270176.0,16,PRIMARY_KEYS,`__id`,,1,4,1,N4uyZn2Brb,全局_商品资料表-全局_商品资料表【刷新】,2026-07-09 02:04:50,60516.0,16.0,98,2026-07-09 02:04:49,1,13,0,13,0,0,0.0,不规范命名,共享数据,表级行数非零；表级行数 7/30 天波动；主键 `__id` 重复检查；商品编码/名称关键字段空值,被 13 个分析项目使用；有关联产出任务 1 个；任务下游数量 16；SQL 审计命中 98 次；资源关系引用 1 次；存在 owner/任务负责人证据；有分区 1 个
P1,49.45,ud_3418004512502203_ddyxsjyzhb,DWD_抖音_订单销售明细,包彦,陶林强,761271.0,589741007.0,156,PRIMARY_KEYS,`__id`,,1,4,1,lI6tx3AsC7,2.1 DWD_抖音数据清洗综合表-DWD_抖音销售经营综合表【刷新】,2026-07-09 13:44:02,761271.0,8.0,308,2026-07-09 13:44:02,1,11,0,3,0,0,0.0,不规范命名,共享数据,表级行数非零；表级行数 7/30 天波动；最新日期字段 pay_time 及时；主键 `__id` 重复检查；金额/费用字段非负与异常极值；退款/售后金额与数量范围；推广费/投放指标非负与日期完整性；商品编码/名称关键字段空值；店铺标识关键字段空值,被 3 个分析项目使用；有关联产出任务 1 个；任务下游数量 8；SQL 审计命中 308 次；资源关系引用 1 次；存在 owner/任务负责人证据；有分区 1 个；宽表字段数 156
P1,48.75,ud_3418004512502203_n11gptsjzh,1.1各平台数据整合,包彦,陶林强,1859118.0,155630626.0,30,PRIMARY_KEYS,`__id`,,1,4,1,14sBxwWECW,1.1各平数据整合-1.1各平台数据整合【刷新】,2026-07-09 14:09:30,1859118.0,10.0,140,2026-07-09 14:09:29,1,12,0,0,0,0,0.0,不规范命名,共享数据,表级行数非零；表级行数 7/30 天波动；主键 `__id` 重复检查；商品编码/名称关键字段空值,有关联产出任务 1 个；任务下游数量 10；SQL 审计命中 140 次；资源关系引用 1 次；存在 owner/任务负责人证据；百万级表行数约 1859118；有分区 1 个
P1,48.52,ods_api_jstbz_product_sku_info_f,ODS_商品SKU信息表(聚水潭标准API),管理员,管理员,49492.0,23228945.0,60,PRIMARY_KEYS,`__id`,,1,16,1,4v6XI21730,ods_api_jstbz_product_sku_info_f【EtlDevelop任务】,2026-07-09 02:03:10,49492.0,24.0,7,2026-07-09 02:03:07,1,23,0,23,0,0,0.0,ods,共享数据,表级行数非零；表级行数 7/30 天波动；最新日期字段 modified 及时；主键 `__id` 重复检查；金额/费用字段非负与异常极值；商品编码/名称关键字段空值；店铺标识关键字段空值；原始 API 记录落地完整性,被 23 个分析项目使用；有关联产出任务 1 个；任务下游数量 24；SQL 审计命中 7 次；资源关系引用 1 次；存在 owner/任务负责人证据；有分区 1 个；字段数 60
P1,48.0,ods_api_jstbz_archive_sale_order_info_du,ODS_销售订单归档信息表(聚水潭标准API),管理员,管理员,6565279.0,7104416312.0,82,PRIMARY_KEYS,"`dt`, `__id`",`dt`,726,1452,2,wc82tqkND8,ODS_销售订单归档信息表(聚水潭标准API)【连接器】,,0.0,2.0,0,,1,5,0,5,0,0,7.0,ods,共享数据,"表级行数非零；表级行数 7/30 天波动；最新分区 `dt` 非空/及时；主键 `dt`, `__id` 重复检查；金额/费用字段非负与异常极值；推广费/投放指标非负与日期完整性；商品编码/名称关键字段空值；店铺标识关键字段空值；原始 API 记录落地完整性",被 5 个分析项目使用；有关联产出任务 2 个；任务下游数量 2；资源关系引用 1 次；存在 owner/任务负责人证据；百万级表行数约 6565279；存储统计超过 1GB；分区数 726；字段数 82
P1,48.0,ods_api_jstbz_refund_info_du,ODS_退货退款信息表(聚水潭标准API),管理员,管理员,2695596.0,2414364711.0,53,PRIMARY_KEYS,"`dt`, `__id`",`dt`,1285,2570,2,woK8uNOpaP,ODS_退货退款信息表(聚水潭标准API)【连接器】,2026-07-09 02:27:32,16739.0,2.0,0,,1,5,0,5,0,0,0.0,ods,共享数据,"表级行数非零；表级行数 7/30 天波动；最新分区 `dt` 非空/及时；主键 `dt`, `__id` 重复检查；金额/费用字段非负与异常极值；退款/售后金额与数量范围；店铺标识关键字段空值；原始 API 记录落地完整性",被 5 个分析项目使用；有关联产出任务 2 个；任务下游数量 2；资源关系引用 1 次；存在 owner/任务负责人证据；百万级表行数约 2695596；存储统计超过 1GB；分区数 1285；字段数 53
P1,48.0,ods_api_tb_trades_sold_increment_info_du,ODS_更新时间交易订单信息表(淘宝API),管理员,陶林强,31533812.0,33635865410.0,60,PRIMARY_KEYS,"`dt`, `__id`",`dt`,433,866,1,5lsT44Jl60,ODS_更新时间交易订单信息表(淘宝API)【连接器】,2026-07-09 01:24:24,150550.0,2.0,0,,1,1,0,1,0,0,0.0,ods,共享数据,"表级行数非零；表级行数 7/30 天波动；最新分区 `dt` 非空/及时；主键 `dt`, `__id` 重复检查；金额/费用字段非负与异常极值；推广费/投放指标非负与日期完整性；店铺标识关键字段空值；原始 API 记录落地完整性",被 1 个分析项目使用；有关联产出任务 1 个；任务下游数量 2；资源关系引用 1 次；存在 owner/任务负责人证据；大表行数约 31533812；存储统计超过 10GB；有分区 433 个；字段数 60
P1,47.98,ud_3418004512502203_yyglqtb,dwd_仓库大屏,包彦,陶林强,1250600.0,270408812.0,66,PRIMARY_KEYS,`__id`,,1,4,1,A0aQNtWCmo,仓库大屏-dwd_仓库大屏【刷新】,2026-07-09 09:42:25,1496319.0,6.0,98,2026-07-09 09:42:25,1,7,0,0,0,0,0.0,不规范命名,共享数据,表级行数非零；表级行数 7/30 天波动；最新日期字段 pay_date 及时；主键 `__id` 重复检查；金额/费用字段非负与异常极值；推广费/投放指标非负与日期完整性；商品编码/名称关键字段空值；店铺标识关键字段空值,有关联产出任务 1 个；任务下游数量 6；SQL 审计命中 98 次；资源关系引用 1 次；存在 owner/任务负责人证据；百万级表行数约 1250600；有分区 1 个；字段数 66
P1,47.95,ud_3418004512502203_n23pddsjqx,2.3拼多多数据清洗,包彦,陶林强,969324.0,111216458.0,64,PRIMARY_KEYS,`__id`,,1,4,1,vTeCxTA2tz,2.2拼多多数据清洗-2.3拼多多数据清洗【刷新】,2026-07-09 13:47:37,969324.0,39.0,154,2026-07-09 13:47:33,1,29,0,3,0,0,0.0,不规范命名,共享数据,表级行数非零；表级行数 7/30 天波动；最新日期字段 pay_date 及时；主键 `__id` 重复检查；金额/费用字段非负与异常极值；推广费/投放指标非负与日期完整性；商品编码/名称关键字段空值；店铺标识关键字段空值,被 3 个分析项目使用；有关联产出任务 1 个；任务下游数量 39；SQL 审计命中 154 次；资源关系引用 1 次；存在 owner/任务负责人证据；有分区 1 个；字段数 64
P1,47.52,ods_api_jstqm_refund_info_f_ss,ODS_退货退款信息表_实时(聚水潭奇门API),管理员,管理员,3373440.0,2234362672.0,37,PRIMARY_KEYS,`__id`,,1,16,1,BxO04KZGrR,ods_api_jstqm_refund_info_f_ss【EtlDevelop任务】,2026-07-09 02:14:29,3373440.0,2.0,7,2026-07-09 02:13:49,1,7,0,7,0,0,0.0,ods,共享数据,表级行数非零；表级行数 7/30 天波动；最新日期字段 as_date 及时；主键 `__id` 重复检查；金额/费用字段非负与异常极值；退款/售后金额与数量范围；店铺标识关键字段空值；原始 API 记录落地完整性,被 7 个分析项目使用；有关联产出任务 1 个；任务下游数量 2；SQL 审计命中 7 次；资源关系引用 1 次；存在 owner/任务负责人证据；百万级表行数约 3373440；存储统计超过 1GB；有分区 1 个
P1,46.0,ods_api_jstqm_archive_refund_info_du,ODS_退货退款归档信息表(聚水潭奇门API),管理员,管理员,2406494.0,1900289882.0,54,PRIMARY_KEYS,"`dt`, `__id`",`dt`,721,1442,2,SkOGv7pyrT,ODS_退货退款归档信息表(聚水潭奇门API)【连接器】【可以手动执行】time,,0.0,2.0,0,,1,3,0,3,0,0,0.0,ods,共享数据,"表级行数非零；表级行数 7/30 天波动；最新分区 `dt` 非空/及时；主键 `dt`, `__id` 重复检查；金额/费用字段非负与异常极值；退款/售后金额与数量范围；店铺标识关键字段空值；原始 API 记录落地完整性",被 3 个分析项目使用；有关联产出任务 2 个；任务下游数量 2；资源关系引用 1 次；存在 owner/任务负责人证据；百万级表行数约 2406494；存储统计超过 1GB；分区数 721；字段数 54
P1,46.0,ods_api_jstqm_refund_info_du,ODS_退货退款信息表(聚水潭奇门API),管理员,管理员,4448609.0,2313072038.0,54,PRIMARY_KEYS,"`dt`, `__id`",`dt`,920,1840,2,JOg5nfEKhw,ODS_退货退款信息表(聚水潭奇门API)【连接器】[不能手动补数据],2026-07-09 02:12:52,41595.0,1.0,0,,1,4,0,4,0,0,0.0,ods,共享数据,"表级行数非零；表级行数 7/30 天波动；最新分区 `dt` 非空/及时；主键 `dt`, `__id` 重复检查；金额/费用字段非负与异常极值；退款/售后金额与数量范围；店铺标识关键字段空值；原始 API 记录落地完整性",被 4 个分析项目使用；有关联产出任务 2 个；任务下游数量 1；资源关系引用 1 次；存在 owner/任务负责人证据；百万级表行数约 4448609；存储统计超过 1GB；分区数 920；字段数 54
P1,45.98,ud_3418004512502203_n1gygddxqb,1.各员工钉钉详情表,包彦,陶林强,615.0,32854.0,3,PRIMARY_KEYS,`__id`,,1,4,1,oi6J9yuQH8,钉钉用户信息表-1.各员工钉钉详情表【刷新】,2026-07-09 02:32:21,615.0,9.0,98,2026-07-09 02:32:20,1,9,0,9,0,0,0.0,不规范命名,共享数据,表级行数非零；表级行数 7/30 天波动；主键 `__id` 重复检查,被 9 个分析项目使用；有关联产出任务 1 个；任务下游数量 9；SQL 审计命中 98 次；资源关系引用 1 次；存在 owner/任务负责人证据；有分区 1 个
P1,45.98,ud_3418004512502203_n2tmxjyfjs,2天猫小件运费计算,包彦,陶林强,17400374.0,797953272.0,14,PRIMARY_KEYS,`__id`,,1,4,1,Mf8ehtjj3D,1.5 std_天猫小件运费计算-2天猫小件运费计算【刷新】,2026-07-09 07:15:52,17400374.0,2.0,98,2026-07-09 07:15:51,1,1,0,1,0,0,0.0,不规范命名,共享数据,表级行数非零；表级行数 7/30 天波动；主键 `__id` 重复检查,被 1 个分析项目使用；有关联产出任务 1 个；任务下游数量 2；SQL 审计命中 98 次；资源关系引用 1 次；存在 owner/任务负责人证据；大表行数约 17400374；有分区 1 个
P1,45.75,ud_5179579576634064_tmrbgptzb,天猫日报各平台总表,包彦,李梦丽,1452873.0,107545876.0,30,PRIMARY_KEYS,`__id`,,1,4,1,M5aau77hxO,1.1各平数据整合-天猫日报各平台总表【刷新】,2026-07-09 14:09:42,1452873.0,7.0,140,2026-07-09 14:09:41,1,0,0,0,0,0,0.0,不规范命名,共享数据,表级行数非零；表级行数 7/30 天波动；主键 `__id` 重复检查；商品编码/名称关键字段空值,有关联产出任务 1 个；任务下游数量 7；SQL 审计命中 140 次；资源关系引用 1 次；存在 owner/任务负责人证据；百万级表行数约 1452873；有分区 1 个
P1,45.52,ud_3418004512502203_n3jdzyhjzzhb,3.京东自营和京造综合表,包彦,陶林强,65696.0,6387699.0,62,PRIMARY_KEYS,`__id`,,1,4,1,7lAvjA2Tc5,3.DWD京东自营和京造销售流量推广数据综合表-3.京东自营和京造综合表【刷新】,2026-07-09 13:39:28,65696.0,26.0,126,2026-07-09 13:39:24,1,21,0,1,0,0,0.0,不规范命名,共享数据,表级行数非零；表级行数 7/30 天波动；主键 `__id` 重复检查；商品编码/名称关键字段空值,被 1 个分析项目使用；有关联产出任务 1 个；任务下游数量 26；SQL 审计命中 126 次；资源关系引用 1 次；存在 owner/任务负责人证据；有分区 1 个；字段数 62
P1,45.47,ud_3418004512502203_n21zxzhb,2.1滞销综合表,包彦,陶林强,17018.0,3343048.0,74,PRIMARY_KEYS,`__id`,,1,4,1,R2sTanhMyz,2.滞销预警分析-2.1滞销综合表【刷新】,2026-07-09 13:04:00,17018.0,22.0,196,2026-07-09 13:03:57,1,1,0,0,0,0,0.0,不规范命名,共享数据,表级行数非零；表级行数 7/30 天波动；主键 `__id` 重复检查；金额/费用字段非负与异常极值；商品编码/名称关键字段空值,有关联产出任务 1 个；任务下游数量 22；SQL 审计命中 196 次；资源关系引用 1 次；存在 owner/任务负责人证据；有分区 1 个；字段数 74
P1,45,beifen,单表处理,管理员,管理员,10060167.0,11163167479.0,58,PRIMARY_KEYS,`__id`,,1,16,1,8D6DwC4mZ8,未命名分析-2025-07-14 18:47:09-单表处理【刷新】,,0.0,0.0,0,,1,0,0,0,0,0,0.0,不规范命名,我的数据,表级行数非零；表级行数 7/30 天波动；最新日期字段 consign_time 及时；主键 `__id` 重复检查；金额/费用字段非负与异常极值；推广费/投放指标非负与日期完整性；店铺标识关键字段空值；原始 API 记录落地完整性,有关联产出任务 1 个；资源关系引用 1 次；存在 owner/任务负责人证据；大表行数约 10060167；存储统计超过 10GB；有分区 1 个；字段数 58
P1,45,ods_api_jstqm_archive_sale_outstock_info_f,ODS_销售出库归档信息表(聚水潭奇门API),管理员,管理员,26980451.0,17910441561.0,64,PRIMARY_KEYS,`__id`,,1,16,1,i7O8p0w10i,ods_api_jstqm_archive_sale_outstock_info_f【EtlDevelop任务】,,0.0,0.0,0,,1,0,0,0,0,0,85.0,ods,共享数据,表级行数非零；表级行数 7/30 天波动；最新日期字段 modified 及时；主键 `__id` 重复检查；金额/费用字段非负与异常极值；推广费/投放指标非负与日期完整性；店铺标识关键字段空值；原始 API 记录落地完整性,有关联产出任务 1 个；资源关系引用 1 次；存在 owner/任务负责人证据；大表行数约 26980451；存储统计超过 10GB；有分区 1 个；字段数 64
P1,44.95,ud_3418004512502203_n15pddxjkdyf,1.5拼多多小件快递运费,包彦,陶林强,5239048.0,260981719.0,10,PRIMARY_KEYS,`__id`,,1,4,1,Daui5ReOky,"1.5,拼多多运费计算-1.5拼多多小件快递运费【刷新】",2026-07-09 13:40:20,5239048.0,3.0,154,2026-07-09 13:40:19,1,3,0,3,0,0,0.0,不规范命名,共享数据,表级行数非零；表级行数 7/30 天波动；最新日期字段 pay_date 及时；主键 `__id` 重复检查,被 3 个分析项目使用；有关联产出任务 1 个；任务下游数量 3；SQL 审计命中 154 次；资源关系引用 1 次；存在 owner/任务负责人证据；百万级表行数约 5239048；有分区 1 个
P1,44.52,ods_api_jstbz_refund_info_f,ODS_退货退款信息表(聚水潭标准API),管理员,管理员,1259774.0,1349108920.0,51,PRIMARY_KEYS,`__id`,,1,16,1,oRqCQbIHGL,ods_api_jstbz_refund_info_f【EtlDevelop任务】,2026-07-09 02:28:08,1259774.0,0.0,7,2026-07-09 02:27:33,1,2,0,2,0,0,0.0,ods,共享数据,表级行数非零；表级行数 7/30 天波动；最新日期字段 as_date 及时；主键 `__id` 重复检查；金额/费用字段非负与异常极值；退款/售后金额与数量范围；店铺标识关键字段空值；原始 API 记录落地完整性,被 2 个分析项目使用；有关联产出任务 1 个；SQL 审计命中 7 次；资源关系引用 1 次；存在 owner/任务负责人证据；百万级表行数约 1259774；存储统计超过 1GB；有分区 1 个；字段数 51
P1,44.52,ods_api_jstbz_sale_order_info_f,ODS_销售订单信息表(聚水潭标准API),管理员,管理员,2844531.0,4114578731.0,80,PRIMARY_KEYS,`__id`,,1,16,1,WjArJuBmdZ,ods_api_jstbz_sale_order_info_f【EtlDevelop任务】,2026-07-09 02:38:43,2844531.0,0.0,7,2026-07-09 02:36:54,1,2,0,2,0,0,0.0,ods,共享数据,表级行数非零；表级行数 7/30 天波动；最新日期字段 send_date 及时；主键 `__id` 重复检查；金额/费用字段非负与异常极值；推广费/投放指标非负与日期完整性；商品编码/名称关键字段空值；店铺标识关键字段空值；原始 API 记录落地完整性,被 2 个分析项目使用；有关联产出任务 1 个；SQL 审计命中 7 次；资源关系引用 1 次；存在 owner/任务负责人证据；百万级表行数约 2844531；存储统计超过 1GB；有分区 1 个；字段数 80
P1,44.52,ods_api_jstbz_suite_product_info_f,ODS_组合商品信息表(聚水潭标准API),管理员,管理员,11376.0,5165392.0,23,PRIMARY_KEYS,`__id`,,1,16,1,Qoa4SEgNmZ,ods_api_jstbz_suite_product_info_f【EtlDevelop任务】,2026-07-09 01:00:27,11376.0,17.0,7,2026-07-09 01:00:26,1,13,0,13,0,0,0.0,ods,共享数据,表级行数非零；表级行数 7/30 天波动；最新日期字段 modified 及时；主键 `__id` 重复检查；金额/费用字段非负与异常极值；商品编码/名称关键字段空值；店铺标识关键字段空值；原始 API 记录落地完整性,被 13 个分析项目使用；有关联产出任务 1 个；任务下游数量 17；SQL 审计命中 7 次；资源关系引用 1 次；存在 owner/任务负责人证据；有分区 1 个
P1,44.52,std_data_government_meta_table,数据治理元数据_表,管理员,管理员,1026645.0,83631561.0,22,PRIMARY_KEYS,"`calculated_date`, `__id`",`calculated_date`,31,62,1,91aaKMI1AE,魔方数据治理（勿动）_数据治理元数据_表【EtlDevelop任务】,2026-07-09 00:08:10,1059913.0,26.0,7,2026-07-09 00:08:09,1,20,0,0,0,0,28.0,std,共享数据,"表级行数非零；表级行数 7/30 天波动；最新分区 `calculated_date` 非空/及时；主键 `calculated_date`, `__id` 重复检查；推广费/投放指标非负与日期完整性",有关联产出任务 1 个；任务下游数量 26；SQL 审计命中 7 次；资源关系引用 1 次；存在 owner/任务负责人证据；百万级表行数约 1026645；有分区 31 个
P1,44.24,ud_3418004512502203_sxssjqx,STD_抖音_订单销售明细,包彦,陶林强,824838.0,517256717.0,84,PRIMARY_KEYS,`__id`,,1,4,1,5aMpRAhBmy,1.1 STD_抖音销售清洗表-STD_销售数据清洗【刷新】,2026-07-09 05:34:27,824838.0,7.0,280,2026-07-09 05:34:27,1,3,0,3,0,0,0.0,不规范命名,共享数据,表级行数非零；表级行数 7/30 天波动；最新日期字段 create_time 及时；主键 `__id` 重复检查；金额/费用字段非负与异常极值；推广费/投放指标非负与日期完整性；商品编码/名称关键字段空值；店铺标识关键字段空值,被 3 个分析项目使用；有关联产出任务 1 个；任务下游数量 7；SQL 审计命中 280 次；资源关系引用 1 次；存在 owner/任务负责人证据；有分区 1 个；字段数 84
P1,43.75,ud_3418004512502203_tmpddjdpkdyf,天猫、拼多多、京东pop快递运费,包彦,陶林强,493906.0,43437904.0,10,PRIMARY_KEYS,`__id`,,1,4,1,f9Konlb2Nb,std_大件正向运费数据清洗-天猫、拼多多、京东pop快递运费【刷新】,2026-07-09 13:37:13,493906.0,10.0,140,2026-07-09 13:37:13,1,5,0,5,0,0,0.0,不规范命名,共享数据,表级行数非零；表级行数 7/30 天波动；主键 `__id` 重复检查,被 5 个分析项目使用；有关联产出任务 1 个；任务下游数量 10；SQL 审计命中 140 次；资源关系引用 1 次；存在 owner/任务负责人证据；有分区 1 个
P1,43.65,ud_3418004512502203_n21xhsztsjkb,2.1小红书整体数据宽表,包彦,陶林强,971483.0,138310694.0,62,PRIMARY_KEYS,`__id`,,1,4,1,aA4cd7zxkX,2.1小红书蒲公英和小红书笔记相关数据汇总-2.1小红书整体数据宽表【刷新】,2026-07-08 15:03:36,967075.0,25.0,84,2026-07-08 15:03:32,1,17,0,0,0,0,0.0,不规范命名,共享数据,表级行数非零；表级行数 7/30 天波动；主键 `__id` 重复检查,有关联产出任务 1 个；任务下游数量 25；SQL 审计命中 84 次；资源关系引用 1 次；存在 owner/任务负责人证据；有分区 1 个；字段数 62
P1,43.52,bwd_api_tb_wxtwjb_area_report_info_f,BWD_地域报告信息表(淘宝万相台无界API),包彦,管理员,63603061.0,2788066453.0,31,PRIMARY_KEYS,`__id`,,1,16,1,pFe2fzpaxI,bwd_api_tb_wxtwjb_area_report_info_f【EtlDevelop任务】,2026-07-09 09:45:38,63603061.0,0.0,7,2026-07-09 09:21:35,1,0,0,0,0,0,85.0,bwd,共享数据,表级行数非零；表级行数 7/30 天波动；最新日期字段 thedate 及时；主键 `__id` 重复检查；金额/费用字段非负与异常极值；推广费/投放指标非负与日期完整性；店铺标识关键字段空值；原始 API 记录落地完整性,有关联产出任务 1 个；SQL 审计命中 7 次；资源关系引用 1 次；存在 owner/任务负责人证据；大表行数约 63603061；存储统计超过 1GB；有分区 1 个
P1,43.52,ods_api_jstbz_logistic_order_info_f,ODS_物流发货信息表(聚水潭标准API),管理员,管理员,18282103.0,7546017448.0,20,PRIMARY_KEYS,`__id`,,1,16,1,NoQf5uVzGa,ods_api_jstbz_logistic_order_info_f【EtlDevelop任务】,2026-07-09 04:08:02,18282103.0,0.0,7,2026-07-09 04:05:43,1,0,0,0,0,0,0.0,ods,共享数据,表级行数非零；表级行数 7/30 天波动；最新日期字段 send_date 及时；主键 `__id` 重复检查；金额/费用字段非负与异常极值；退款/售后金额与数量范围；店铺标识关键字段空值；原始 API 记录落地完整性,有关联产出任务 1 个；SQL 审计命中 7 次；资源关系引用 1 次；存在 owner/任务负责人证据；大表行数约 18282103；存储统计超过 1GB；有分区 1 个
P1,43.52,ods_api_jstbz_stock_info_df,ODS_库存信息表(聚水潭标准API),管理员,管理员,12405451.0,2431891773.0,22,PRIMARY_KEYS,"`dt`, `__id`",`dt`,218,436,1,A4M9IPDocn,ODS(聚水潭标准API原始层)_ods_api_jstbz_stock_info_df【EtlDevelop任务】,2026-07-09 02:08:31,12405451.0,0.0,7,2026-07-09 02:08:29,1,0,0,0,0,0,27.0,ods,共享数据,"表级行数非零；表级行数 7/30 天波动；最新分区 `dt` 非空/及时；主键 `dt`, `__id` 重复检查；商品编码/名称关键字段空值；原始 API 记录落地完整性",有关联产出任务 1 个；SQL 审计命中 7 次；资源关系引用 1 次；存在 owner/任务负责人证据；大表行数约 12405451；存储统计超过 1GB；有分区 218 个
P1,43.52,std_api_jstbz_whs_outstock_detail_f,STD_出库单明细表(聚水潭标准API),管理员,管理员,20583203.0,2254370101.0,36,PRIMARY_KEYS,`__id`,,1,16,1,E08uLmDcZX,std_api_jstbz_whs_outstock_detail_f【EtlDevelop任务】,2026-07-09 03:15:23,20583203.0,0.0,7,2026-07-09 03:10:27,1,0,0,0,0,0,85.0,std,共享数据,表级行数非零；表级行数 7/30 天波动；最新日期字段 outstock_time 及时；主键 `__id` 重复检查；金额/费用字段非负与异常极值；商品编码/名称关键字段空值；原始 API 记录落地完整性,有关联产出任务 1 个；SQL 审计命中 7 次；资源关系引用 1 次；存在 owner/任务负责人证据；大表行数约 20583203；存储统计超过 1GB；有分区 1 个
P1,43.52,std_api_jstqm_whs_outstock_detail_f,STD_出库单明细表(聚水潭奇门API),管理员,管理员,32941763.0,3934324634.0,36,PRIMARY_KEYS,`__id`,,1,16,1,VAAtOqSIRu,STD(聚水潭)_std_api_jstqm_whs_outstock_detail_f【EtlDevelop任务】,2026-07-09 02:10:19,32941763.0,0.0,7,2026-07-09 01:55:23,1,0,0,0,0,0,85.0,std,共享数据,表级行数非零；表级行数 7/30 天波动；最新日期字段 outstock_time 及时；主键 `__id` 重复检查；金额/费用字段非负与异常极值；商品编码/名称关键字段空值；原始 API 记录落地完整性,有关联产出任务 1 个；SQL 审计命中 7 次；资源关系引用 1 次；存在 owner/任务负责人证据；大表行数约 32941763；存储统计超过 1GB；有分区 1 个
P1,43.02,ud_5179579576634064_tmtgzb,天猫-推广总表,包彦,李梦丽,281713.0,62513152.0,78,PRIMARY_KEYS,`__id`,,1,4,1,tIae4qir6w,天猫-推广-天猫-推广总表【刷新】,2026-07-09 14:09:55,281713.0,9.0,252,2026-07-09 14:09:53,1,12,0,0,0,0,0.0,不规范命名,共享数据,表级行数非零；表级行数 7/30 天波动；主键 `__id` 重复检查；推广费/投放指标非负与日期完整性,有关联产出任务 1 个；任务下游数量 9；SQL 审计命中 252 次；资源关系引用 1 次；存在 owner/任务负责人证据；有分区 1 个；字段数 78
P1,42.98,ud_3418004512502203_n12ahpbmshsj,1.2按货品编码售后数据综合表,包彦,陶林强,1904710.0,49370039.0,15,PRIMARY_KEYS,`__id`,,1,4,1,xG6dbwD3zO,1.2按订单量售后数据清洗-1.2按货品编码售后数据综合表【刷新】,2026-07-09 06:53:45,1904710.0,5.0,98,2026-07-09 06:53:44,1,3,0,0,0,0,0.0,不规范命名,共享数据,表级行数非零；表级行数 7/30 天波动；最新日期字段 pay_date 及时；主键 `__id` 重复检查；退款/售后金额与数量范围；商品编码/名称关键字段空值,有关联产出任务 1 个；任务下游数量 5；SQL 审计命中 98 次；资源关系引用 1 次；存在 owner/任务负责人证据；百万级表行数约 1904710；有分区 1 个
P1,42.89,ud_5179579576634064_tmxsjhzb,天猫-销售计划总表,包彦,李梦丽,3723.0,518156.0,38,PRIMARY_KEYS,`__id`,,1,4,1,s9Apa7nuXH,天猫销售计划-天猫-销售计划总表【刷新】,2026-07-09 14:09:06,14890.0,22.0,238,2026-07-09 14:09:03,1,25,0,1,0,0,0.0,不规范命名,共享数据,表级行数非零；表级行数 7/30 天波动；主键 `__id` 重复检查,被 1 个分析项目使用；有关联产出任务 1 个；任务下游数量 22；SQL 审计命中 238 次；资源关系引用 1 次；存在 owner/任务负责人证据；有分区 1 个
P1,42.81,ud_3418004512502203_dyyryksjdjs,dwd_用于roi盈亏数据的计算,包彦,陶林强,2103157.0,140890243.0,16,PRIMARY_KEYS,`__id`,,1,4,1,T5uEGGnhK0,1.1天猫_四小时销售、售后数据-dwd_用于roi盈亏数据的计算【刷新】,2026-07-09 09:53:58,2571779.0,1.0,364,2026-07-09 15:01:21,1,1,0,1,0,0,0.0,不规范命名,共享数据,表级行数非零；表级行数 7/30 天波动；主键 `__id` 重复检查；商品编码/名称关键字段空值,被 1 个分析项目使用；有关联产出任务 1 个；任务下游数量 1；SQL 审计命中 364 次；资源关系引用 1 次；存在 owner/任务负责人证据；百万级表行数约 2103157；有分区 1 个
P1,42.14,ud_3418004512502203_n11xhsjgsjqx,1.1小红书聚光数据清洗,包彦,陶林强,78974.0,90242409.0,169,PRIMARY_KEYS,"`dt`, `__id`",`dt`,519,1038,1,1w4eE5GZow,1.1小红书聚光笔记数据清洗-1.1小红书聚光数据清洗【刷新】,2026-07-09 10:02:29,122838.0,0.0,168,2026-07-09 10:02:28,1,0,0,0,0,0,35.0,不规范命名,共享数据,"表级行数非零；表级行数 7/30 天波动；最新分区 `dt` 非空/及时；主键 `dt`, `__id` 重复检查；金额/费用字段非负与异常极值；退款/售后金额与数量范围；推广费/投放指标非负与日期完整性；原始 API 记录落地完整性",有关联产出任务 1 个；SQL 审计命中 168 次；资源关系引用 1 次；存在 owner/任务负责人证据；分区数 519；宽表字段数 169
P1,42,_persist_COLLECTION_4465Ts2yUu,,陶林强,,24816347.0,5101210873.0,100,DUP_KEYS,,,3,12,0,,,,0.0,0.0,0,,0,0,0,0,0,1,0.0,正式态物化表,共享数据,表级行数非零；表级行数 7/30 天波动；商品编码/名称关键字段空值；物化表与来源 collection 完整性,存在 owner/任务负责人证据；大表行数约 24816347；存储统计超过 1GB；有分区 3 个；宽表字段数 100；未识别到物理主键配置；被物化关系引用 1 次
P1,41.52,ud_3418004512502203_n22jdymqjdzz,2.2京东佑美旗舰店总综合表,包彦,陶林强,112068.0,14615804.0,40,PRIMARY_KEYS,`__id`,,1,4,1,BRQxUQstRp,2.2京东佑美旗舰店_销售、售后、推广、流量综合表-2.2京东佑美旗舰店总综合表【刷新】,2026-07-09 13:42:03,112068.0,32.0,126,2026-07-09 13:41:59,1,14,0,1,0,0,0.0,不规范命名,共享数据,表级行数非零；表级行数 7/30 天波动；最新日期字段 paymentconfirmtime 及时；主键 `__id` 重复检查；金额/费用字段非负与异常极值；商品编码/名称关键字段空值,被 1 个分析项目使用；有关联产出任务 1 个；任务下游数量 32；SQL 审计命中 126 次；资源关系引用 1 次；存在 owner/任务负责人证据；有分区 1 个
P1,41.52,ods_api_tb_refunds_receive_info_f,ODS_已收到退款列表信息表(淘宝API),管理员,管理员,5130344.0,6952020091.0,33,PRIMARY_KEYS,`__id`,,1,2,1,50a4zU4xwy,ods_api_tb_refunds_receive_info_f【EtlDevelop任务】,2026-07-09 01:29:03,5006892.0,1.0,7,2026-07-09 01:28:59,1,2,0,2,0,0,0.0,ods,共享数据,表级行数非零；表级行数 7/30 天波动；最新日期字段 modified 及时；主键 `__id` 重复检查；金额/费用字段非负与异常极值；退款/售后金额与数量范围；商品编码/名称关键字段空值；店铺标识关键字段空值；原始 API 记录落地完整性,被 2 个分析项目使用；有关联产出任务 1 个；任务下游数量 1；SQL 审计命中 7 次；资源关系引用 1 次；存在 owner/任务负责人证据；百万级表行数约 5130344；存储统计超过 1GB；有分区 1 个
P1,41.47,ud_3418004512502203_dgxnckcsj,dwd_各虚拟仓库存数据,包彦,陶林强,332726.0,27693396.0,30,PRIMARY_KEYS,`__id`,,1,4,1,2b0DOi3BgT,0虚拟仓库存数据清洗-dwd_各虚拟仓库存数据【刷新】,2026-07-09 13:00:14,332726.0,6.0,196,2026-07-09 13:00:13,1,11,0,6,0,0,0.0,不规范命名,共享数据,表级行数非零；表级行数 7/30 天波动；主键 `__id` 重复检查；商品编码/名称关键字段空值,被 6 个分析项目使用；有关联产出任务 1 个；任务下游数量 6；SQL 审计命中 196 次；资源关系引用 1 次；存在 owner/任务负责人证据；有分区 1 个
P1,41.31,ud_3418004512502203_mzjzfxsjqx,喵住家装分销数据清洗,包彦,陶林强,141.0,26522.0,21,PRIMARY_KEYS,`__id`,,1,4,1,qw67bHuBYk,天猫_喵住家装分销数据清洗-喵住家装分销数据清洗【刷新】,2026-07-09 14:01:36,141.0,14.0,182,2026-07-09 14:01:34,1,4,0,0,0,0,8.0,不规范命名,共享数据,表级行数非零；表级行数 7/30 天波动；主键 `__id` 重复检查；推广费/投放指标非负与日期完整性,有关联产出任务 1 个；任务下游数量 14；SQL 审计命中 182 次；资源关系引用 1 次；存在 owner/任务负责人证据；有分区 1 个
P1,41.27,ud_5179579576634064_tmdmpsjzb,天猫-达摩盘数据总表,包彦,李梦丽,510115.0,54061842.0,37,PRIMARY_KEYS,`__id`,,1,4,1,zLqS6wH3Yo,天猫-达摩盘数据-天猫-达摩盘数据总表【刷新】,2026-07-09 12:04:09,510115.0,11.0,112,2026-07-09 12:04:07,1,8,0,2,0,0,0.0,不规范命名,共享数据,表级行数非零；表级行数 7/30 天波动；主键 `__id` 重复检查,被 2 个分析项目使用；有关联产出任务 1 个；任务下游数量 11；SQL 审计命中 112 次；资源关系引用 1 次；存在 owner/任务负责人证据；有分区 1 个
P1,41,ods_api_jstqm_sale_order_distinct_info_du,ODS_销售订单优惠信息表(聚水潭奇门API),管理员,管理员,69207042.0,11626630573.0,16,PRIMARY_KEYS,"`dt`, `__id`",`dt`,217,434,1,nqqUt04sQw,ODS_销售订单优惠信息表(聚水潭奇门API)【连接器】,2026-07-09 06:25:00,705845.0,0.0,0,,1,0,0,0,0,0,85.0,ods,共享数据,"表级行数非零；表级行数 7/30 天波动；最新分区 `dt` 非空/及时；主键 `dt`, `__id` 重复检查；金额/费用字段非负与异常极值；推广费/投放指标非负与日期完整性；店铺标识关键字段空值；原始 API 记录落地完整性",有关联产出任务 1 个；资源关系引用 1 次；存在 owner/任务负责人证据；大表行数约 69207042；存储统计超过 10GB；有分区 217 个
P1,41.0,xhsjg_global_ad_creative,小红书聚光-全局报表广告创意分日,包彦,陶林强,49237737.0,7176918516.0,97,PRIMARY_KEYS,`__id`,,1,16,1,d786YokWIk,小红书聚光-全局报表广告创意分日【迁移】,2026-07-09 14:55:54,226239.0,1.0,0,,1,1,0,1,0,0,0.0,不规范命名,共享数据,表级行数非零；表级行数 7/30 天波动；最新日期字段 report_time_type 及时；主键 `__id` 重复检查；金额/费用字段非负与异常极值；退款/售后金额与数量范围；推广费/投放指标非负与日期完整性；商品编码/名称关键字段空值；店铺标识关键字段空值,被 1 个分析项目使用；有关联产出任务 1 个；任务下游数量 1；资源关系引用 1 次；存在 owner/任务负责人证据；大表行数约 49237737；存储统计超过 1GB；有分区 1 个；字段数 97
P1,40.75,ud_5179579576634064_tmsptyfzb,天猫-综合体验分,包彦,李梦丽,565388.0,42592247.0,21,PRIMARY_KEYS,`__id`,,1,4,1,KXamQEtLho,天猫-综合体验分-天猫-商品体验分总表【刷新】,2026-07-09 14:08:47,564328.0,16.0,140,2026-07-09 14:08:44,1,19,0,0,0,0,0.0,不规范命名,共享数据,表级行数非零；表级行数 7/30 天波动；主键 `__id` 重复检查；金额/费用字段非负与异常极值；推广费/投放指标非负与日期完整性；商品编码/名称关键字段空值；店铺标识关键字段空值,有关联产出任务 1 个；任务下游数量 16；SQL 审计命中 140 次；资源关系引用 1 次；存在 owner/任务负责人证据；有分区 1 个
P1,39.98,ud_3418004512502203_n12spddthtkx,1.2std_拼多多退货退款信息表,包彦,陶林强,1435861.0,187201710.0,39,PRIMARY_KEYS,`__id`,,1,4,1,WAoEq25uKD,1.2拼多多退货数据清洗-1.2std_拼多多退货退款信息表【刷新】,2026-07-09 02:29:36,1435861.0,1.0,98,2026-07-09 02:29:35,1,1,0,1,0,0,0.0,不规范命名,共享数据,表级行数非零；表级行数 7/30 天波动；最新日期字段 as_date 及时；主键 `__id` 重复检查；金额/费用字段非负与异常极值；退款/售后金额与数量范围；商品编码/名称关键字段空值；店铺标识关键字段空值,被 1 个分析项目使用；有关联产出任务 1 个；任务下游数量 1；SQL 审计命中 98 次；资源关系引用 1 次；存在 owner/任务负责人证据；百万级表行数约 1435861；有分区 1 个
P1,39.89,ud_3418004512502203_ssxszb,std_四小时总表,包彦,陶林强,159132.0,12887237.0,69,PRIMARY_KEYS,`__id`,,1,4,1,fx4s7HgG5A,1.3天猫四小时_销售、推广、流量数据-std_四小时总表【刷新】,2026-07-09 09:54:35,162665.0,5.0,378,2026-07-09 09:54:33,1,7,0,0,0,0,5.0,不规范命名,共享数据,表级行数非零；表级行数 7/30 天波动；主键 `__id` 重复检查；金额/费用字段非负与异常极值；推广费/投放指标非负与日期完整性；商品编码/名称关键字段空值,有关联产出任务 1 个；任务下游数量 5；SQL 审计命中 378 次；资源关系引用 1 次；存在 owner/任务负责人证据；有分区 1 个；字段数 69
P1,39,bak_ods_api_jstqm_archive_sale_order_info_f,,,,32511821.0,36735051347.0,81,DUP_KEYS,,,1,1,0,,,,0.0,0.0,0,,0,0,0,0,0,0,0.0,bak,共享数据,表级行数非零；表级行数 7/30 天波动；最新日期字段 send_date 及时；候选业务键 so_id 重复检查；金额/费用字段非负与异常极值；推广费/投放指标非负与日期完整性；商品编码/名称关键字段空值；店铺标识关键字段空值；原始 API 记录落地完整性,大表行数约 32511821；存储统计超过 10GB；有分区 1 个；字段数 81；未识别到物理主键配置
P1,39,bak_ods_api_jstqm_archive_sale_outstock_info_f,,,,26980451.0,14540741494.0,64,DUP_KEYS,,,1,1,0,,,,0.0,0.0,0,,0,0,0,0,0,0,0.0,bak,共享数据,表级行数非零；表级行数 7/30 天波动；最新日期字段 modified 及时；候选业务键 so_id 重复检查；金额/费用字段非负与异常极值；推广费/投放指标非负与日期完整性；店铺标识关键字段空值；原始 API 记录落地完整性,大表行数约 26980451；存储统计超过 10GB；有分区 1 个；字段数 64；未识别到物理主键配置
P1,39,ods_api_tb_trades_sold_info_f,ODS_创建时间交易订单信息表(淘宝API),管理员,,9552663.0,16972444923.0,115,PRIMARY_KEYS,`__id`,,1,16,0,,,,0.0,0.0,0,,1,1,0,1,0,0,0.0,ods,共享数据,表级行数非零；表级行数 7/30 天波动；最新日期字段 pay_time 及时；主键 `__id` 重复检查；金额/费用字段非负与异常极值；推广费/投放指标非负与日期完整性；店铺标识关键字段空值；原始 API 记录落地完整性,被 1 个分析项目使用；资源关系引用 1 次；存在 owner/任务负责人证据；百万级表行数约 9552663；存储统计超过 10GB；有分区 1 个；宽表字段数 115
P1,38.98,ud_1_swxtgdptghfx,std_万相台各店铺推广花费详细数据,管理员,陶林强,910203.0,100206281.0,37,PRIMARY_KEYS,`__id`,,1,4,1,hFjym6Bj4c,1.3 std_天猫万相台推广花费-std_万相台各店铺推广花费详细数据【刷新】,2026-07-09 09:23:39,910203.0,7.0,98,2026-07-09 09:23:38,1,6,0,4,0,0,0.0,不规范命名,共享数据,表级行数非零；表级行数 7/30 天波动；最新日期字段 thedate 及时；主键 `__id` 重复检查；推广费/投放指标非负与日期完整性；店铺标识关键字段空值,被 4 个分析项目使用；有关联产出任务 1 个；任务下游数量 7；SQL 审计命中 98 次；资源关系引用 1 次；存在 owner/任务负责人证据；有分区 1 个
P1,38.52,ods_api_jstbz_inout_flow_info_f,ODS_出入库流水信息表(聚水潭标准API),管理员,管理员,7346587.0,2705960838.0,27,PRIMARY_KEYS,`__id`,,1,16,1,bLQBUGqzEQ,ods_api_jstbz_inout_flow_info_f【EtlDevelop任务】,2026-07-09 02:56:18,7346587.0,0.0,7,2026-07-09 02:55:22,1,0,0,0,0,0,0.0,ods,共享数据,表级行数非零；表级行数 7/30 天波动；最新日期字段 io_date 及时；主键 `__id` 重复检查；店铺标识关键字段空值；原始 API 记录落地完整性,有关联产出任务 1 个；SQL 审计命中 7 次；资源关系引用 1 次；存在 owner/任务负责人证据；百万级表行数约 7346587；存储统计超过 1GB；有分区 1 个
P1,38.52,ods_api_jstbz_sale_withdrawal_info_f,ODS_销售退仓信息表(聚水潭标准API),管理员,管理员,2625111.0,1321501232.0,28,PRIMARY_KEYS,`__id`,,1,16,1,9dcnO71yoZ,ods_api_jstbz_sale_withdrawal_info_f【EtlDevelop任务】,2026-07-09 02:09:01,2625111.0,0.0,7,2026-07-09 02:08:37,1,0,0,0,0,0,0.0,ods,共享数据,表级行数非零；表级行数 7/30 天波动；最新日期字段 io_date 及时；主键 `__id` 重复检查；退款/售后金额与数量范围；店铺标识关键字段空值；原始 API 记录落地完整性,有关联产出任务 1 个；SQL 审计命中 7 次；资源关系引用 1 次；存在 owner/任务负责人证据；百万级表行数约 2625111；存储统计超过 1GB；有分区 1 个
P1,38.47,ud_3418004512502203_dzxmxb,dwd_滞销明细表,包彦,陶林强,46475.0,5816624.0,50,PRIMARY_KEYS,`__id`,,1,4,1,v7wrv2FPu5,1.dwd_滞销数据清洗-dwd_滞销明细表【刷新】,2026-07-09 13:03:16,46475.0,3.0,196,2026-07-09 13:03:15,1,18,0,2,0,0,0.0,不规范命名,共享数据,表级行数非零；表级行数 7/30 天波动；主键 `__id` 重复检查；金额/费用字段非负与异常极值；商品编码/名称关键字段空值,被 2 个分析项目使用；有关联产出任务 1 个；任务下游数量 3；SQL 审计命中 196 次；资源关系引用 1 次；存在 owner/任务负责人证据；有分区 1 个；字段数 50
P1,38.14,ud_3418004512502203_n21qnhtshlzh,2.1千牛后台售后率综合表,包彦,陶林强,214033.0,11219569.0,24,PRIMARY_KEYS,`__id`,,1,4,1,ntKYzfsfBW,2.2千牛后台售后率数据清洗-2.1千牛后台售后率综合表【刷新】,2026-07-09 12:04:12,213362.0,9.0,168,2026-07-09 12:04:10,1,12,0,0,0,0,-1.0,不规范命名,共享数据,表级行数非零；表级行数 7/30 天波动；主键 `__id` 重复检查；退款/售后金额与数量范围；商品编码/名称关键字段空值,有关联产出任务 1 个；任务下游数量 9；SQL 审计命中 168 次；资源关系引用 1 次；存在 owner/任务负责人证据；有分区 1 个
P1,38.0,ods_api_xhsjg_report_offline_note_info_du_xhsjg,ODS_笔记层级离线报表数据信息表(小红书聚光API),包彦,陶林强,65799.0,69660885.0,163,PRIMARY_KEYS,"`dt`, `__id`",`dt`,519,1038,1,PpQ5xNzOcM,ODS_笔记层级离线报表数据信息表(小红书聚光API)【连接器】,2026-07-09 10:01:09,4.0,2.0,0,,1,9,0,9,0,0,0.0,ods,共享数据,"表级行数非零；表级行数 7/30 天波动；最新分区 `dt` 非空/及时；主键 `dt`, `__id` 重复检查；金额/费用字段非负与异常极值；退款/售后金额与数量范围；推广费/投放指标非负与日期完整性；店铺标识关键字段空值；原始 API 记录落地完整性",被 9 个分析项目使用；有关联产出任务 1 个；任务下游数量 2；资源关系引用 1 次；存在 owner/任务负责人证据；分区数 519；宽表字段数 163
P1,38.0,ods_api_zfb_download_bill_info_du,ODS_下载账单信息表(支付宝API),蒋秀坤,蒋秀坤,13585149.0,4148672110.0,23,PRIMARY_KEYS,"`dt`, `__id`",`dt`,131,131,1,5lA1mDBePw,ODS_下载账单信息表(支付宝API)【连接器】,2026-07-09 10:01:15,145573.0,1.0,0,,1,2,0,2,1,0,0.0,ods,共享数据,"表级行数非零；表级行数 7/30 天波动；最新分区 `dt` 非空/及时；主键 `dt`, `__id` 重复检查；金额/费用字段非负与异常极值；推广费/投放指标非负与日期完整性；商品编码/名称关键字段空值；店铺标识关键字段空值；原始 API 记录落地完整性",被 2 个分析项目使用；有关联产出任务 1 个；任务下游数量 1；资源关系引用 1 次；存在 owner/任务负责人证据；大表行数约 13585149；存储统计超过 1GB；有分区 131 个
P1,38,ods_cwtianmaoyoumeiqijiandian,ods_财务天猫佑美旗舰店销售订单数据,包彦,陶林强,10251758.0,1252452594.0,24,PRIMARY_KEYS,`__id`,,1,16,1,9VqOqwaBqx,ods_财务天猫佑美旗舰店销售订单数据【迁移】,,0.0,0.0,0,,1,3,0,3,0,0,84.0,ods,共享数据,表级行数非零；表级行数 7/30 天波动；主键 `__id` 重复检查；金额/费用字段非负与异常极值；退款/售后金额与数量范围；店铺标识关键字段空值,被 3 个分析项目使用；有关联产出任务 1 个；资源关系引用 1 次；存在 owner/任务负责人证据；大表行数约 10251758；存储统计超过 1GB；有分区 1 个
P1,37.98,ud_3418004512502203_n2stmshsjqx,2.std天猫售后数据清洗,包彦,陶林强,4625308.0,374337266.0,11,PRIMARY_KEYS,`__id`,,1,4,1,qXHd07pOVl,2.STD天猫售后数据-2.std天猫售后数据清洗【刷新】,2026-07-09 01:29:30,4625308.0,0.0,98,2026-07-09 01:29:29,1,0,0,0,0,0,85.0,不规范命名,共享数据,表级行数非零；表级行数 7/30 天波动；主键 `__id` 重复检查；金额/费用字段非负与异常极值；退款/售后金额与数量范围；商品编码/名称关键字段空值,有关联产出任务 1 个；SQL 审计命中 98 次；资源关系引用 1 次；存在 owner/任务负责人证据；百万级表行数约 4625308；有分区 1 个
P1,37.8,ud_3418004512502203_n12xhspgysj,1.2小红书蒲公英数据,包彦,陶林强,888326.0,406338012.0,181,PRIMARY_KEYS,"`数据更新日期`, `__id`",`数据更新日期`,374,374,1,a1MlVHCjF4,1.2小红书蒲公英数据清洗-1.2小红书蒲公英数据【刷新】,2026-07-08 15:02:52,883921.0,1.0,90,2026-07-08 15:02:51,1,1,0,1,0,0,0.0,不规范命名,共享数据,"表级行数非零；表级行数 7/30 天波动；最新分区 `数据更新日期` 非空/及时；主键 `数据更新日期`, `__id` 重复检查",被 1 个分析项目使用；有关联产出任务 1 个；任务下游数量 1；SQL 审计命中 90 次；资源关系引用 1 次；存在 owner/任务负责人证据；有分区 374 个；宽表字段数 181
P1,37.62,ud_3418004512502203_n3tmspqkxgsj,3.天猫商品情况相关数据,包彦,陶林强,578601.0,72137133.0,42,PRIMARY_KEYS,`__id`,,1,4,1,XIekK5v7nD,1.4 std_首单礼金、淘宝客佣金、品退率、差评率、商品体验分、达摩盘数据-3.天猫商品情况相关数据【刷新】,2026-07-09 12:03:45,577514.0,5.0,210,2026-07-09 12:03:45,1,4,0,3,0,0,-1.0,不规范命名,共享数据,表级行数非零；表级行数 7/30 天波动；主键 `__id` 重复检查；金额/费用字段非负与异常极值；商品编码/名称关键字段空值,被 3 个分析项目使用；有关联产出任务 1 个；任务下游数量 5；SQL 审计命中 210 次；资源关系引用 1 次；存在 owner/任务负责人证据；有分区 1 个
P1,37.52,std_api_jstbz_product_history_cost_info_f,STD_商品历史成本表(聚水潭标准API),管理员,管理员,162408.0,7246102.0,9,PRIMARY_KEYS,`__id`,,1,4,1,bT8csKdyGj,std_api_jstbz_product_history_cost_info_f【EtlDevelop任务】,2026-07-09 02:07:16,182885.0,5.0,7,2026-07-09 02:07:09,1,10,0,10,0,0,0.0,std,共享数据,表级行数非零；表级行数 7/30 天波动；最新日期字段 begin_date 及时；主键 `__id` 重复检查；金额/费用字段非负与异常极值；商品编码/名称关键字段空值；原始 API 记录落地完整性,被 10 个分析项目使用；有关联产出任务 1 个；任务下游数量 5；SQL 审计命中 7 次；资源关系引用 1 次；存在 owner/任务负责人证据；有分区 1 个
P1,37.31,ods_api_jingdong_order_info_f,ODS_销售订单信息表(京东API),管理员,管理员,433015.0,400618949.0,52,PRIMARY_KEYS,`__id`,,1,2,2,gkc54PjTtP,ods_api_jingdong_order_info_f【EtlDevelop任务】,2026-07-09 12:02:35,433015.0,2.0,28,2026-07-09 12:02:35,1,4,0,4,1,0,0.0,ods,共享数据,表级行数非零；表级行数 7/30 天波动；最新日期字段 orderStartTime 及时；主键 `__id` 重复检查；金额/费用字段非负与异常极值；店铺标识关键字段空值；原始 API 记录落地完整性,被 4 个分析项目使用；有关联产出任务 2 个；任务下游数量 2；SQL 审计命中 28 次；资源关系引用 1 次；存在 owner/任务负责人证据；有分区 1 个；字段数 52
P1,37,_persist_COLLECTION_WsaMDlzNGI_WORKING,,,,24345815.0,7635227726.0,101,DUP_KEYS,,,4,16,0,,,,0.0,0.0,0,,0,0,0,0,0,0,0.0,草稿态物化表,共享数据,表级行数非零；表级行数 7/30 天波动；最新日期字段 first_starts_time 及时；退款/售后金额与数量范围；商品编码/名称关键字段空值；物化表与来源 collection 完整性,大表行数约 24345815；存储统计超过 1GB；有分区 4 个；宽表字段数 101；未识别到物理主键配置
P1,37.0,ods_api_jstbz_sale_outstock_info_du,ODS_销售出库信息表(聚水潭标准API),管理员,管理员,7820787.0,4133858212.0,62,PRIMARY_KEYS,"`dt`, `__id`",`dt`,219,438,2,hHKE9FEA6B,ODS_销售出库信息表(聚水潭标准API)【连接器】,2026-07-09 03:05:23,68546.0,1.0,0,,1,0,0,0,0,0,0.0,ods,共享数据,"表级行数非零；表级行数 7/30 天波动；最新分区 `dt` 非空/及时；主键 `dt`, `__id` 重复检查；金额/费用字段非负与异常极值；推广费/投放指标非负与日期完整性；店铺标识关键字段空值；原始 API 记录落地完整性",有关联产出任务 2 个；任务下游数量 1；资源关系引用 1 次；存在 owner/任务负责人证据；百万级表行数约 7820787；存储统计超过 1GB；有分区 219 个；字段数 62
P1,37.0,ods_api_jstqm_sale_outstock_info_du,ODS_销售出库信息表(聚水潭奇门API),管理员,管理员,5810482.0,3586422315.0,64,PRIMARY_KEYS,"`dt`, `__id`",`dt`,219,438,2,cW6DoI0msR,ODS_销售出库信息表(聚水潭奇门API)【连接器】,2026-07-09 01:44:24,55119.0,1.0,0,,1,0,0,0,0,0,0.0,ods,共享数据,"表级行数非零；表级行数 7/30 天波动；最新分区 `dt` 非空/及时；主键 `dt`, `__id` 重复检查；金额/费用字段非负与异常极值；推广费/投放指标非负与日期完整性；店铺标识关键字段空值；原始 API 记录落地完整性",有关联产出任务 2 个；任务下游数量 1；资源关系引用 1 次；存在 owner/任务负责人证据；百万级表行数约 5810482；存储统计超过 1GB；有分区 219 个；字段数 64
P1,37,ods_tianmaoyoumeiqijiandianzhifubaoshuju,ods_天猫佑美旗舰店支付宝,包彦,陶林强,35306790.0,8153757888.0,23,PRIMARY_KEYS,`__id`,,1,16,1,VAAtQnjpqn,ods_天猫佑美旗舰店支付宝【迁移】,,0.0,0.0,0,,1,2,0,2,0,0,84.0,ods,共享数据,表级行数非零；表级行数 7/30 天波动；主键 `__id` 重复检查；金额/费用字段非负与异常极值；退款/售后金额与数量范围；商品编码/名称关键字段空值,被 2 个分析项目使用；有关联产出任务 1 个；资源关系引用 1 次；存在 owner/任务负责人证据；大表行数约 35306790；存储统计超过 1GB；有分区 1 个
P1,36.98,ud_5179579576634064_xypmzb,行业排名总表,包彦,李梦丽,94193.0,3746060.0,23,PRIMARY_KEYS,`__id`,,1,4,1,QEwtYl8qhe,天猫-行业排名趋势-行业排名总表【刷新】,2026-07-09 11:16:04,94193.0,9.0,98,2026-07-09 11:16:01,1,12,0,0,0,0,0.0,不规范命名,共享数据,表级行数非零；表级行数 7/30 天波动；主键 `__id` 重复检查,有关联产出任务 1 个；任务下游数量 9；SQL 审计命中 98 次；资源关系引用 1 次；存在 owner/任务负责人证据；有分区 1 个
P1,36.94,std_data_government_meta_task_instance,数据治理元数据_任务实例,管理员,管理员,221866.0,17303229.0,17,PRIMARY_KEYS,`__id`,,1,16,1,dVQfVWrjdu,魔方数据治理（勿动）_数据治理元数据_任务实例【EtlDevelop任务】,2026-07-09 14:02:06,287903.0,8.0,153,2026-07-09 14:02:05,1,6,0,0,0,0,-1.0,std,共享数据,表级行数非零；表级行数 7/30 天波动；最新日期字段 start_time 及时；主键 `__id` 重复检查,有关联产出任务 1 个；任务下游数量 8；SQL 审计命中 153 次；资源关系引用 1 次；存在 owner/任务负责人证据；有分区 1 个
P1,36.88,ods_api_jstbz_purchase_instock_info_f,ODS_采购入库信息表(聚水潭标准API),管理员,管理员,71636.0,44727341.0,28,PRIMARY_KEYS,`__id`,,1,16,1,HnQ3hCcILS,ods_api_jstbz_purchase_instock_info_f【EtlDevelop任务】,2026-07-09 13:00:13,71636.0,3.0,14,2026-07-09 13:00:11,1,11,0,11,0,0,0.0,ods,共享数据,表级行数非零；表级行数 7/30 天波动；最新日期字段 modified 及时；主键 `__id` 重复检查；店铺标识关键字段空值；原始 API 记录落地完整性,被 11 个分析项目使用；有关联产出任务 1 个；任务下游数量 3；SQL 审计命中 14 次；资源关系引用 1 次；存在 owner/任务负责人证据；有分区 1 个
P1,36.75,ud_3418004512502203_tmrb,天猫日报,包彦,陶林强,537071.0,86043346.0,59,PRIMARY_KEYS,`__id`,,1,4,1,1Mcp3w0EvN,商品类型划分-天猫日报【刷新】,2026-07-09 14:08:02,537071.0,4.0,140,2026-07-09 14:08:01,1,0,0,0,0,0,0.0,不规范命名,共享数据,表级行数非零；表级行数 7/30 天波动；主键 `__id` 重复检查,有关联产出任务 1 个；任务下游数量 4；SQL 审计命中 140 次；资源关系引用 1 次；存在 owner/任务负责人证据；有分区 1 个；字段数 59
P1,36.52,ud_3418004512502203_n21jdzhsj,2.1京东综合数据,包彦,陶林强,112053.0,15777389.0,54,PRIMARY_KEYS,`__id`,,1,4,1,zPaaQodNmF,2.1京东销售和售后数据关联-2.1京东综合数据【刷新】,2026-07-09 13:40:53,112053.0,3.0,126,2026-07-09 13:40:53,1,1,0,1,0,0,0.0,不规范命名,共享数据,表级行数非零；表级行数 7/30 天波动；最新日期字段 orderstarttime 及时；主键 `__id` 重复检查；金额/费用字段非负与异常极值；商品编码/名称关键字段空值,被 1 个分析项目使用；有关联产出任务 1 个；任务下游数量 3；SQL 审计命中 126 次；资源关系引用 1 次；存在 owner/任务负责人证据；有分区 1 个；字段数 54
P1,36,huizongbiao,天猫综合表,包彦,陶林强,9832.0,414557.0,10,PRIMARY_KEYS,`__id`,,1,4,1,dd65mm262W,汇总表【迁移】,2026-07-09 00:30:18,9832.0,20.0,0,,1,17,0,17,0,0,9.0,不规范命名,共享数据,表级行数非零；表级行数 7/30 天波动；主键 `__id` 重复检查；推广费/投放指标非负与日期完整性；商品编码/名称关键字段空值；店铺标识关键字段空值,被 17 个分析项目使用；有关联产出任务 1 个；任务下游数量 20；资源关系引用 1 次；存在 owner/任务负责人证据；有分区 1 个
P1,36.0,ods_api_jstbz_logistic_order_info_du,ODS_物流发货信息表(聚水潭标准API),管理员,管理员,21247204.0,7284317236.0,22,PRIMARY_KEYS,"`dt`, `__id`",`dt`,217,434,1,EIKoB7I3KD,ODS_物流发货信息表(聚水潭标准API)【连接器】,2026-07-09 04:05:44,158234.0,1.0,0,,1,0,0,0,0,0,0.0,ods,共享数据,"表级行数非零；表级行数 7/30 天波动；最新分区 `dt` 非空/及时；主键 `dt`, `__id` 重复检查；金额/费用字段非负与异常极值；退款/售后金额与数量范围；店铺标识关键字段空值；原始 API 记录落地完整性",有关联产出任务 1 个；任务下游数量 1；资源关系引用 1 次；存在 owner/任务负责人证据；大表行数约 21247204；存储统计超过 1GB；有分区 217 个
P1,36.0,ods_api_tb_wxtwjb_area_report_info_du,ODS_地域报告信息表(淘宝万相台无界API),包彦,陶林强,63603061.0,7562208752.0,6,PRIMARY_KEYS,"`dt`, `__id`",`dt`,395,790,1,jGKqwB1gOA,ODS_地域报告信息表(淘宝万相台无界API)【连接器】,2026-07-09 09:21:35,168919.0,1.0,0,,1,0,0,0,0,0,0.0,ods,共享数据,"表级行数非零；表级行数 7/30 天波动；最新分区 `dt` 非空/及时；主键 `dt`, `__id` 重复检查；店铺标识关键字段空值；原始 API 记录落地完整性",有关联产出任务 1 个；任务下游数量 1；资源关系引用 1 次；存在 owner/任务负责人证据；大表行数约 63603061；存储统计超过 1GB；有分区 395 个
P1,36.0,ODS_YOUMEIPDDxiaoshoudingdanbiao,ODS_佑美拼多多销售订单数据,包彦,陶林强,6755562.0,1446770430.0,36,PRIMARY_KEYS,`__id`,,1,4,1,l0Koxecy0d,ODS_佑美拼多多销售订单数据【迁移】,2026-07-09 13:24:59,35930803.0,3.0,0,,1,3,0,3,0,0,0.0,不规范命名,共享数据,表级行数非零；表级行数 7/30 天波动；主键 `__id` 重复检查；金额/费用字段非负与异常极值；商品编码/名称关键字段空值；店铺标识关键字段空值,被 3 个分析项目使用；有关联产出任务 1 个；任务下游数量 3；资源关系引用 1 次；存在 owner/任务负责人证据；百万级表行数约 6755562；存储统计超过 1GB；有分区 1 个
P1,36,peijian,配件,包彦,陶林强,1859.0,86538.0,4,PRIMARY_KEYS,`__id`,,1,16,1,ujwVIuOaqn,配件【迁移】,,0.0,29.0,0,,1,11,0,11,0,0,0.0,不规范命名,共享数据,表级行数非零；表级行数 7/30 天波动；主键 `__id` 重复检查；商品编码/名称关键字段空值,被 11 个分析项目使用；有关联产出任务 1 个；任务下游数量 29；资源关系引用 1 次；存在 owner/任务负责人证据；有分区 1 个
P1,36,UD_5179579576634064_MH19B_tmzhbxhzb,天猫综合表.xlsx-汇总表,李梦丽,李梦丽,3294.0,317849.0,13,PRIMARY_KEYS,`__id`,,1,16,1,THMXOEGi5s,天猫综合表.xlsx【钉盘接入】,2026-07-09 11:00:37,0.0,22.0,0,,1,20,0,20,0,0,-1.0,不规范命名,共享数据,表级行数非零；表级行数 7/30 天波动；主键 `__id` 重复检查,被 20 个分析项目使用；有关联产出任务 1 个；任务下游数量 22；资源关系引用 1 次；存在 owner/任务负责人证据；有分区 1 个
P1,35.98,ud_3418004512502203_sdyshsjqx,STD_抖音_售后单明细（抖店API）,包彦,陶林强,225274.0,27994666.0,29,PRIMARY_KEYS,`__id`,,1,4,1,HdaYLSZ0jU,1.2 STD_抖音售后数据清洗-STD_抖音售后数据清洗【刷新】,2026-07-09 02:26:07,225274.0,5.0,98,2026-07-09 02:26:06,1,3,0,3,0,0,0.0,不规范命名,共享数据,表级行数非零；表级行数 7/30 天波动；最新日期字段 apply_time 及时；主键 `__id` 重复检查；金额/费用字段非负与异常极值；退款/售后金额与数量范围；推广费/投放指标非负与日期完整性；商品编码/名称关键字段空值；店铺标识关键字段空值,被 3 个分析项目使用；有关联产出任务 1 个；任务下游数量 5；SQL 审计命中 98 次；资源关系引用 1 次；存在 owner/任务负责人证据；有分区 1 个
P1,35.98,ud_3418004512502203_sjdzyhjzxsdd,std_京东自营和京造销售订单信息表,包彦,陶林强,8250.0,1746746.0,57,PRIMARY_KEYS,`__id`,,1,4,1,KFp53HHPrt,1.1京东自营和京造厂直聚水潭销售数据-std_京东自营和京造销售订单信息表【刷新】,2026-07-09 03:51:58,8250.0,2.0,98,2026-07-09 03:51:57,1,2,0,2,0,0,0.0,不规范命名,共享数据,表级行数非零；表级行数 7/30 天波动；最新日期字段 pay_date 及时；主键 `__id` 重复检查；金额/费用字段非负与异常极值；商品编码/名称关键字段空值；店铺标识关键字段空值,被 2 个分析项目使用；有关联产出任务 1 个；任务下游数量 2；SQL 审计命中 98 次；资源关系引用 1 次；存在 owner/任务负责人证据；有分区 1 个；字段数 57
P1,35.52,ods_api_tb_wxtwjb_item_promotion_report_info_f,ODS_宝贝主体报告信息表(淘宝万相台无界API),管理员,管理员,349871.0,250889248.0,28,PRIMARY_KEYS,"`dt`, `__id`",`dt`,515,1030,1,DcuA6fkszp,ODS(淘宝万相台无界API原始层)_ods_api_tb_wxtwjb_item_promotion_report_info_f【EtlDevelop任务】,2026-07-09 09:18:21,349871.0,1.0,7,2026-07-09 09:17:58,1,7,0,7,0,0,0.0,ods,共享数据,"表级行数非零；表级行数 7/30 天波动；最新分区 `dt` 非空/及时；主键 `dt`, `__id` 重复检查；推广费/投放指标非负与日期完整性；店铺标识关键字段空值；原始 API 记录落地完整性",被 7 个分析项目使用；有关联产出任务 1 个；任务下游数量 1；SQL 审计命中 7 次；资源关系引用 1 次；存在 owner/任务负责人证据；分区数 515
P1,35.31,ud_3418004512502203_pdddjyfjs,拼多多大件运费计算,包彦,陶林强,49721.0,15112706.0,77,PRIMARY_KEYS,`__id`,,1,4,1,ghuQO3FNsQ,2.1拼多多数据清洗（人工扣点、退货、助攻、运费、采购、基础扣点）-拼多多大件运费计算【刷新】,2026-07-09 13:33:14,49721.0,1.0,182,2026-07-09 13:33:13,1,1,0,1,0,0,0.0,不规范命名,共享数据,表级行数非零；表级行数 7/30 天波动；最新日期字段 pay_date 及时；主键 `__id` 重复检查；金额/费用字段非负与异常极值；商品编码/名称关键字段空值；店铺标识关键字段空值,被 1 个分析项目使用；有关联产出任务 1 个；任务下游数量 1；SQL 审计命中 182 次；资源关系引用 1 次；存在 owner/任务负责人证据；有分区 1 个；字段数 77
P1,35.0,tianmaosixiaoshouxiaoshoushuju,天猫四小时_销售数据,包彦,陶林强,2545063.0,282794219.0,135,PRIMARY_KEYS,`__id`,,1,4,1,hw6NL2SdrE,天猫四小时_销售数据【迁移】,2026-07-09 14:59:58,3072461.0,1.0,0,,1,2,0,2,0,0,0.0,不规范命名,共享数据,表级行数非零；表级行数 7/30 天波动；主键 `__id` 重复检查；金额/费用字段非负与异常极值；商品编码/名称关键字段空值；店铺标识关键字段空值,被 2 个分析项目使用；有关联产出任务 1 个；任务下游数量 1；资源关系引用 1 次；存在 owner/任务负责人证据；百万级表行数约 2545063；有分区 1 个；宽表字段数 135
P2,34.95,ud_3418004512502203_dwxttghfxqb,dwd_万相台推广花费详情表,包彦,陶林强,388811.0,33765029.0,36,PRIMARY_KEYS,`__id`,,1,4,1,1jgvMoYUYH,1.31dwd_万相台各店铺推广花费详细数据-dwd_万相台推广花费详情表【刷新】,2026-07-09 13:48:56,388811.0,2.0,154,2026-07-09 13:48:55,1,4,0,4,0,0,0.0,不规范命名,共享数据,表级行数非零；表级行数 7/30 天波动；最新日期字段 spcjsjwdtgbc 及时；主键 `__id` 重复检查；推广费/投放指标非负与日期完整性,被 4 个分析项目使用；有关联产出任务 1 个；任务下游数量 2；SQL 审计命中 154 次；资源关系引用 1 次；存在 owner/任务负责人证据；有分区 1 个
P2,34.94,std_data_government_meta_data_resource,数据治理元数据_数据资源表,管理员,管理员,8790.0,1131248.0,13,PRIMARY_KEYS,`__id`,,1,32,1,KBqG8FNPCj,魔方数据治理（勿动）_数据治理元数据_数据资源【EtlDevelop任务】,2026-07-09 14:01:54,8792.0,6.0,153,2026-07-09 14:01:53,1,2,0,0,0,0,-1.0,std,共享数据,表级行数非零；表级行数 7/30 天波动；最新日期字段 object_create_time 及时；主键 `__id` 重复检查,有关联产出任务 1 个；任务下游数量 6；SQL 审计命中 153 次；资源关系引用 1 次；存在 owner/任务负责人证据；有分区 1 个
P2,34.76,ud_3418004512502203_ddyjszdfy,DWD_抖音结算账单费用,包彦,陶林强,478162.0,44036133.0,14,PRIMARY_KEYS,`__id`,,1,4,1,AaQLxF82O1,1.3 STD_抖音账单流水数据清晰-dwd_抖音结算账单费用【刷新】,2026-07-09 10:03:55,478162.0,4.0,224,2026-07-09 10:03:54,1,1,0,1,0,0,0.0,不规范命名,共享数据,表级行数非零；表级行数 7/30 天波动；最新日期字段 order_time 及时；主键 `__id` 重复检查；金额/费用字段非负与异常极值；推广费/投放指标非负与日期完整性；店铺标识关键字段空值,被 1 个分析项目使用；有关联产出任务 1 个；任务下游数量 4；SQL 审计命中 224 次；资源关系引用 1 次；存在 owner/任务负责人证据；有分区 1 个
P2,34.31,ud_5179579576634064_tmdmpgjczb,天猫-达摩盘-关键词总表,包彦,李梦丽,20822.0,726749.0,6,PRIMARY_KEYS,`__id`,,1,4,1,vlqqkZRr0w,市场数据趋势-天猫-达摩盘-关键词总表【刷新】,2026-07-09 09:04:07,20822.0,4.0,182,2026-07-09 09:04:06,1,3,0,1,0,0,0.0,不规范命名,共享数据,表级行数非零；表级行数 7/30 天波动；主键 `__id` 重复检查,被 1 个分析项目使用；有关联产出任务 1 个；任务下游数量 4；SQL 审计命中 182 次；资源关系引用 1 次；存在 owner/任务负责人证据；有分区 1 个
P2,34.27,ud_3418004512502203_tmdjyfsjqxb,天猫大件运费数据清洗表,包彦,陶林强,413623.0,68820075.0,73,PRIMARY_KEYS,`__id`,,1,4,1,L6gpGlB7lA,2.dwd_淘宝数据清洗-天猫大件运费数据清洗表【刷新】,2026-07-09 07:08:17,413623.0,1.0,112,2026-07-09 07:08:17,1,1,0,1,0,0,0.0,不规范命名,共享数据,表级行数非零；表级行数 7/30 天波动；最新日期字段 first_starts_time_col_field 及时；主键 `__id` 重复检查；金额/费用字段非负与异常极值；商品编码/名称关键字段空值,被 1 个分析项目使用；有关联产出任务 1 个；任务下游数量 1；SQL 审计命中 112 次；资源关系引用 1 次；存在 owner/任务负责人证据；有分区 1 个；字段数 73
P2,34.0,xiaohongshu_pugongyingshuju,小红书_蒲公英数据,包彦,陶林强,1262976.0,318936757.0,149,PRIMARY_KEYS,`__id`,,1,16,1,1qwzpZsvuP,小红书_蒲公英数据【迁移】,,0.0,1.0,0,,1,1,0,1,0,0,14.0,不规范命名,共享数据,表级行数非零；表级行数 7/30 天波动；主键 `__id` 重复检查；金额/费用字段非负与异常极值；推广费/投放指标非负与日期完整性,被 1 个分析项目使用；有关联产出任务 1 个；任务下游数量 1；资源关系引用 1 次；存在 owner/任务负责人证据；百万级表行数约 1262976；有分区 1 个；宽表字段数 149
P2,33.98,ud_3418004512502203_jdymqjddjyfq,京东佑美旗舰店大件运费清洗,包彦,陶林强,68643.0,8493671.0,50,PRIMARY_KEYS,`__id`,,1,4,1,eM4kzPuhmy,2.1京东销售和售后数据关联-京东佑美旗舰店大件运费清洗【刷新】,2026-07-09 08:24:18,68643.0,1.0,98,2026-07-09 08:24:17,1,1,0,1,0,0,0.0,不规范命名,共享数据,表级行数非零；表级行数 7/30 天波动；最新日期字段 orderstarttime 及时；主键 `__id` 重复检查；金额/费用字段非负与异常极值；商品编码/名称关键字段空值,被 1 个分析项目使用；有关联产出任务 1 个；任务下游数量 1；SQL 审计命中 98 次；资源关系引用 1 次；存在 owner/任务负责人证据；有分区 1 个；字段数 50
P2,33.98,ud_3418004512502203_sjstdyxsddxx,STD_抖音_ERP销售订单明细表,包彦,陶林强,898215.0,233325854.0,57,PRIMARY_KEYS,`__id`,,1,4,1,251Uny8XjY,1.11STD聚水潭抖音—销售数据清洗-std_聚水潭抖音销售订单信息表【刷新】,2026-07-09 04:01:14,898215.0,1.0,98,2026-07-09 04:01:13,1,1,0,1,0,0,0.0,不规范命名,共享数据,表级行数非零；表级行数 7/30 天波动；最新日期字段 pay_date 及时；主键 `__id` 重复检查；金额/费用字段非负与异常极值；商品编码/名称关键字段空值；店铺标识关键字段空值,被 1 个分析项目使用；有关联产出任务 1 个；任务下游数量 1；SQL 审计命中 98 次；资源关系引用 1 次；存在 owner/任务负责人证据；有分区 1 个；字段数 57
P2,33.73,ud_3418004512502203_dtmsxsllsj,dwd_天猫四小时流量数据,包彦,陶林强,82362.0,5486532.0,30,PRIMARY_KEYS,`__id`,,1,4,1,Ma6vAuF7Us,1.1天猫_四小时销售、售后数据-dwd_天猫四小时流量数据【刷新】,2026-07-09 09:54:23,88445.0,2.0,350,2026-07-09 09:54:22,1,3,0,1,0,0,0.0,不规范命名,共享数据,表级行数非零；表级行数 7/30 天波动；主键 `__id` 重复检查；商品编码/名称关键字段空值,被 1 个分析项目使用；有关联产出任务 1 个；任务下游数量 2；SQL 审计命中 350 次；资源关系引用 1 次；存在 owner/任务负责人证据；有分区 1 个
P2,33.52,ud_3418004512502203_dljlx,dwd_链接类型,包彦,陶林强,3083.0,142617.0,4,PRIMARY_KEYS,`__id`,,1,4,1,OzwTTw6Ojz,商品类型划分-dwd_链接类型【刷新】,2026-07-09 13:48:48,3083.0,2.0,126,2026-07-09 13:48:47,1,3,0,3,0,0,0.0,不规范命名,共享数据,表级行数非零；表级行数 7/30 天波动；主键 `__id` 重复检查,被 3 个分析项目使用；有关联产出任务 1 个；任务下游数量 2；SQL 审计命中 126 次；资源关系引用 1 次；存在 owner/任务负责人证据；有分区 1 个
P2,33.52,ods_api_jstbz_warehouse_info_f,ODS_仓库信息表(聚水潭标准API),管理员,管理员,20.0,26868.0,11,PRIMARY_KEYS,`__id`,,1,16,1,CX4o1IHtm8,ods_api_jstbz_warehouse_info_f【EtlDevelop任务】,2026-07-09 01:00:17,20.0,5.0,7,2026-07-09 01:00:16,1,6,0,6,0,0,0.0,ods,共享数据,表级行数非零；表级行数 7/30 天波动；最新日期字段 dt 及时；主键 `__id` 重复检查；店铺标识关键字段空值；原始 API 记录落地完整性,被 6 个分析项目使用；有关联产出任务 1 个；任务下游数量 5；SQL 审计命中 7 次；资源关系引用 1 次；存在 owner/任务负责人证据；有分区 1 个
P2,33.47,ud_3418004512502203_dgspbmtghfxq,dwd_各商品编码推广花费详情表,包彦,陶林强,910203.0,104660961.0,40,PRIMARY_KEYS,`__id`,,1,4,1,j5w9vvXQK4,2.1 dwd_各商品编码推广花费详情表-dwd_各商品编码推广花费详情表【刷新】,2026-07-09 11:01:40,910203.0,2.0,196,2026-07-09 11:01:39,1,13,0,2,0,0,0.0,不规范命名,共享数据,表级行数非零；表级行数 7/30 天波动；最新日期字段 thedate 及时；主键 `__id` 重复检查；推广费/投放指标非负与日期完整性；商品编码/名称关键字段空值；店铺标识关键字段空值,被 2 个分析项目使用；有关联产出任务 1 个；任务下游数量 2；SQL 审计命中 196 次；资源关系引用 1 次；存在 owner/任务负责人证据；有分区 1 个
P2,33.47,ud_3418004512502203_dhpbhjhb,dwd_货品备货计划表,包彦,陶林强,31699.0,2996792.0,28,PRIMARY_KEYS,`__id`,,1,4,1,XBQ9XTKNyE,2.缺货数据清洗-dwd_货品备货计划表【刷新】,2026-07-09 13:03:19,31699.0,4.0,196,2026-07-09 13:03:18,1,7,0,0,0,0,0.0,不规范命名,共享数据,表级行数非零；表级行数 7/30 天波动；主键 `__id` 重复检查；商品编码/名称关键字段空值,有关联产出任务 1 个；任务下游数量 4；SQL 审计命中 196 次；资源关系引用 1 次；存在 owner/任务负责人证据；有分区 1 个
P2,33.21,ods_api_dd_sale_order_list_info_f,ODS_销售订单列表信息表(抖店API),管理员,管理员,529123.0,5220384190.0,93,PRIMARY_KEYS,`__id`,,1,16,1,Ctch3vEXri,ODS(抖店)_c【EtlDevelop任务】,2026-07-09 05:06:00,529123.0,0.0,10,2026-07-09 05:00:02,1,0,0,0,0,0,0.0,ods,共享数据,表级行数非零；表级行数 7/30 天波动；最新日期字段 pay_time 及时；主键 `__id` 重复检查；金额/费用字段非负与异常极值；推广费/投放指标非负与日期完整性；商品编码/名称关键字段空值；店铺标识关键字段空值；原始 API 记录落地完整性,有关联产出任务 1 个；SQL 审计命中 10 次；资源关系引用 1 次；存在 owner/任务负责人证据；存储统计超过 1GB；有分区 1 个；字段数 93
P2,33,bak_ods_api_jstbz_sale_outstock_info_f,,,,10808329.0,6886928912.0,59,DUP_KEYS,,,1,1,0,,,,0.0,0.0,0,,0,0,0,0,0,0,0.0,bak,共享数据,表级行数非零；表级行数 7/30 天波动；最新日期字段 modified 及时；候选业务键 so_id 重复检查；金额/费用字段非负与异常极值；推广费/投放指标非负与日期完整性；店铺标识关键字段空值；原始 API 记录落地完整性,大表行数约 10808329；存储统计超过 1GB；有分区 1 个；字段数 59；未识别到物理主键配置
P2,33.0,caiwuzhifubaozhangdanshuju,财务_支付宝账单,包彦,陶林强,3936388.0,689707948.0,24,PRIMARY_KEYS,`__id`,,1,4,1,UBQfNzq9zs,财务_支付宝账单【迁移】,2026-07-06 15:09:41,3936388.0,6.0,0,,1,3,0,3,0,0,0.0,不规范命名,共享数据,表级行数非零；表级行数 7/30 天波动；主键 `__id` 重复检查；金额/费用字段非负与异常极值；退款/售后金额与数量范围；商品编码/名称关键字段空值,被 3 个分析项目使用；有关联产出任务 1 个；任务下游数量 6；资源关系引用 1 次；存在 owner/任务负责人证据；百万级表行数约 3936388；有分区 1 个
P2,32.98,ud_3418004512502203_n11djdzyhjzx,STD_京东自营和京造销售流量明细,包彦,陶林强,65318.0,4537249.0,23,PRIMARY_KEYS,`__id`,,1,4,1,CcQpynzpMe,1.STD京东京造和京东自营销售和流量数据数据-1.1DWD京东自营和京造销售流量数据【刷新】,2026-07-09 08:50:22,65318.0,3.0,98,2026-07-09 08:50:22,1,2,0,2,0,0,0.0,不规范命名,共享数据,表级行数非零；表级行数 7/30 天波动；主键 `__id` 重复检查；商品编码/名称关键字段空值,被 2 个分析项目使用；有关联产出任务 1 个；任务下游数量 3；SQL 审计命中 98 次；资源关系引用 1 次；存在 owner/任务负责人证据；有分区 1 个
P2,32.98,ud_3418004512502203_n12jdzyhjzsh,1.2京东自营和京造售后数据综合表,包彦,陶林强,30004.0,1972985.0,9,PRIMARY_KEYS,`__id`,,1,4,1,LgMjQm7143,1.2STD京东自营和京造厂直退货数据清洗-1.2京东自营和京造售后数据综合表【刷新】,2026-07-09 08:51:13,30004.0,3.0,98,2026-07-09 08:51:13,1,2,0,2,0,0,0.0,不规范命名,共享数据,表级行数非零；表级行数 7/30 天波动；主键 `__id` 重复检查；退款/售后金额与数量范围,被 2 个分析项目使用；有关联产出任务 1 个；任务下游数量 3；SQL 审计命中 98 次；资源关系引用 1 次；存在 owner/任务负责人证据；有分区 1 个
P2,32.88,ods_api_dd_settle_bill_detail_info_fforyy,ODS_商家结算账单信息表(抖店API)_for用友,蒋秀坤,蒋秀坤,3673.0,597176.0,50,PRIMARY_KEYS,"`dt`, `__id`",`dt`,513,513,1,sZqgJPb3p6,ODS(抖店)_ods_api_dd_settle_bill_detail_info_f【EtlDevelop任务】,2026-07-09 10:03:31,3708.0,0.0,14,2026-07-09 10:03:29,1,0,0,0,0,0,0.0,ods,共享数据,"表级行数非零；表级行数 7/30 天波动；最新分区 `dt` 非空/及时；主键 `dt`, `__id` 重复检查；金额/费用字段非负与异常极值；退款/售后金额与数量范围；推广费/投放指标非负与日期完整性；商品编码/名称关键字段空值；店铺标识关键字段空值；原始 API 记录落地完整性",有关联产出任务 1 个；SQL 审计命中 14 次；资源关系引用 1 次；存在 owner/任务负责人证据；分区数 513；字段数 50
P2,32.88,ods_api_dd_shop_account_item_info_f,ODS_资金流水信息表(抖店API)_for用友,蒋秀坤,蒋秀坤,4138.0,701761.0,52,PRIMARY_KEYS,"`dt`, `__id`",`dt`,548,548,1,G6cJd46IW2,ODS(抖店)_ods_api_dd_shop_account_item_info_f【EtlDevelop任务】,2026-07-09 10:02:08,4138.0,0.0,14,2026-07-09 10:02:04,1,0,0,0,0,0,0.0,ods,共享数据,"表级行数非零；表级行数 7/30 天波动；最新分区 `dt` 非空/及时；主键 `dt`, `__id` 重复检查；金额/费用字段非负与异常极值；退款/售后金额与数量范围；推广费/投放指标非负与日期完整性；商品编码/名称关键字段空值；店铺标识关键字段空值；原始 API 记录落地完整性",有关联产出任务 1 个；SQL 审计命中 14 次；资源关系引用 1 次；存在 owner/任务负责人证据；分区数 548；字段数 52
P2,32.52,bwd_api_tb_wxtwjb_bidword_report_info_f,BWD_关键词报告信息表(淘宝万相台无界API),包彦,管理员,2093647.0,216286928.0,36,PRIMARY_KEYS,`__id`,,1,16,1,eB4qOPozIt,bwd_api_tb_wxtwjb_bidword_report_info_f【EtlDevelop任务】,2026-07-09 09:21:44,2093647.0,0.0,7,2026-07-09 09:20:30,1,0,0,0,0,0,85.0,bwd,共享数据,表级行数非零；表级行数 7/30 天波动；最新日期字段 thedate 及时；主键 `__id` 重复检查；金额/费用字段非负与异常极值；推广费/投放指标非负与日期完整性；店铺标识关键字段空值；原始 API 记录落地完整性,有关联产出任务 1 个；SQL 审计命中 7 次；资源关系引用 1 次；存在 owner/任务负责人证据；百万级表行数约 2093647；有分区 1 个
P2,32.52,bwd_api_tb_wxtwjb_crowd_report_info_f,BWD_人群报告信息表(淘宝万相台无界API),包彦,管理员,1728711.0,150597536.0,37,PRIMARY_KEYS,`__id`,,1,16,1,Tosniu2Ouv,bwd_api_tb_wxtwjb_crowd_report_info_f【EtlDevelop任务】,2026-07-09 09:20:40,1728711.0,0.0,7,2026-07-09 09:19:36,1,0,0,0,0,0,85.0,bwd,共享数据,表级行数非零；表级行数 7/30 天波动；最新日期字段 thedate 及时；主键 `__id` 重复检查；金额/费用字段非负与异常极值；推广费/投放指标非负与日期完整性；店铺标识关键字段空值；原始 API 记录落地完整性,有关联产出任务 1 个；SQL 审计命中 7 次；资源关系引用 1 次；存在 owner/任务负责人证据；百万级表行数约 1728711；有分区 1 个
P2,32.52,ods_api_jstbz_virtualwh_purchase_info_f,ODS_虚拟仓采购信息表(聚水潭标准API),管理员,管理员,20719.0,14918798.0,19,PRIMARY_KEYS,`__id`,,1,16,1,FzegWcywDu,ods_api_jstbz_virtualwh_purchase_info_f【EtlDevelop任务】,2026-07-09 02:01:15,20719.0,1.0,7,2026-07-09 02:01:12,1,9,0,9,0,0,0.0,ods,共享数据,表级行数非零；表级行数 7/30 天波动；最新日期字段 modified 及时；主键 `__id` 重复检查；店铺标识关键字段空值；原始 API 记录落地完整性,被 9 个分析项目使用；有关联产出任务 1 个；任务下游数量 1；SQL 审计命中 7 次；资源关系引用 1 次；存在 owner/任务负责人证据；有分区 1 个
P2,32.47,ud_3418004512502203_dspbmllsj2,dwd商品编码流量数据2,包彦,陶林强,806364.0,54106226.0,34,PRIMARY_KEYS,`__id`,,1,4,1,LgMbINUDM4,1.2std_天猫流量数据-dwd商品编码流量数据2【刷新】,2026-07-09 11:04:26,806364.0,2.0,196,2026-07-09 11:04:25,1,1,0,1,0,0,0.0,不规范命名,共享数据,表级行数非零；表级行数 7/30 天波动；主键 `__id` 重复检查；商品编码/名称关键字段空值,被 1 个分析项目使用；有关联产出任务 1 个；任务下游数量 2；SQL 审计命中 196 次；资源关系引用 1 次；存在 owner/任务负责人证据；有分区 1 个
P2,32.24,ud_3418004512502203_ddydjkdyfjs,DWD_抖音_大件_订单运单号明细表,包彦,陶林强,196251.0,15087164.0,14,PRIMARY_KEYS,`__id`,,1,4,1,0M61hG2Q2i,2.1 DWD_抖音数据清洗综合表-DWD抖音—大件快递运费计算【刷新】,2026-07-09 09:31:54,196251.0,1.0,280,2026-07-09 09:31:53,1,1,0,1,0,0,0.0,不规范命名,共享数据,表级行数非零；表级行数 7/30 天波动；最新日期字段 pay_time 及时；主键 `__id` 重复检查,被 1 个分析项目使用；有关联产出任务 1 个；任务下游数量 1；SQL 审计命中 280 次；资源关系引用 1 次；存在 owner/任务负责人证据；有分区 1 个
P2,32.24,ud_3418004512502203_ddyxjkdyfjs,DWD_抖音_小件_订单运单号明细表,包彦,陶林强,405847.0,18019519.0,10,PRIMARY_KEYS,`__id`,,1,4,1,3FwNWleSV4,2.1 DWD_抖音数据清洗综合表-DWD抖音_小件快递运费计算【刷新】,2026-07-09 09:31:58,405847.0,1.0,280,2026-07-09 09:31:57,1,1,0,1,0,0,0.0,不规范命名,共享数据,表级行数非零；表级行数 7/30 天波动；最新日期字段 pay_time 及时；主键 `__id` 重复检查,被 1 个分析项目使用；有关联产出任务 1 个；任务下游数量 1；SQL 审计命中 280 次；资源关系引用 1 次；存在 owner/任务负责人证据；有分区 1 个
P2,32.0,ud_3418004512502203_spddxsddxxb,std_拼多多销售订单信息表,包彦,陶林强,4284419.0,1017650319.0,58,PRIMARY_KEYS,`__id`,,1,16,1,GRSxAqsPjw,1.1.std_拼多多销售数据清洗-std_拼多多销售订单信息表【刷新】,,0.0,2.0,0,,1,3,0,2,0,0,0.0,不规范命名,共享数据,表级行数非零；表级行数 7/30 天波动；最新日期字段 pay_date 及时；主键 `__id` 重复检查；金额/费用字段非负与异常极值；商品编码/名称关键字段空值；店铺标识关键字段空值,被 2 个分析项目使用；有关联产出任务 1 个；任务下游数量 2；资源关系引用 1 次；存在 owner/任务负责人证据；百万级表行数约 4284419；有分区 1 个；字段数 58
P2,31.98,ud_3418004512502203_sdytgsj,STD_抖音_推广消耗明细,包彦,陶林强,87001.0,5336816.0,15,PRIMARY_KEYS,`__id`,,1,4,1,sD6L0X74Ag,1.4抖音推广数据-std_抖音推广数据【刷新】,2026-07-09 10:02:05,87001.0,2.0,98,2026-07-09 10:02:04,1,2,0,2,0,0,0.0,不规范命名,共享数据,表级行数非零；表级行数 7/30 天波动；主键 `__id` 重复检查；推广费/投放指标非负与日期完整性,被 2 个分析项目使用；有关联产出任务 1 个；任务下游数量 2；SQL 审计命中 98 次；资源关系引用 1 次；存在 owner/任务负责人证据；有分区 1 个
P2,31.98,ud_4971200913022541_ddyzbjrlcb,STD_抖音_链接直播间人力成本明细,包彦,包彦,898.0,44103.0,7,PRIMARY_KEYS,`__id`,,1,4,1,2hsVfz4qE0,1.5 抖音直播间人力成本清洗-dwd_抖音直播间人力成本【刷新】,2026-07-09 05:04:16,1480.0,3.0,98,2026-07-09 05:04:15,1,1,0,1,0,0,0.0,不规范命名,共享数据,表级行数非零；表级行数 7/30 天波动；主键 `__id` 重复检查；金额/费用字段非负与异常极值,被 1 个分析项目使用；有关联产出任务 1 个；任务下游数量 3；SQL 审计命中 98 次；资源关系引用 1 次；存在 owner/任务负责人证据；有分区 1 个
P2,31.76,ud_3418004512502203_ddyddzdsjqx,DWD_抖音_订单结算账单明细,包彦,陶林强,12105.0,605507.0,6,PRIMARY_KEYS,`__id`,,1,4,1,E1OO104q1k,1.3 STD_抖音账单流水数据清晰-DWD_抖音订单账单数据清晰【刷新】,2026-07-09 10:03:46,12105.0,1.0,224,2026-07-09 10:03:45,1,1,0,1,0,0,0.0,不规范命名,共享数据,表级行数非零；表级行数 7/30 天波动；主键 `__id` 重复检查；金额/费用字段非负与异常极值；店铺标识关键字段空值,被 1 个分析项目使用；有关联产出任务 1 个；任务下游数量 1；SQL 审计命中 224 次；资源关系引用 1 次；存在 owner/任务负责人证据；有分区 1 个
P2,31.52,ud_3418004512502203_n14jdjzhzysp,1.4京东京造和自营商品ID运费,包彦,陶林强,2561.0,131249.0,9,PRIMARY_KEYS,`__id`,,1,4,1,a48iRohs2F,1.3京东自营和京造厂直（运费计算）销售和售后数据-1.4京东京造和自营商品ID运费【刷新】,2026-07-09 13:38:07,2561.0,2.0,126,2026-07-09 13:38:06,1,1,0,1,0,0,0.0,不规范命名,共享数据,表级行数非零；表级行数 7/30 天波动；最新日期字段 pay_date 及时；主键 `__id` 重复检查；商品编码/名称关键字段空值；店铺标识关键字段空值,被 1 个分析项目使用；有关联产出任务 1 个；任务下游数量 2；SQL 审计命中 126 次；资源关系引用 1 次；存在 owner/任务负责人证据；有分区 1 个
P2,31.52,std_data_government_meta_task,数据治理元数据_任务,管理员,管理员,104991.0,11484356.0,17,PRIMARY_KEYS,"`calculated_date`, `__id`",`calculated_date`,31,62,1,I04Ajy8Ice,魔方数据治理（勿动）_数据治理元数据_任务【EtlDevelop任务】,2026-07-09 00:07:45,108299.0,9.0,7,2026-07-09 00:07:44,1,2,0,0,0,0,28.0,std,共享数据,"表级行数非零；表级行数 7/30 天波动；最新分区 `calculated_date` 非空/及时；主键 `calculated_date`, `__id` 重复检查",有关联产出任务 1 个；任务下游数量 9；SQL 审计命中 7 次；资源关系引用 1 次；存在 owner/任务负责人证据；有分区 31 个
P2,31.47,ud_3418004512502203_n11cgrkxxb,1.1采购入库信息表,包彦,陶林强,140027.0,14712796.0,27,PRIMARY_KEYS,`__id`,,1,4,1,tdOa7pkOs8,1.dwd_滞销数据清洗-1.1采购入库信息表【刷新】,2026-07-09 13:01:09,140027.0,1.0,196,2026-07-09 13:01:09,1,1,0,1,0,0,0.0,不规范命名,共享数据,表级行数非零；表级行数 7/30 天波动；最新日期字段 io_date 及时；主键 `__id` 重复检查；商品编码/名称关键字段空值,被 1 个分析项目使用；有关联产出任务 1 个；任务下游数量 1；SQL 审计命中 196 次；资源关系引用 1 次；存在 owner/任务负责人证据；有分区 1 个
P2,31.47,ud_3418004512502203_spddsdsj,std_拼多多刷单数据,包彦,陶林强,67493.0,4310718.0,8,PRIMARY_KEYS,`__id`,,1,4,1,21vCNM5Ybe,1.3拼多多刷单数据清洗-std_拼多多刷单数据【刷新】,2026-07-09 11:03:11,67493.0,1.0,196,2026-07-09 11:03:11,1,1,0,1,0,0,0.0,不规范命名,共享数据,表级行数非零；表级行数 7/30 天波动；主键 `__id` 重复检查；商品编码/名称关键字段空值,被 1 个分析项目使用；有关联产出任务 1 个；任务下游数量 1；SQL 审计命中 196 次；资源关系引用 1 次；存在 owner/任务负责人证据；有分区 1 个
P2,31.47,ud_5179579576634064_tmllsjbcss,天猫-流量数据-补充搜索,包彦,李梦丽,304507.0,12653355.0,8,PRIMARY_KEYS,`__id`,,1,4,1,dHQhy0WBzM,天猫-流量来源分析-天猫-流量数据-补充搜索【刷新】,2026-07-09 11:02:28,304507.0,1.0,196,2026-07-09 11:02:27,1,1,0,1,0,0,0.0,不规范命名,共享数据,表级行数非零；表级行数 7/30 天波动；主键 `__id` 重复检查,被 1 个分析项目使用；有关联产出任务 1 个；任务下游数量 1；SQL 审计命中 196 次；资源关系引用 1 次；存在 owner/任务负责人证据；有分区 1 个
P2,31.37,ud_5179579576634064_gdptgfhbfh,各店铺推广费红包返还,包彦,李梦丽,93027.0,2891871.0,5,PRIMARY_KEYS,`__id`,,1,4,1,iEO4LZ2NZs,1.4推广、流量数据数据-各店铺推广费红包返还【刷新】,2026-07-09 11:37:23,93027.0,1.0,187,2026-07-09 11:37:22,1,1,0,1,0,0,0.0,不规范命名,共享数据,表级行数非零；表级行数 7/30 天波动；主键 `__id` 重复检查；推广费/投放指标非负与日期完整性；店铺标识关键字段空值,被 1 个分析项目使用；有关联产出任务 1 个；任务下游数量 1；SQL 审计命中 187 次；资源关系引用 1 次；存在 owner/任务负责人证据；有分区 1 个
P2,31.14,ud_3418004512502203_n21qnhtcpsjq,2.1千牛后台拆评数据清洗,包彦,陶林强,108526.0,4177461.0,11,PRIMARY_KEYS,`__id`,,1,4,1,Q2sVzvzOz9,2.1千牛后台售后率数据清洗-2.1千牛后台拆评数据清洗【刷新】,2026-07-09 12:02:47,108526.0,1.0,168,2026-07-09 12:02:46,1,1,0,1,0,0,-1.0,不规范命名,共享数据,表级行数非零；表级行数 7/30 天波动；主键 `__id` 重复检查,被 1 个分析项目使用；有关联产出任务 1 个；任务下游数量 1；SQL 审计命中 168 次；资源关系引用 1 次；存在 owner/任务负责人证据；有分区 1 个
P2,31.14,ud_3418004512502203_n21qnhtsjqx,2.1千牛后台数据清洗,包彦,陶林强,192654.0,8455128.0,13,PRIMARY_KEYS,`__id`,,1,4,1,6cem36635g,2.1千牛后台售后率数据清洗-2.1千牛后台数据清洗【刷新】,2026-07-09 12:03:14,191983.0,1.0,168,2026-07-09 12:03:13,1,7,0,1,0,0,-1.0,不规范命名,共享数据,表级行数非零；表级行数 7/30 天波动；主键 `__id` 重复检查；商品编码/名称关键字段空值,被 1 个分析项目使用；有关联产出任务 1 个；任务下游数量 1；SQL 审计命中 168 次；资源关系引用 1 次；存在 owner/任务负责人证据；有分区 1 个
P2,31.0,ods_api_dd_shop_account_item_info_du,ODS_资金流水信息表(抖店API),包彦,陶林强,559867.0,294824206.0,43,PRIMARY_KEYS,"`dt`, `__id`",`dt`,548,1096,1,wCq4hwM63h,ODS_资金流水信息表(抖店API)【连接器】,2026-07-09 10:02:03,2172.0,3.0,0,,1,9,0,9,0,0,0.0,ods,共享数据,"表级行数非零；表级行数 7/30 天波动；最新分区 `dt` 非空/及时；主键 `dt`, `__id` 重复检查；金额/费用字段非负与异常极值；退款/售后金额与数量范围；推广费/投放指标非负与日期完整性；商品编码/名称关键字段空值；店铺标识关键字段空值；原始 API 记录落地完整性",被 9 个分析项目使用；有关联产出任务 1 个；任务下游数量 3；资源关系引用 1 次；存在 owner/任务负责人证据；分区数 548
P2,31.0,ods_api_jstbz_inout_flow_info_du,ODS_出入库流水信息表(聚水潭标准API),管理员,管理员,8546096.0,1703304481.0,27,PRIMARY_KEYS,"`dt`, `__id`",`dt`,218,436,1,r0KA9Mrs4T,ODS_出入库流水信息表(聚水潭标准API)【连接器】,2026-07-09 02:55:22,73426.0,1.0,0,,1,0,0,0,0,0,0.0,ods,共享数据,"表级行数非零；表级行数 7/30 天波动；最新分区 `dt` 非空/及时；主键 `dt`, `__id` 重复检查；店铺标识关键字段空值；原始 API 记录落地完整性",有关联产出任务 1 个；任务下游数量 1；资源关系引用 1 次；存在 owner/任务负责人证据；百万级表行数约 8546096；存储统计超过 1GB；有分区 218 个
P2,31.0,ods_api_tb_itemcats_list_info_du,ODS_类目列表信息表(淘宝API),管理员,陶林强,7749730.0,854262333.0,13,PRIMARY_KEYS,"`dt`, `__id`",`dt`,123,246,1,V9quSc3VvP,ODS_类目列表信息表(淘宝API)【连接器】,2026-07-09 06:04:53,39098.0,5.0,0,,1,2,0,2,0,0,0.0,ods,共享数据,"表级行数非零；表级行数 7/30 天波动；最新分区 `dt` 非空/及时；主键 `dt`, `__id` 重复检查；店铺标识关键字段空值；原始 API 记录落地完整性",被 2 个分析项目使用；有关联产出任务 1 个；任务下游数量 5；资源关系引用 1 次；存在 owner/任务负责人证据；百万级表行数约 7749730；有分区 123 个
P2,31.0,ods_api_tb_refunds_receive_info_du,ODS_已收到退款列表信息表(淘宝API),管理员,陶林强,4307909.0,6262317657.0,35,PRIMARY_KEYS,"`dt`, `__id`",`dt`,453,906,1,kW8cg33enr,ODS_已收到退款列表信息表(淘宝API)【连接器】,2026-07-09 01:28:53,46821.0,1.0,0,,1,0,0,0,0,0,0.0,ods,共享数据,"表级行数非零；表级行数 7/30 天波动；最新分区 `dt` 非空/及时；主键 `dt`, `__id` 重复检查；金额/费用字段非负与异常极值；退款/售后金额与数量范围；商品编码/名称关键字段空值；店铺标识关键字段空值；原始 API 记录落地完整性",有关联产出任务 1 个；任务下游数量 1；资源关系引用 1 次；存在 owner/任务负责人证据；百万级表行数约 4307909；存储统计超过 1GB；有分区 453 个
P2,31,ods_db_cube_dc_auth_api_config_detail_info_f,api授权信息,管理员,管理员,43.0,24870.0,25,PRIMARY_KEYS,`__id`,,1,4,1,vHgxKz9dop,api授权信息【迁移】,2026-07-09 03:00:18,43.0,16.0,0,,1,5,0,5,0,0,0.0,ods,共享数据,表级行数非零；表级行数 7/30 天波动；最新日期字段 update_id 及时；主键 `__id` 重复检查；商品编码/名称关键字段空值；店铺标识关键字段空值；原始 API 记录落地完整性,被 5 个分析项目使用；有关联产出任务 1 个；任务下游数量 16；资源关系引用 1 次；存在 owner/任务负责人证据；有分区 1 个
P2,31.0,pinduoduozhifubaozhangdanshuju,拼多多-支付宝账单数据,包彦,陶林强,1238881.0,68732460.0,9,PRIMARY_KEYS,`__id`,,1,4,1,lMu23CSVyR,拼多多-支付宝账单数据【迁移】,2026-07-06 15:06:01,1238881.0,6.0,0,,1,1,0,1,0,0,0.0,不规范命名,共享数据,表级行数非零；表级行数 7/30 天波动；主键 `__id` 重复检查；金额/费用字段非负与异常极值；店铺标识关键字段空值,被 1 个分析项目使用；有关联产出任务 1 个；任务下游数量 6；资源关系引用 1 次；存在 owner/任务负责人证据；百万级表行数约 1238881；有分区 1 个
P2,30.98,ud_3418004512502203_dtmsxstghf,dwd_天猫四小时推广花费,包彦,陶林强,146212.0,7352938.0,10,PRIMARY_KEYS,`__id`,,1,4,1,5TQbFwRdDN,1.2天猫四小时推广数据-dwd_天猫四小时推广花费【刷新】,2026-07-09 09:52:54,147516.0,2.0,98,2026-07-09 09:52:53,1,1,0,1,0,0,0.0,不规范命名,共享数据,表级行数非零；表级行数 7/30 天波动；主键 `__id` 重复检查；推广费/投放指标非负与日期完整性；商品编码/名称关键字段空值,被 1 个分析项目使用；有关联产出任务 1 个；任务下游数量 2；SQL 审计命中 98 次；资源关系引用 1 次；存在 owner/任务负责人证据；有分区 1 个
P2,30.98,ud_3418004512502203_n11sjdxssj,1.1std_京东销售数据,包彦,陶林强,112046.0,9903551.0,30,PRIMARY_KEYS,`__id`,,1,4,1,lpAdAWV47s,1.1京东销售数据-1.1std_京东销售数据【刷新】,2026-07-09 08:23:30,112046.0,2.0,98,2026-07-09 08:23:29,1,1,0,1,0,0,0.0,不规范命名,共享数据,表级行数非零；表级行数 7/30 天波动；最新日期字段 orderstarttime 及时；主键 `__id` 重复检查；金额/费用字段非负与异常极值；商品编码/名称关键字段空值,被 1 个分析项目使用；有关联产出任务 1 个；任务下游数量 2；SQL 审计命中 98 次；资源关系引用 1 次；存在 owner/任务负责人证据；有分区 1 个
P2,30.98,ud_3418004512502203_n11xhsjgsjqx_qushubao,1.1小红书聚光数据清洗(取数宝),包彦,陶林强,114727.0,8177322.0,17,PRIMARY_KEYS,`__id`,,1,4,1,Kwgn9NGaJS,1.1小红书聚光笔记数据清洗-1.1小红书聚光数据清洗(取数宝)【刷新】,2026-07-09 14:59:49,114727.0,2.0,98,2026-07-09 14:59:49,1,1,0,1,0,0,0.0,不规范命名,共享数据,表级行数非零；表级行数 7/30 天波动；主键 `__id` 重复检查,被 1 个分析项目使用；有关联产出任务 1 个；任务下游数量 2；SQL 审计命中 98 次；资源关系引用 1 次；存在 owner/任务负责人证据；有分区 1 个
P2,30.98,ud_3418004512502203_n13jdjzhzycz,1.3京东京造和自营厂直运费计算,包彦,陶林强,6495.0,524968.0,24,PRIMARY_KEYS,`__id`,,1,4,1,K1wv3powHI,1.3京东自营和京造厂直（运费计算）销售和售后数据-1.3京东京造和自营厂直运费计算【刷新】,2026-07-09 03:57:07,6495.0,2.0,98,2026-07-09 03:57:05,1,1,0,1,0,0,0.0,不规范命名,共享数据,表级行数非零；表级行数 7/30 天波动；最新日期字段 pay_date 及时；主键 `__id` 重复检查；商品编码/名称关键字段空值；店铺标识关键字段空值,被 1 个分析项目使用；有关联产出任务 1 个；任务下游数量 2；SQL 审计命中 98 次；资源关系引用 1 次；存在 owner/任务负责人证据；有分区 1 个
P2,30.98,ud_3418004512502203_n13jdymqjdtg,1.3京东佑美旗舰店_推广数据,包彦,陶林强,48215.0,2287951.0,16,PRIMARY_KEYS,`__id`,,1,4,1,YUKiQf1383,1.3京东佑美旗舰店_流量推广数据-1.3京东佑美旗舰店_推广数据【刷新】,2026-07-09 08:23:07,48215.0,2.0,98,2026-07-09 08:23:07,1,1,0,1,0,0,0.0,不规范命名,共享数据,表级行数非零；表级行数 7/30 天波动；主键 `__id` 重复检查；推广费/投放指标非负与日期完整性；商品编码/名称关键字段空值,被 1 个分析项目使用；有关联产出任务 1 个；任务下游数量 2；SQL 审计命中 98 次；资源关系引用 1 次；存在 owner/任务负责人证据；有分区 1 个
P2,30.98,ud_3418004512502203_n14pddllsj,1.4拼多多流量数据,包彦,陶林强,741630.0,29855662.0,11,PRIMARY_KEYS,`__id`,,1,4,1,iMM3HI4GVc,1.4推广、流量数据数据-1.4拼多多流量数据【刷新】,2026-07-09 11:36:59,741630.0,2.0,98,2026-07-09 11:36:58,1,1,0,1,0,0,0.0,不规范命名,共享数据,表级行数非零；表级行数 7/30 天波动；最新日期字段 business_date 及时；主键 `__id` 重复检查；金额/费用字段非负与异常极值；商品编码/名称关键字段空值；店铺标识关键字段空值,被 1 个分析项目使用；有关联产出任务 1 个；任务下游数量 2；SQL 审计命中 98 次；资源关系引用 1 次；存在 owner/任务负责人证据；有分区 1 个
P2,30.98,ud_3418004512502203_n14pddtgsj,1.4拼多多推广数据,包彦,陶林强,671197.0,72971681.0,45,PRIMARY_KEYS,`__id`,,1,4,1,08A3FcplYw,1.4推广、流量数据数据-1.4拼多多推广数据【刷新】,2026-07-09 11:37:11,671197.0,2.0,98,2026-07-09 11:37:10,1,1,0,1,0,0,0.0,不规范命名,共享数据,表级行数非零；表级行数 7/30 天波动；最新日期字段 business_date 及时；主键 `__id` 重复检查；金额/费用字段非负与异常极值；推广费/投放指标非负与日期完整性；店铺标识关键字段空值,被 1 个分析项目使用；有关联产出任务 1 个；任务下游数量 2；SQL 审计命中 98 次；资源关系引用 1 次；存在 owner/任务负责人证据；有分区 1 个
P2,30.88,ods_api_jstbz_virtualwh_repay_info_f,ODS_虚拟仓归还信息表(聚水潭标准API),管理员,管理员,6258.0,15019143.0,19,PRIMARY_KEYS,`__id`,,1,16,1,IZuqp6VixL,ods_api_jstbz_virtualwh_repay_info_f【EtlDevelop任务】,2026-07-09 13:00:13,6258.0,5.0,14,2026-07-09 13:00:11,1,2,0,2,0,0,0.0,ods,共享数据,表级行数非零；表级行数 7/30 天波动；最新日期字段 io_date 及时；主键 `__id` 重复检查；店铺标识关键字段空值；原始 API 记录落地完整性,被 2 个分析项目使用；有关联产出任务 1 个；任务下游数量 5；SQL 审计命中 14 次；资源关系引用 1 次；存在 owner/任务负责人证据；有分区 1 个
P2,30.52,ud_3418004512502203_sdryjyg,STD_达人佣金预估,包彦,陶林强,204722.0,10019651.0,6,PRIMARY_KEYS,`__id`,,1,4,1,kdqUt9TvHS,1.3 STD_抖音账单流水数据清晰-STD_达人佣金预估【刷新】,2026-07-09 02:05:03,204722.0,1.0,126,2026-07-09 02:05:03,1,1,0,1,0,0,0.0,不规范命名,共享数据,表级行数非零；表级行数 7/30 天波动；最新日期字段 pay_success_time 及时；主键 `__id` 重复检查；金额/费用字段非负与异常极值；商品编码/名称关键字段空值；店铺标识关键字段空值,被 1 个分析项目使用；有关联产出任务 1 个；任务下游数量 1；SQL 审计命中 126 次；资源关系引用 1 次；存在 owner/任务负责人证据；有分区 1 个
P2,30.52,ods_api_jstbz_stock_info_f,ODS_库存信息表(聚水潭标准API),管理员,管理员,79767.0,16992092.0,24,PRIMARY_KEYS,`__id`,,1,16,1,6BAlo2XGz8,ods_api_jstbz_stock_info_f【EtlDevelop任务】,2026-07-09 02:08:29,79767.0,4.0,7,2026-07-09 02:08:23,1,4,0,4,0,0,0.0,ods,共享数据,表级行数非零；表级行数 7/30 天波动；最新日期字段 modified 及时；主键 `__id` 重复检查；商品编码/名称关键字段空值；店铺标识关键字段空值；原始 API 记录落地完整性,被 4 个分析项目使用；有关联产出任务 1 个；任务下游数量 4；SQL 审计命中 7 次；资源关系引用 1 次；存在 owner/任务负责人证据；有分区 1 个
P2,30.52,ods_api_jstbz_virtualwh_stock_info_f,ODS_虚拟仓库存信息表(聚水潭标准API),管理员,管理员,32338.0,4880017.0,8,PRIMARY_KEYS,`__id`,,1,16,1,4NAjvjWyHi,ods_api_jstbz_virtualwh_stock_info_f【EtlDevelop任务】,2026-07-09 02:13:56,32338.0,1.0,7,2026-07-09 02:13:51,1,7,0,7,2,0,0.0,ods,共享数据,表级行数非零；表级行数 7/30 天波动；最新日期字段 dt 及时；主键 `__id` 重复检查；商品编码/名称关键字段空值；店铺标识关键字段空值；原始 API 记录落地完整性,被 7 个分析项目使用；有关联产出任务 1 个；任务下游数量 1；SQL 审计命中 7 次；资源关系引用 1 次；存在 owner/任务负责人证据；有分区 1 个
P2,30.47,ud_3418004512502203_n11zxrksp,1.1最新入库商品,包彦,陶林强,39.0,15551.0,15,PRIMARY_KEYS,`__id`,,1,4,1,aawHXV3M7z,1.入库提醒数据清洗表-1.1最新入库商品【刷新】,2026-07-09 13:01:36,72.0,1.0,196,2026-07-09 13:01:35,1,0,0,0,0,0,0.0,不规范命名,共享数据,表级行数非零；表级行数 7/30 天波动；最新日期字段 io_date 及时；主键 `__id` 重复检查；商品编码/名称关键字段空值,有关联产出任务 1 个；任务下游数量 1；SQL 审计命中 196 次；资源关系引用 1 次；存在 owner/任务负责人证据；有分区 1 个
P2,30.0,tianmaosixiaoshiguanjianci,天猫佑美_四小时_关键词单元列表,包彦,陶林强,1330487.0,47879454.0,80,PRIMARY_KEYS,`__id`,,1,4,1,8Iw51FobWo,天猫佑美_四小时_关键词单元列表【迁移】,2026-07-09 09:52:08,1330487.0,1.0,0,,1,1,0,1,0,0,0.0,不规范命名,共享数据,表级行数非零；表级行数 7/30 天波动；主键 `__id` 重复检查；金额/费用字段非负与异常极值；商品编码/名称关键字段空值；店铺标识关键字段空值,被 1 个分析项目使用；有关联产出任务 1 个；任务下游数量 1；资源关系引用 1 次；存在 owner/任务负责人证据；百万级表行数约 1330487；有分区 1 个；字段数 80
P2,30.0,tianmaosixiaoshoushouhoushuju,天猫四小时_售后数据,包彦,陶林强,1781838.0,104659988.0,97,PRIMARY_KEYS,`__id`,,1,4,1,MrgTBqP3OZ,天猫四小时_售后数据【迁移】,2026-07-09 14:57:30,1781838.0,1.0,0,,1,1,0,1,0,0,0.0,不规范命名,共享数据,表级行数非零；表级行数 7/30 天波动；主键 `__id` 重复检查；金额/费用字段非负与异常极值；退款/售后金额与数量范围；商品编码/名称关键字段空值；店铺标识关键字段空值,被 1 个分析项目使用；有关联产出任务 1 个；任务下游数量 1；资源关系引用 1 次；存在 owner/任务负责人证据；百万级表行数约 1781838；有分区 1 个；字段数 97
P2,30,ud_1_dbcl,单表处理,管理员,管理员,3324627.0,1624882761.0,41,PRIMARY_KEYS,`__id`,,1,16,1,1yQN8JgdMR,未命名分析-2025-12-12 21:07:26-单表处理【刷新】,,0.0,0.0,0,,1,0,0,0,0,0,0.0,不规范命名,我的数据,表级行数非零；表级行数 7/30 天波动；最新日期字段 as_date 及时；主键 `__id` 重复检查；金额/费用字段非负与异常极值；退款/售后金额与数量范围；商品编码/名称关键字段空值；店铺标识关键字段空值,有关联产出任务 1 个；资源关系引用 1 次；存在 owner/任务负责人证据；百万级表行数约 3324627；存储统计超过 1GB；有分区 1 个
P2,29.98,std_data_government_meta_computing_resources,数据治理元数据_计算资源,管理员,管理员,3977.0,207086.0,4,PRIMARY_KEYS,`__id`,,1,16,1,MrqQnCuS33,魔方数据治理（勿动）_数据治理元数据_计算资源【EtlDevelop任务】,2026-07-09 14:01:08,3976.0,1.0,156,2026-07-09 14:01:07,1,1,0,0,0,0,49.0,std,共享数据,表级行数非零；表级行数 7/30 天波动；最新日期字段 calculated_time 及时；主键 `__id` 重复检查,有关联产出任务 1 个；任务下游数量 1；SQL 审计命中 156 次；资源关系引用 1 次；存在 owner/任务负责人证据；有分区 1 个
P2,29.98,ud_3418004512502203_n12jdshsj,1.2京东售后数据,包彦,陶林强,28449.0,1285830.0,14,PRIMARY_KEYS,`__id`,,1,4,1,A3M3fv6cnX,1.2京东售后数据-1.2京东售后数据【刷新】,2026-07-09 02:11:44,28449.0,1.0,98,2026-07-09 02:11:44,1,1,0,1,0,0,0.0,不规范命名,共享数据,表级行数非零；表级行数 7/30 天波动；主键 `__id` 重复检查；退款/售后金额与数量范围；商品编码/名称关键字段空值,被 1 个分析项目使用；有关联产出任务 1 个；任务下游数量 1；SQL 审计命中 98 次；资源关系引用 1 次；存在 owner/任务负责人证据；有分区 1 个
P2,29.98,ud_3418004512502203_n12jdzyhjzzz,1.2京东自营和京造长值售后数据,包彦,陶林强,923.0,379535.0,42,PRIMARY_KEYS,`__id`,,1,4,1,ZHATr0HJPU,1.2STD京东自营和京造厂直退货数据清洗-1.2京东自营和京造长值售后数据【刷新】,2026-07-09 02:14:46,923.0,1.0,98,2026-07-09 02:14:46,1,1,0,1,0,0,0.0,不规范命名,共享数据,表级行数非零；表级行数 7/30 天波动；最新日期字段 as_date 及时；主键 `__id` 重复检查；金额/费用字段非负与异常极值；退款/售后金额与数量范围；商品编码/名称关键字段空值；店铺标识关键字段空值,被 1 个分析项目使用；有关联产出任务 1 个；任务下游数量 1；SQL 审计命中 98 次；资源关系引用 1 次；存在 owner/任务负责人证据；有分区 1 个
P2,29.98,ud_3418004512502203_n13jdymqjdll,1.3京东佑美旗舰店_流量数据,包彦,陶林强,103247.0,5962278.0,34,PRIMARY_KEYS,`__id`,,1,4,1,R4ukGe1jtG,1.3京东佑美旗舰店_流量推广数据-1.3京东佑美旗舰店_流量数据【刷新】,2026-07-09 08:23:11,103247.0,1.0,98,2026-07-09 08:23:11,1,1,0,1,0,0,0.0,不规范命名,共享数据,表级行数非零；表级行数 7/30 天波动；主键 `__id` 重复检查；金额/费用字段非负与异常极值；退款/售后金额与数量范围；商品编码/名称关键字段空值,被 1 个分析项目使用；有关联产出任务 1 个；任务下游数量 1；SQL 审计命中 98 次；资源关系引用 1 次；存在 owner/任务负责人证据；有分区 1 个
P2,29.98,ud_3418004512502203_n21djdzytgsj,2.1DWD京东自营推广数据,包彦,陶林强,27243.0,1066621.0,10,PRIMARY_KEYS,`__id`,,1,4,1,jsOg0T6VGP,2.STD京东自营推广数据-2.1DWD京东自营推广数据【刷新】,2026-07-09 08:50:29,27243.0,1.0,98,2026-07-09 08:50:28,1,1,0,1,0,0,0.0,不规范命名,共享数据,表级行数非零；表级行数 7/30 天波动；主键 `__id` 重复检查；推广费/投放指标非负与日期完整性；商品编码/名称关键字段空值,被 1 个分析项目使用；有关联产出任务 1 个；任务下游数量 1；SQL 审计命中 98 次；资源关系引用 1 次；存在 owner/任务负责人证据；有分区 1 个
P2,29.98,ud_3418004512502203_n22kddhjsyf,2.2快递单号计算运费,包彦,陶林强,39997.0,2218992.0,10,PRIMARY_KEYS,`__id`,,1,4,1,czaWuc75Dm,2.1京东销售和售后数据关联-2.2快递单号计算运费【刷新】,2026-07-09 08:24:17,39997.0,1.0,98,2026-07-09 08:24:16,1,1,0,1,0,0,0.0,不规范命名,共享数据,表级行数非零；表级行数 7/30 天波动；最新日期字段 paymentconfirmtime 及时；主键 `__id` 重复检查；金额/费用字段非负与异常极值,被 1 个分析项目使用；有关联产出任务 1 个；任务下游数量 1；SQL 审计命中 98 次；资源关系引用 1 次；存在 owner/任务负责人证据；有分区 1 个
P2,29.98,ud_3418004512502203_stbsmc,std_淘宝skuid名称,包彦,陶林强,18872.0,2269337.0,6,PRIMARY_KEYS,`__id`,,1,4,1,vb8QWf8v1f,1.1std_淘宝销售和售后数据清洗-std_淘宝skuid名称【刷新】,2026-07-09 01:27:44,19314.0,1.0,98,2026-07-09 01:27:43,1,1,0,1,0,0,0.0,不规范命名,共享数据,表级行数非零；表级行数 7/30 天波动；主键 `__id` 重复检查；商品编码/名称关键字段空值,被 1 个分析项目使用；有关联产出任务 1 个；任务下游数量 1；SQL 审计命中 98 次；资源关系引用 1 次；存在 owner/任务负责人证据；有分区 1 个
P2,29.88,ods_api_jstbz_virtualwh_transfer_info_f,ODS_虚拟仓调拨信息表(聚水潭标准API),管理员,管理员,12588.0,17295358.0,21,PRIMARY_KEYS,`__id`,,1,16,1,mgcPm3I8wU,ods_api_jstbz_virtualwh_transfer_info_f【EtlDevelop任务】,2026-07-09 13:00:12,12588.0,4.0,14,2026-07-09 13:00:11,1,2,0,2,0,0,0.0,ods,共享数据,表级行数非零；表级行数 7/30 天波动；最新日期字段 io_date 及时；主键 `__id` 重复检查；店铺标识关键字段空值；原始 API 记录落地完整性,被 2 个分析项目使用；有关联产出任务 1 个；任务下游数量 4；SQL 审计命中 14 次；资源关系引用 1 次；存在 owner/任务负责人证据；有分区 1 个
P2,29.76,ud_3418004512502203_ddyarzdsjqx,DWD_抖音_每日账单明细,包彦,陶林强,1984.0,93267.0,6,PRIMARY_KEYS,`__id`,,1,4,1,USgrX0kx87,1.3 STD_抖音账单流水数据清晰-DWD_抖音按日账单数据清晰【刷新】,2026-07-09 10:03:29,1984.0,0.0,224,2026-07-09 10:03:29,1,0,0,0,0,0,28.0,不规范命名,共享数据,表级行数非零；表级行数 7/30 天波动；最新日期字段 bill_time 及时；主键 `__id` 重复检查；店铺标识关键字段空值,有关联产出任务 1 个；SQL 审计命中 224 次；资源关系引用 1 次；存在 owner/任务负责人证据；有分区 1 个
P2,29.52,dwd_data_government_meta_datasource_similar,数据治理元数据_数据资源表_相似指标分析,管理员,管理员,0.0,0.0,17,PRIMARY_KEYS,`__id`,,1,16,1,VcAdeUWApq,魔方数据治理（勿动）_数据治理元数据_数据资源_相似指标分析【EtlDevelop任务】,2026-07-09 00:07:56,0.0,1.0,7,2026-07-09 00:07:55,1,1,0,0,0,0,0.0,dwd,共享数据,表级行数非零；表级行数 7/30 天波动；最新日期字段 covering_project_create_time 及时；主键 `__id` 重复检查,有关联产出任务 1 个；任务下游数量 1；SQL 审计命中 7 次；资源关系引用 1 次；存在 owner/任务负责人证据；元数据行数为 0；有分区 1 个
P2,29,bak_ods_api_jstbz_logistic_order_info_f,,,,11283767.0,2989024663.0,20,DUP_KEYS,,,1,1,0,,,,0.0,0.0,0,,0,0,0,0,0,0,0.0,bak,共享数据,表级行数非零；表级行数 7/30 天波动；最新日期字段 send_date 及时；候选业务键 so_id 重复检查；金额/费用字段非负与异常极值；退款/售后金额与数量范围；店铺标识关键字段空值；原始 API 记录落地完整性,大表行数约 11283767；存储统计超过 1GB；有分区 1 个；未识别到物理主键配置
P2,29.0,ods_api_dd_settle_bill_detail_info_du,ODS_商家结算账单信息表(抖店API),包彦,陶林强,499749.0,254732281.0,51,PRIMARY_KEYS,"`dt`, `__id`",`dt`,513,1026,1,nn44PwEKsM,ODS_商家结算账单信息表(抖店API)【连接器】,2026-07-09 10:03:29,2132.0,3.0,0,,1,3,0,3,0,0,0.0,ods,共享数据,"表级行数非零；表级行数 7/30 天波动；最新分区 `dt` 非空/及时；主键 `dt`, `__id` 重复检查；金额/费用字段非负与异常极值；退款/售后金额与数量范围；推广费/投放指标非负与日期完整性；商品编码/名称关键字段空值；店铺标识关键字段空值；原始 API 记录落地完整性",被 3 个分析项目使用；有关联产出任务 1 个；任务下游数量 3；资源关系引用 1 次；存在 owner/任务负责人证据；分区数 513；字段数 51
P2,29.0,ods_api_jlqc_live_list_info_du,ODS_直播间列表信息表(巨量千川API),包彦,包彦,1230.0,1330911.0,63,PRIMARY_KEYS,"`dt`, `__id`",`dt`,70,70,1,2JAh8JnGKf,ODS_直播间列表信息表(巨量千川API)【连接器】,2026-07-09 02:12:02,14.0,2.0,0,,1,9,0,9,0,0,0.0,ods,共享数据,"表级行数非零；表级行数 7/30 天波动；最新分区 `dt` 非空/及时；主键 `dt`, `__id` 重复检查；金额/费用字段非负与异常极值；推广费/投放指标非负与日期完整性；商品编码/名称关键字段空值；店铺标识关键字段空值；原始 API 记录落地完整性",被 9 个分析项目使用；有关联产出任务 1 个；任务下游数量 2；资源关系引用 1 次；存在 owner/任务负责人证据；有分区 70 个；字段数 63
P2,29.0,ods_api_jstbz_archive_refund_info_du,ODS_退货退款归档信息表(聚水潭标准API),管理员,管理员,957472.0,822219348.0,53,PRIMARY_KEYS,"`dt`, `__id`",`dt`,739,1478,2,iEgVkvwnz0,ODS_退货退款归档信息表(聚水潭标准API)【连接器】time,,0.0,2.0,0,,1,2,0,2,0,0,0.0,ods,共享数据,"表级行数非零；表级行数 7/30 天波动；最新分区 `dt` 非空/及时；主键 `dt`, `__id` 重复检查；金额/费用字段非负与异常极值；退款/售后金额与数量范围；店铺标识关键字段空值；原始 API 记录落地完整性",被 2 个分析项目使用；有关联产出任务 2 个；任务下游数量 2；资源关系引用 1 次；存在 owner/任务负责人证据；分区数 739；字段数 53
P2,29.0,ods_rpa_jst_spider_erp321_order_tickets_info_du,ODS_聚水潭订单信息表(RPA),管理员,管理员,1802755.0,720618778.0,71,PRIMARY_KEYS,`__id`,,1,16,1,zKc5OEgqs1,ODS_聚水潭订单信息表(RPA)【迁移】,2026-07-09 00:00:05,0.0,1.0,0,,1,0,0,0,0,0,85.0,ods,共享数据,表级行数非零；表级行数 7/30 天波动；最新日期字段 crawl_time 及时；主键 `__id` 重复检查；金额/费用字段非负与异常极值；推广费/投放指标非负与日期完整性；店铺标识关键字段空值,有关联产出任务 1 个；任务下游数量 1；资源关系引用 1 次；存在 owner/任务负责人证据；百万级表行数约 1802755；有分区 1 个；字段数 71
P2,29.0,pdd_reconciliation_center_payment_details,拼多多对账中心货款明细,包彦,陶林强,1064256.0,72138879.0,16,PRIMARY_KEYS,`__id`,,1,4,1,sxwDV6KNGy,拼多多对账中心货款明细【迁移】,,0.0,3.0,0,,1,2,0,2,0,0,35.0,不规范命名,共享数据,表级行数非零；表级行数 7/30 天波动；最新日期字段 time_of_occurrence 及时；主键 `__id` 重复检查；金额/费用字段非负与异常极值；店铺标识关键字段空值,被 2 个分析项目使用；有关联产出任务 1 个；任务下游数量 3；资源关系引用 1 次；存在 owner/任务负责人证据；百万级表行数约 1064256；有分区 1 个
P2,28.88,std_api_tb_wxtwjb_adv_release_effect_info_f,STD_广告投放效果信息表(淘宝万相台无界API),包彦,管理员,513006.0,32521345.0,27,PRIMARY_KEYS,`__id`,,1,16,2,t08Eoe98jy,std_api_tb_wxtwjb_adv_release_effect_info_f【EtlDevelop任务】,2026-07-09 09:20:59,513006.0,0.0,14,2026-07-09 09:20:47,1,3,0,3,0,0,85.0,std,共享数据,表级行数非零；表级行数 7/30 天波动；最新日期字段 release_time 及时；主键 `__id` 重复检查；金额/费用字段非负与异常极值；推广费/投放指标非负与日期完整性；商品编码/名称关键字段空值；店铺标识关键字段空值；原始 API 记录落地完整性,被 3 个分析项目使用；有关联产出任务 2 个；SQL 审计命中 14 次；资源关系引用 1 次；存在 owner/任务负责人证据；有分区 1 个
P2,28.52,ods_api_jingdong_daily_bill_unreceived_query_info_f,ODS_日账单未收款查询信息表(京东API),管理员,管理员,0.0,0.0,26,PRIMARY_KEYS,`__id`,,1,16,1,Z56NH9dMMY,ods_api_jingdong_daily_bill_unreceived_query_info_f【EtlDevelop任务】,2026-07-09 02:13:04,0.0,0.0,7,2026-07-09 02:13:04,1,0,0,0,0,0,0.0,ods,共享数据,表级行数非零；表级行数 7/30 天波动；最新日期字段 fee_occurrence_time 及时；主键 `__id` 重复检查；金额/费用字段非负与异常极值；商品编码/名称关键字段空值；店铺标识关键字段空值；原始 API 记录落地完整性,有关联产出任务 1 个；SQL 审计命中 7 次；资源关系引用 1 次；存在 owner/任务负责人证据；元数据行数为 0；有分区 1 个
P2,28.52,ods_api_jstbz_process_info_f,ODS_加工信息表(聚水潭标准API),管理员,管理员,0.0,0.0,26,PRIMARY_KEYS,`__id`,,1,16,1,5qABIsynyh,ods_api_jstbz_process_info_f【EtlDevelop任务】,2026-07-09 02:11:38,0.0,0.0,7,2026-07-09 02:11:37,1,0,0,0,0,0,0.0,ods,共享数据,表级行数非零；表级行数 7/30 天波动；最新日期字段 po_date 及时；主键 `__id` 重复检查；推广费/投放指标非负与日期完整性；店铺标识关键字段空值；原始 API 记录落地完整性,有关联产出任务 1 个；SQL 审计命中 7 次；资源关系引用 1 次；存在 owner/任务负责人证据；元数据行数为 0；有分区 1 个
P2,28.52,ods_api_jstbz_product_bom_info_f,ODS_商品BOM信息表(聚水潭标准API),管理员,管理员,0.0,0.0,8,PRIMARY_KEYS,`__id`,,1,16,1,6VwRePPHoN,ods_api_jstbz_product_bom_info_f【EtlDevelop任务】,2026-07-09 02:02:52,0.0,0.0,7,2026-07-09 02:02:51,1,0,0,0,0,0,0.0,ods,共享数据,表级行数非零；表级行数 7/30 天波动；最新日期字段 dt 及时；主键 `__id` 重复检查；商品编码/名称关键字段空值；店铺标识关键字段空值；原始 API 记录落地完整性,有关联产出任务 1 个；SQL 审计命中 7 次；资源关系引用 1 次；存在 owner/任务负责人证据；元数据行数为 0；有分区 1 个
P2,28.52,ods_api_jstbz_provider_info_f,ODS_供应商信息表(聚水潭标准API),管理员,管理员,816.0,230176.0,17,PRIMARY_KEYS,`__id`,,1,16,1,wcqGeY9pIZ,ods_api_jstbz_provider_info_f【EtlDevelop任务】,2026-07-09 02:02:48,816.0,3.0,7,2026-07-09 02:02:46,1,3,0,3,0,0,0.0,ods,共享数据,表级行数非零；表级行数 7/30 天波动；最新日期字段 modified 及时；主键 `__id` 重复检查；店铺标识关键字段空值；原始 API 记录落地完整性,被 3 个分析项目使用；有关联产出任务 1 个；任务下游数量 3；SQL 审计命中 7 次；资源关系引用 1 次；存在 owner/任务负责人证据；有分区 1 个
P2,28.52,ods_api_jstqm_shop_product_info_f,ODS_店铺商品信息表(聚水潭奇门API),管理员,管理员,307717.0,159309088.0,24,PRIMARY_KEYS,`__id`,,1,16,1,ursJBLJzfo,ods_api_jstqm_shop_product_info_f【EtlDevelop任务】,2026-07-09 02:01:08,307717.0,1.0,7,2026-07-09 02:01:02,1,5,0,5,0,0,0.0,ods,共享数据,表级行数非零；表级行数 7/30 天波动；最新日期字段 link_modified 及时；主键 `__id` 重复检查；商品编码/名称关键字段空值；店铺标识关键字段空值；原始 API 记录落地完整性,被 5 个分析项目使用；有关联产出任务 1 个；任务下游数量 1；SQL 审计命中 7 次；资源关系引用 1 次；存在 owner/任务负责人证据；有分区 1 个
P2,28,_persist_COLLECTION_emuMgVsUcl_WORKING,,,,5100012.0,1383108551.0,76,DUP_KEYS,,,1,4,0,,,,0.0,0.0,0,,0,0,0,0,0,0,21.0,草稿态物化表,共享数据,表级行数非零；表级行数 7/30 天波动；最新日期字段 pay_date 及时；候选业务键 so_id 重复检查；商品编码/名称关键字段空值；物化表与来源 collection 完整性,百万级表行数约 5100012；存储统计超过 1GB；有分区 1 个；字段数 76；未识别到物理主键配置
P2,28,_persist_COLLECTION_hquOvAJNnB_WORKING,,,,5801619.0,1210064439.0,75,DUP_KEYS,,,1,4,0,,,,0.0,0.0,0,,0,0,0,0,0,0,21.0,草稿态物化表,共享数据,表级行数非零；表级行数 7/30 天波动；最新日期字段 pay_date 及时；候选业务键 so_id 重复检查；商品编码/名称关键字段空值；物化表与来源 collection 完整性,百万级表行数约 5801619；存储统计超过 1GB；有分区 1 个；字段数 75；未识别到物理主键配置
P2,28.0,douyinyunfeixian,ODS_抖音_运费险账单数据_RPA,包彦,陶林强,1280098.0,61565366.0,5,PRIMARY_KEYS,`__id`,,1,4,1,sXAhYSBWoO,抖音-运费险账单数据【迁移】,2026-07-09 01:02:19,1280098.0,2.0,0,,1,2,0,2,0,0,0.0,不规范命名,共享数据,表级行数非零；表级行数 7/30 天波动；主键 `__id` 重复检查,被 2 个分析项目使用；有关联产出任务 1 个；任务下游数量 2；资源关系引用 1 次；存在 owner/任务负责人证据；百万级表行数约 1280098；有分区 1 个
P2,28.0,ods_api_dd_product_detail_info_du,ODS_商品详情信息表(抖店API),包彦,陶林强,29780.0,328242177.0,78,PRIMARY_KEYS,"`dt`, `__id`",`dt`,366,732,1,7iATpCqsy1,ODS_商品详情信息表(抖店API)【连接器】,2026-07-09 02:13:22,118.0,3.0,0,,1,7,0,7,0,0,0.0,ods,共享数据,"表级行数非零；表级行数 7/30 天波动；最新分区 `dt` 非空/及时；主键 `dt`, `__id` 重复检查；金额/费用字段非负与异常极值；退款/售后金额与数量范围；商品编码/名称关键字段空值；店铺标识关键字段空值；原始 API 记录落地完整性",被 7 个分析项目使用；有关联产出任务 1 个；任务下游数量 3；资源关系引用 1 次；存在 owner/任务负责人证据；有分区 366 个；字段数 78
P2,28.0,ods_api_jingdong_order_info_du,ODS_销售订单信息表(京东API),管理员,陶林强,349035.0,750346260.0,54,PRIMARY_KEYS,"`dt`, `__id`",`dt`,495,990,1,1Qc96auLXy,ODS_销售订单信息表(京东API)【连接器】,2026-07-09 12:02:25,1227.0,2.0,0,,1,8,0,8,0,0,0.0,ods,共享数据,"表级行数非零；表级行数 7/30 天波动；最新分区 `dt` 非空/及时；主键 `dt`, `__id` 重复检查；金额/费用字段非负与异常极值；店铺标识关键字段空值；原始 API 记录落地完整性",被 8 个分析项目使用；有关联产出任务 1 个；任务下游数量 2；资源关系引用 1 次；存在 owner/任务负责人证据；有分区 495 个；字段数 54
P2,28,ods_api_jstqm_archive_aftersale_order_info_f,ODS_退货退款归档信息表(聚水潭奇门API),管理员,,5103043.0,3768772587.0,37,PRIMARY_KEYS,`__id`,,1,2,0,,,,0.0,0.0,0,,1,4,0,4,0,0,0.0,ods,共享数据,表级行数非零；表级行数 7/30 天波动；最新日期字段 as_date 及时；主键 `__id` 重复检查；金额/费用字段非负与异常极值；退款/售后金额与数量范围；店铺标识关键字段空值；原始 API 记录落地完整性,被 4 个分析项目使用；资源关系引用 1 次；存在 owner/任务负责人证据；百万级表行数约 5103043；存储统计超过 1GB；有分区 1 个
P2,28.0,UD_4971200913022541_YARIG_spzl427,商品资料---4.27,包彦,包彦,33370.0,2207586.0,8,PRIMARY_KEYS,`__id`,,1,4,1,GhMDyBce9A,商品资料---4.27【EXCEL】,2026-07-08 16:31:04,33370.0,6.0,0,,1,8,0,8,0,0,0.0,不规范命名,共享数据,表级行数非零；表级行数 7/30 天波动；主键 `__id` 重复检查；推广费/投放指标非负与日期完整性；商品编码/名称关键字段空值,被 8 个分析项目使用；有关联产出任务 1 个；任务下游数量 6；资源关系引用 1 次；存在 owner/任务负责人证据；有分区 1 个
P2,28.0,UD_6816162936700995_AS8SB_tmhpzlbxs1,天猫-货品资料表.xlsx-Sheet1,蒋秀坤,蒋秀坤,12361.0,715785.0,16,PRIMARY_KEYS,`__id`,,1,4,1,jLMZ70Ak6Z,天猫-货品资料表.xlsx【钉盘接入】,2026-07-09 05:00:05,0.0,6.0,0,,1,8,0,8,0,0,0.0,不规范命名,共享数据,表级行数非零；表级行数 7/30 天波动；主键 `__id` 重复检查,被 8 个分析项目使用；有关联产出任务 1 个；任务下游数量 6；资源关系引用 1 次；存在 owner/任务负责人证据；有分区 1 个
P2,27.98,ud_5179579576634064_splm,商品类目,包彦,李梦丽,2523.0,137257.0,5,PRIMARY_KEYS,`__id`,,1,4,1,aosdbBLgxi,1.2std_天猫流量数据-商品类目【刷新】,2026-07-09 09:15:33,2523.0,0.0,98,2026-07-09 09:15:32,1,0,0,0,0,0,55.0,不规范命名,共享数据,表级行数非零；表级行数 7/30 天波动；主键 `__id` 重复检查；商品编码/名称关键字段空值,有关联产出任务 1 个；SQL 审计命中 98 次；资源关系引用 1 次；存在 owner/任务负责人证据；有分区 1 个
P2,27.52,ods_api_tb_shop_info_f,ODS_店铺信息表(淘宝API),管理员,管理员,3.0,5498.0,9,PRIMARY_KEYS,`__id`,,1,16,1,CgQnPbZp4O,ods_api_tb_shop_info_f【EtlDevelop任务】,2026-07-09 01:00:22,3.0,4.0,7,2026-07-09 01:00:22,1,1,0,1,0,0,0.0,ods,共享数据,表级行数非零；表级行数 7/30 天波动；最新日期字段 dt 及时；主键 `__id` 重复检查；店铺标识关键字段空值；原始 API 记录落地完整性,被 1 个分析项目使用；有关联产出任务 1 个；任务下游数量 4；SQL 审计命中 7 次；资源关系引用 1 次；存在 owner/任务负责人证据；有分区 1 个
P2,27.0,huopinxinghaoshifadi,货品型号始发地,包彦,陶林强,1570.0,130164.0,10,PRIMARY_KEYS,`__id`,,1,16,1,wB80eUhvdf,货品型号始发地【迁移】,,0.0,6.0,0,,1,7,0,7,0,0,0.0,不规范命名,共享数据,表级行数非零；表级行数 7/30 天波动；主键 `__id` 重复检查；推广费/投放指标非负与日期完整性,被 7 个分析项目使用；有关联产出任务 1 个；任务下游数量 6；资源关系引用 1 次；存在 owner/任务负责人证据；有分区 1 个
P2,27.0,ods_api_jstbz_archive_sale_outstock_info_du,ODS_销售出库归档信息表(聚水潭标准API),管理员,管理员,0.0,0.0,62,PRIMARY_KEYS,"`dt`, `__id`",`dt`,1,2,2,Vw8SDZBSrW,ODS_销售出库归档信息表(聚水潭标准API)【连接器】,,0.0,1.0,0,,1,0,0,0,0,0,0.0,ods,共享数据,"表级行数非零；表级行数 7/30 天波动；最新分区 `dt` 非空/及时；主键 `dt`, `__id` 重复检查；金额/费用字段非负与异常极值；推广费/投放指标非负与日期完整性；店铺标识关键字段空值；原始 API 记录落地完整性",有关联产出任务 2 个；任务下游数量 1；资源关系引用 1 次；存在 owner/任务负责人证据；元数据行数为 0；有分区 1 个；字段数 62
P2,27.0,ods_api_jstbz_product_sku_info_du,ODS_商品SKU信息表(聚水潭标准API),管理员,管理员,527024.0,181170704.0,57,PRIMARY_KEYS,"`dt`, `__id`",`dt`,218,436,1,XKQ97xGdsh,ODS_商品SKU信息表(聚水潭标准API)【连接器】,2026-07-09 02:03:06,6904.0,1.0,0,,1,8,0,8,0,0,0.0,ods,共享数据,"表级行数非零；表级行数 7/30 天波动；最新分区 `dt` 非空/及时；主键 `dt`, `__id` 重复检查；金额/费用字段非负与异常极值；商品编码/名称关键字段空值；店铺标识关键字段空值；原始 API 记录落地完整性",被 8 个分析项目使用；有关联产出任务 1 个；任务下游数量 1；资源关系引用 1 次；存在 owner/任务负责人证据；有分区 218 个；字段数 57
P2,27.0,ods_api_jstqm_archive_sale_outstock_info_du,ODS_销售出库归档信息表(聚水潭奇门API),管理员,管理员,0.0,0.0,64,PRIMARY_KEYS,"`dt`, `__id`",`dt`,1,2,2,R3ADXew0wn,ODS_销售出库归档信息表(聚水潭奇门API)【连接器】,,0.0,1.0,0,,1,0,0,0,0,0,0.0,ods,共享数据,"表级行数非零；表级行数 7/30 天波动；最新分区 `dt` 非空/及时；主键 `dt`, `__id` 重复检查；金额/费用字段非负与异常极值；推广费/投放指标非负与日期完整性；店铺标识关键字段空值；原始 API 记录落地完整性",有关联产出任务 2 个；任务下游数量 1；资源关系引用 1 次；存在 owner/任务负责人证据；元数据行数为 0；有分区 1 个；字段数 64
P2,26.52,ods_api_jingdong_ware_info_f,ODS_商品信息表(京东API),管理员,管理员,1030.0,4282304.0,65,PRIMARY_KEYS,`__id`,,1,16,1,08cjCYqSsT,ods_api_jingdong_ware_info_f【EtlDevelop任务】,2026-07-09 02:05:05,1030.0,0.0,7,2026-07-09 02:05:02,1,0,0,0,0,0,0.0,ods,共享数据,表级行数非零；表级行数 7/30 天波动；最新日期字段 modified 及时；主键 `__id` 重复检查；金额/费用字段非负与异常极值；退款/售后金额与数量范围；推广费/投放指标非负与日期完整性；商品编码/名称关键字段空值；店铺标识关键字段空值；原始 API 记录落地完整性,有关联产出任务 1 个；SQL 审计命中 7 次；资源关系引用 1 次；存在 owner/任务负责人证据；有分区 1 个；字段数 65
P2,26.52,ods_api_jstbz_shop_product_info_f,ODS_店铺商品信息表(聚水潭标准API),管理员,管理员,71040.0,37089267.0,27,PRIMARY_KEYS,`__id`,,1,16,1,dd8qB9ps7y,ods_api_jstbz_shop_product_info_f【EtlDevelop任务】,2026-07-09 02:04:05,71040.0,1.0,7,2026-07-09 02:04:03,1,3,0,3,0,0,0.0,ods,共享数据,表级行数非零；表级行数 7/30 天波动；最新日期字段 modified 及时；主键 `__id` 重复检查；金额/费用字段非负与异常极值；商品编码/名称关键字段空值；店铺标识关键字段空值；原始 API 记录落地完整性,被 3 个分析项目使用；有关联产出任务 1 个；任务下游数量 1；SQL 审计命中 7 次；资源关系引用 1 次；存在 owner/任务负责人证据；有分区 1 个
P2,26.0,ods_api_tb_wxtwjb_item_promotion_report_info_du,ODS_宝贝主体报告信息表(淘宝万相台无界API),包彦,陶林强,425332.0,248348987.0,6,PRIMARY_KEYS,"`dt`, `__id`",`dt`,396,792,1,oSu8znbUiv,ODS_宝贝主体报告信息表(淘宝万相台无界API)【连接器】,2026-07-09 09:17:58,1177.0,7.0,0,,1,5,0,5,0,0,0.0,ods,共享数据,"表级行数非零；表级行数 7/30 天波动；最新分区 `dt` 非空/及时；主键 `dt`, `__id` 重复检查；推广费/投放指标非负与日期完整性；店铺标识关键字段空值；原始 API 记录落地完整性",被 5 个分析项目使用；有关联产出任务 1 个；任务下游数量 7；资源关系引用 1 次；存在 owner/任务负责人证据；有分区 396 个
P2,26.0,pinduoduoshoushoushuju,ODS_拼多多售后数据,包彦,陶林强,2166308.0,186512964.0,24,PRIMARY_KEYS,`__id`,,1,4,1,q340kVIT8D,ODS_拼多多售后数据【迁移】,2026-07-09 08:11:55,11069544.0,1.0,0,,1,1,0,1,0,0,0.0,不规范命名,共享数据,表级行数非零；表级行数 7/30 天波动；主键 `__id` 重复检查；金额/费用字段非负与异常极值；退款/售后金额与数量范围；商品编码/名称关键字段空值；店铺标识关键字段空值,被 1 个分析项目使用；有关联产出任务 1 个；任务下游数量 1；资源关系引用 1 次；存在 owner/任务负责人证据；百万级表行数约 2166308；有分区 1 个
P2,26.0,shipingid,视频id,包彦,陶林强,1183360.0,41215378.0,3,PRIMARY_KEYS,`__id`,,1,4,1,z0aIrIlDAx,视频id【迁移】,2026-07-09 08:18:53,1183360.0,1.0,0,,1,1,0,1,0,0,0.0,不规范命名,共享数据,表级行数非零；表级行数 7/30 天波动；主键 `__id` 重复检查,被 1 个分析项目使用；有关联产出任务 1 个；任务下游数量 1；资源关系引用 1 次；存在 owner/任务负责人证据；百万级表行数约 1183360；有分区 1 个
P2,26.0,tianmaoshengyicanmouliuliangxinban,天猫-生意参谋-流量来源-新版,包彦,李梦丽,5948900.0,278665230.0,18,PRIMARY_KEYS,`__id`,,1,4,1,9UcdbFLDbK,天猫-生意参谋-流量来源-新版【迁移】,2026-07-09 09:16:54,5948900.0,1.0,0,,1,1,0,1,0,0,0.0,不规范命名,共享数据,表级行数非零；表级行数 7/30 天波动；主键 `__id` 重复检查；金额/费用字段非负与异常极值；商品编码/名称关键字段空值；店铺标识关键字段空值,被 1 个分析项目使用；有关联产出任务 1 个；任务下游数量 1；资源关系引用 1 次；存在 owner/任务负责人证据；百万级表行数约 5948900；有分区 1 个
P2,26.0,tianmaotaokeyongjin,天猫-淘客佣金,包彦,陶林强,1143963.0,132552236.0,24,PRIMARY_KEYS,`__id`,,1,4,1,mXemzumUf5,天猫-淘客佣金【迁移】,2026-07-09 12:02:28,1143963.0,1.0,0,,1,1,0,1,0,0,-1.0,不规范命名,共享数据,表级行数非零；表级行数 7/30 天波动；主键 `__id` 重复检查；金额/费用字段非负与异常极值；商品编码/名称关键字段空值,被 1 个分析项目使用；有关联产出任务 1 个；任务下游数量 1；资源关系引用 1 次；存在 owner/任务负责人证据；百万级表行数约 1143963；有分区 1 个
P2,26,UD_5179579576634064_9XWDG_tmzhbxs3,天猫综合表.xlsx-Sheet3,李梦丽,李梦丽,230.0,28052.0,3,PRIMARY_KEYS,`__id`,,1,16,1,THMXOEGi5s,天猫综合表.xlsx【钉盘接入】,2026-07-09 11:00:37,0.0,22.0,0,,1,0,0,0,0,0,0.0,不规范命名,共享数据,表级行数非零；表级行数 7/30 天波动；主键 `__id` 重复检查,有关联产出任务 1 个；任务下游数量 22；资源关系引用 1 次；存在 owner/任务负责人证据；有分区 1 个
P2,26,UD_5179579576634064_BSV06_tmzhbxs1,天猫综合表.xlsx-Sheet1,李梦丽,李梦丽,14550.0,1027500.0,8,PRIMARY_KEYS,`__id`,,1,16,1,THMXOEGi5s,天猫综合表.xlsx【钉盘接入】,2026-07-09 11:00:37,0.0,22.0,0,,1,0,0,0,0,0,0.0,不规范命名,共享数据,表级行数非零；表级行数 7/30 天波动；主键 `__id` 重复检查,有关联产出任务 1 个；任务下游数量 22；资源关系引用 1 次；存在 owner/任务负责人证据；有分区 1 个
P2,26,UD_5179579576634064_EB3YT_tmzhbxs2,天猫综合表.xlsx-Sheet2,李梦丽,李梦丽,1424.0,164954.0,12,PRIMARY_KEYS,`__id`,,1,16,1,THMXOEGi5s,天猫综合表.xlsx【钉盘接入】,2026-07-09 11:00:37,0.0,22.0,0,,1,0,0,0,0,0,31.0,不规范命名,共享数据,表级行数非零；表级行数 7/30 天波动；主键 `__id` 重复检查；店铺标识关键字段空值,有关联产出任务 1 个；任务下游数量 22；资源关系引用 1 次；存在 owner/任务负责人证据；有分区 1 个
P2,26,ud_5179579576634064_scdpsjzl,市场大盘数据总览,包彦,李梦丽,45743.0,5474314.0,31,PRIMARY_KEYS,`__id`,,1,16,1,gWOU8iofdM,天猫-市场大盘-市场大盘数据总览【刷新】,,0.0,12.0,0,,1,7,0,0,0,0,0.0,不规范命名,共享数据,表级行数非零；表级行数 7/30 天波动；主键 `__id` 重复检查,有关联产出任务 1 个；任务下游数量 12；资源关系引用 1 次；存在 owner/任务负责人证据；有分区 1 个
P2,25.52,ods_api_dingtalk_dept_info_f,ODS_部门信息表(钉钉API),管理员,管理员,168.0,34048.0,8,PRIMARY_KEYS,`__id`,,1,16,1,TRAl2GEgxB,ods_api_dingtalk_dept_info_f【EtlDevelop任务】,2026-07-09 02:01:38,168.0,2.0,7,2026-07-09 02:01:36,1,1,0,1,0,0,0.0,ods,共享数据,表级行数非零；表级行数 7/30 天波动；最新日期字段 dt 及时；主键 `__id` 重复检查；推广费/投放指标非负与日期完整性；店铺标识关键字段空值；原始 API 记录落地完整性,被 1 个分析项目使用；有关联产出任务 1 个；任务下游数量 2；SQL 审计命中 7 次；资源关系引用 1 次；存在 owner/任务负责人证据；有分区 1 个
P2,25.52,ods_api_dingtalk_user_info_f,ODS_用户信息表(钉钉API),管理员,管理员,621.0,207675.0,20,PRIMARY_KEYS,`__id`,,1,16,1,NWgJ6lDXr9,ods_api_dingtalk_user_info_f【EtlDevelop任务】,2026-07-09 02:32:07,621.0,1.0,7,2026-07-09 02:32:06,1,2,0,2,0,0,0.0,ods,共享数据,表级行数非零；表级行数 7/30 天波动；最新日期字段 hired_date 及时；主键 `__id` 重复检查；推广费/投放指标非负与日期完整性；店铺标识关键字段空值；原始 API 记录落地完整性,被 2 个分析项目使用；有关联产出任务 1 个；任务下游数量 1；SQL 审计命中 7 次；资源关系引用 1 次；存在 owner/任务负责人证据；有分区 1 个
P2,25.52,ods_api_jingdong_sku_info_f,ODS_SKU信息表(京东API),管理员,管理员,8650.0,4923609.0,30,PRIMARY_KEYS,`__id`,,1,16,1,HTMXe0QwMB,ods_api_jingdong_sku_info_f【EtlDevelop任务】,2026-07-09 02:11:44,8650.0,2.0,7,2026-07-09 02:11:42,1,1,0,1,0,0,0.0,ods,共享数据,表级行数非零；表级行数 7/30 天波动；最新日期字段 fixedDeliveryTime 及时；主键 `__id` 重复检查；金额/费用字段非负与异常极值；商品编码/名称关键字段空值；店铺标识关键字段空值；原始 API 记录落地完整性,被 1 个分析项目使用；有关联产出任务 1 个；任务下游数量 2；SQL 审计命中 7 次；资源关系引用 1 次；存在 owner/任务负责人证据；有分区 1 个
P2,25.52,ods_api_jstbz_purchase_info_f,ODS_采购信息表(聚水潭标准API),管理员,管理员,20136.0,22752774.0,31,PRIMARY_KEYS,`__id`,,1,16,1,Ll61XPiWt1,ods_api_jstbz_purchase_info_f【EtlDevelop任务】,2026-07-09 02:08:39,20136.0,1.0,7,2026-07-09 02:08:37,1,2,0,2,0,0,0.0,ods,共享数据,表级行数非零；表级行数 7/30 天波动；最新日期字段 po_date 及时；主键 `__id` 重复检查；金额/费用字段非负与异常极值；推广费/投放指标非负与日期完整性；店铺标识关键字段空值；原始 API 记录落地完整性,被 2 个分析项目使用；有关联产出任务 1 个；任务下游数量 1；SQL 审计命中 7 次；资源关系引用 1 次；存在 owner/任务负责人证据；有分区 1 个
P2,25.52,ods_api_tb_onsale_item_list_info_f,ODS_在售商品列表信息表(淘宝API),管理员,管理员,2129.0,1913793.0,32,PRIMARY_KEYS,`__id`,,1,16,1,O6cneC00Zq,ods_api_tb_onsale_item_list_info_f【EtlDevelop任务】,2026-07-09 01:03:39,2129.0,1.0,7,2026-07-09 01:03:37,1,2,0,2,0,0,0.0,ods,共享数据,表级行数非零；表级行数 7/30 天波动；最新日期字段 list_time 及时；主键 `__id` 重复检查；金额/费用字段非负与异常极值；商品编码/名称关键字段空值；店铺标识关键字段空值；原始 API 记录落地完整性,被 2 个分析项目使用；有关联产出任务 1 个；任务下游数量 1；SQL 审计命中 7 次；资源关系引用 1 次；存在 owner/任务负责人证据；有分区 1 个
P2,25,caiwutianmaokuszhifubaozhangdan,财务天猫kus支付宝账单-官方旗舰店,包彦,李梦丽,1667813.0,298179933.0,24,PRIMARY_KEYS,`__id`,,1,16,1,6scB9oXVb4,财务天猫kus支付宝账单-官方旗舰店【迁移】,,0.0,0.0,0,,1,1,0,1,0,0,85.0,不规范命名,共享数据,表级行数非零；表级行数 7/30 天波动；主键 `__id` 重复检查；金额/费用字段非负与异常极值；退款/售后金额与数量范围；商品编码/名称关键字段空值,被 1 个分析项目使用；有关联产出任务 1 个；资源关系引用 1 次；存在 owner/任务负责人证据；百万级表行数约 1667813；有分区 1 个
P2,25.0,ods_api_jingdong_sku_info_du,ODS_SKU信息表(京东API),管理员,陶林强,1162340.0,610664509.0,32,PRIMARY_KEYS,"`dt`, `__id`",`dt`,495,990,1,2ieSzFZLGi,ODS_SKU信息表(京东API)【连接器】,2026-07-09 02:11:42,563.0,1.0,0,,1,0,0,0,0,0,0.0,ods,共享数据,"表级行数非零；表级行数 7/30 天波动；最新分区 `dt` 非空/及时；主键 `dt`, `__id` 重复检查；金额/费用字段非负与异常极值；商品编码/名称关键字段空值；店铺标识关键字段空值；原始 API 记录落地完整性",有关联产出任务 1 个；任务下游数量 1；资源关系引用 1 次；存在 owner/任务负责人证据；百万级表行数约 1162340；有分区 495 个
P2,25.0,ods_api_jstbz_product_multi_supplier_info_du,ODS_商品多供应商信息表(聚水潭标准API),管理员,管理员,8105744.0,952209650.0,20,PRIMARY_KEYS,"`dt`, `__id`",`dt`,218,436,1,kpsVjYYj15,ODS_商品多供应商信息表(聚水潭标准API)【连接器】,2026-07-09 03:15:18,43328.0,1.0,0,,1,0,0,0,0,0,0.0,ods,共享数据,"表级行数非零；表级行数 7/30 天波动；最新分区 `dt` 非空/及时；主键 `dt`, `__id` 重复检查；金额/费用字段非负与异常极值；商品编码/名称关键字段空值；店铺标识关键字段空值；原始 API 记录落地完整性",有关联产出任务 1 个；任务下游数量 1；资源关系引用 1 次；存在 owner/任务负责人证据；百万级表行数约 8105744；有分区 218 个
P2,25.0,ods_api_jstbz_stock_info_du,ODS_库存信息表(聚水潭标准API),管理员,管理员,1514751.0,271864177.0,26,PRIMARY_KEYS,"`dt`, `__id`",`dt`,218,436,1,9W4y0Tnvlx,ODS_库存信息表(聚水潭标准API)【连接器】,2026-07-09 02:08:22,8301.0,1.0,0,,1,0,0,0,0,0,0.0,ods,共享数据,"表级行数非零；表级行数 7/30 天波动；最新分区 `dt` 非空/及时；主键 `dt`, `__id` 重复检查；商品编码/名称关键字段空值；店铺标识关键字段空值；原始 API 记录落地完整性",有关联产出任务 1 个；任务下游数量 1；资源关系引用 1 次；存在 owner/任务负责人证据；百万级表行数约 1514751；有分区 218 个
P2,25,ods_api_jstqm_archive_refund_info_f,ODS_退货退款归档信息表(聚水潭奇门API),管理员,管理员,0.0,0.0,54,PRIMARY_KEYS,`__id`,,1,16,1,uxclnE6T5P,ods_api_jstqm_archive_refund_info_f【EtlDevelop任务】,,0.0,0.0,0,,1,1,0,1,0,0,0.0,ods,共享数据,表级行数非零；表级行数 7/30 天波动；最新日期字段 as_date 及时；主键 `__id` 重复检查；金额/费用字段非负与异常极值；退款/售后金额与数量范围；店铺标识关键字段空值；原始 API 记录落地完整性,被 1 个分析项目使用；有关联产出任务 1 个；资源关系引用 1 次；存在 owner/任务负责人证据；元数据行数为 0；有分区 1 个；字段数 54
P2,25.0,ods_api_tb_wxtwjb_bidwold_report_info_du,ODS_关键词报告信息表(淘宝万相台无界API),包彦,陶林强,2093647.0,636971148.0,6,PRIMARY_KEYS,"`dt`, `__id`",`dt`,394,788,1,Us445UDB8Q,ODS_关键词报告信息表(淘宝万相台无界API)【连接器】,2026-07-09 09:20:31,5034.0,1.0,0,,1,0,0,0,0,0,0.0,ods,共享数据,"表级行数非零；表级行数 7/30 天波动；最新分区 `dt` 非空/及时；主键 `dt`, `__id` 重复检查；店铺标识关键字段空值；原始 API 记录落地完整性",有关联产出任务 1 个；任务下游数量 1；资源关系引用 1 次；存在 owner/任务负责人证据；百万级表行数约 2093647；有分区 394 个
P2,25.0,ods_api_tb_wxtwjb_crowd_report_info_du,ODS_人群报告信息表(淘宝万相台无界API),包彦,陶林强,1728711.0,542199208.0,6,PRIMARY_KEYS,"`dt`, `__id`",`dt`,395,790,1,DyKO6uFiW4,ODS_人群报告信息表(淘宝万相台无界API)【连接器】,2026-07-09 09:19:34,4481.0,1.0,0,,1,0,0,0,0,0,0.0,ods,共享数据,"表级行数非零；表级行数 7/30 天波动；最新分区 `dt` 非空/及时；主键 `dt`, `__id` 重复检查；店铺标识关键字段空值；原始 API 记录落地完整性",有关联产出任务 1 个；任务下游数量 1；资源关系引用 1 次；存在 owner/任务负责人证据；百万级表行数约 1728711；有分区 395 个
P2,25.0,ods_rpa_jst_spider_erp321_sales_outbound_inventory_info_du,ODS_聚水潭销售出库信息表(RPA),管理员,管理员,0.0,0.0,67,PRIMARY_KEYS,`__id`,,1,16,1,nxcv8LU63D,ODS_聚水潭销售出库信息表(RPA)【迁移】,2026-07-09 00:00:05,0.0,1.0,0,,1,0,0,0,0,0,0.0,ods,共享数据,表级行数非零；表级行数 7/30 天波动；最新日期字段 crawl_time 及时；主键 `__id` 重复检查；金额/费用字段非负与异常极值；推广费/投放指标非负与日期完整性；商品编码/名称关键字段空值；店铺标识关键字段空值,有关联产出任务 1 个；任务下游数量 1；资源关系引用 1 次；存在 owner/任务负责人证据；元数据行数为 0；有分区 1 个；字段数 67
P2,25.0,ods_rpa_jst_spider_erp321_sales_outbound_inventory_info_f,ODS_聚水潭销售出库信息表(RPA),管理员,管理员,0.0,0.0,67,PRIMARY_KEYS,`__id`,,1,16,1,7Kq8elz83n,ods_rpa_jst_spider_erp321_sales_outbound_inventory_info_f【EtlDevelop任务】,2026-07-09 00:00:05,0.0,1.0,0,,1,0,0,0,0,0,0.0,ods,共享数据,表级行数非零；表级行数 7/30 天波动；最新日期字段 crawl_time 及时；主键 `__id` 重复检查；金额/费用字段非负与异常极值；推广费/投放指标非负与日期完整性；商品编码/名称关键字段空值；店铺标识关键字段空值,有关联产出任务 1 个；任务下游数量 1；资源关系引用 1 次；存在 owner/任务负责人证据；元数据行数为 0；有分区 1 个；字段数 67
P2,25.0,tiamaozhugongshuju,天猫助攻单,包彦,陶林强,204823.0,11289930.0,11,PRIMARY_KEYS,`__id`,,1,16,1,588SfL3J38,天猫助攻单【迁移】,,0.0,5.0,0,,1,6,0,6,0,0,0.0,不规范命名,共享数据,表级行数非零；表级行数 7/30 天波动；主键 `__id` 重复检查；商品编码/名称关键字段空值；店铺标识关键字段空值,被 6 个分析项目使用；有关联产出任务 1 个；任务下游数量 5；资源关系引用 1 次；存在 owner/任务负责人证据；有分区 1 个
P2,25.0,tianmaoxiaoshoujihuabiao,天猫-销售计划表,包彦,李梦丽,15695.0,1025108.0,15,PRIMARY_KEYS,`__id`,,1,4,1,2LqykyNRIR,天猫-销售计划表【迁移】,2026-07-06 16:29:26,15695.0,5.0,0,,1,7,0,6,0,0,0.0,不规范命名,共享数据,表级行数非零；表级行数 7/30 天波动；主键 `__id` 重复检查；金额/费用字段非负与异常极值；推广费/投放指标非负与日期完整性,被 6 个分析项目使用；有关联产出任务 1 个；任务下游数量 5；资源关系引用 1 次；存在 owner/任务负责人证据；有分区 1 个
P2,24.52,ods_api_jingdong_asc_query_list_info_f,ODS_售后服务单列表信息表(京东API),管理员,管理员,12022.0,13508402.0,47,PRIMARY_KEYS,`__id`,,1,16,1,xMcFDA3tFu,ods_api_jingdong_asc_query_list_info_f【EtlDevelop任务】,2026-07-09 02:11:22,12022.0,1.0,7,2026-07-09 02:11:21,1,1,0,1,0,0,0.0,ods,共享数据,表级行数非零；表级行数 7/30 天波动；最新日期字段 applyTime 及时；主键 `__id` 重复检查；金额/费用字段非负与异常极值；退款/售后金额与数量范围；推广费/投放指标非负与日期完整性；商品编码/名称关键字段空值；店铺标识关键字段空值；原始 API 记录落地完整性,被 1 个分析项目使用；有关联产出任务 1 个；任务下游数量 1；SQL 审计命中 7 次；资源关系引用 1 次；存在 owner/任务负责人证据；有分区 1 个
P2,24.52,ods_api_jingdong_query_the_wallet_flow_info_f,ODS_查询钱包流水明细信息表(京东API),管理员,管理员,495.0,251117.0,19,PRIMARY_KEYS,`__id`,,1,16,1,amM1N2Lomx,ods_api_jingdong_query_the_wallet_flow_info_f【EtlDevelop任务】,2026-07-09 10:01:21,495.0,1.0,7,2026-07-09 10:01:20,1,1,0,1,0,0,0.0,ods,共享数据,表级行数非零；表级行数 7/30 天波动；最新日期字段 bill_date 及时；主键 `__id` 重复检查；金额/费用字段非负与异常极值；推广费/投放指标非负与日期完整性；店铺标识关键字段空值；原始 API 记录落地完整性,被 1 个分析项目使用；有关联产出任务 1 个；任务下游数量 1；SQL 审计命中 7 次；资源关系引用 1 次；存在 owner/任务负责人证据；有分区 1 个
P2,24.52,ods_api_jstbz_product_multi_supplier_info_f,ODS_商品多供应商信息表(聚水潭标准API),管理员,管理员,46617.0,7224875.0,18,PRIMARY_KEYS,`__id`,,1,16,1,ew4GyfR7N4,ods_api_jstbz_product_multi_supplier_info_f【EtlDevelop任务】,2026-07-09 03:15:19,46617.0,1.0,7,2026-07-09 03:15:18,1,1,0,1,0,0,0.0,ods,共享数据,表级行数非零；表级行数 7/30 天波动；最新日期字段 dt 及时；主键 `__id` 重复检查；金额/费用字段非负与异常极值；商品编码/名称关键字段空值；店铺标识关键字段空值；原始 API 记录落地完整性,被 1 个分析项目使用；有关联产出任务 1 个；任务下游数量 1；SQL 审计命中 7 次；资源关系引用 1 次；存在 owner/任务负责人证据；有分区 1 个
P2,24.52,ods_api_jstbz_purchase_return_info_f,ODS_采购退货信息表(聚水潭标准API),管理员,管理员,5529.0,10318917.0,31,PRIMARY_KEYS,`__id`,,1,16,1,J1uI61jlZH,ods_api_jstbz_purchase_return_info_f【EtlDevelop任务】,2026-07-09 02:11:33,5529.0,1.0,7,2026-07-09 02:11:32,1,1,0,1,0,0,0.0,ods,共享数据,表级行数非零；表级行数 7/30 天波动；最新日期字段 io_date 及时；主键 `__id` 重复检查；金额/费用字段非负与异常极值；退款/售后金额与数量范围；推广费/投放指标非负与日期完整性；店铺标识关键字段空值；原始 API 记录落地完整性,被 1 个分析项目使用；有关联产出任务 1 个；任务下游数量 1；SQL 审计命中 7 次；资源关系引用 1 次；存在 owner/任务负责人证据；有分区 1 个
P2,24.52,ods_api_jstbz_shop_info_f,ODS_店铺信息表(聚水潭标准API),管理员,管理员,129.0,98838.0,17,PRIMARY_KEYS,`__id`,,1,16,1,TZuog466tg,ods_api_jstbz_shop_info_f【EtlDevelop任务】,2026-07-09 02:01:16,129.0,2.0,7,2026-07-09 02:01:13,1,0,0,0,0,0,0.0,ods,共享数据,表级行数非零；表级行数 7/30 天波动；最新日期字段 dt 及时；主键 `__id` 重复检查；店铺标识关键字段空值；原始 API 记录落地完整性,有关联产出任务 1 个；任务下游数量 2；SQL 审计命中 7 次；资源关系引用 1 次；存在 owner/任务负责人证据；有分区 1 个
P2,24.52,ods_api_jstbz_virtual_warehouse_info_f,ODS_虚拟仓库信息表(聚水潭标准API),管理员,管理员,14.0,37535.0,11,PRIMARY_KEYS,`__id`,,1,16,1,TOuIiUvnSA,ods_api_jstbz_virtual_warehouse_info_f【EtlDevelop任务】,2026-07-09 02:11:23,14.0,0.0,7,2026-07-09 02:11:22,1,2,0,2,0,0,0.0,ods,共享数据,表级行数非零；表级行数 7/30 天波动；最新日期字段 dt 及时；主键 `__id` 重复检查；店铺标识关键字段空值；原始 API 记录落地完整性,被 2 个分析项目使用；有关联产出任务 1 个；SQL 审计命中 7 次；资源关系引用 1 次；存在 owner/任务负责人证据；有分区 1 个
P2,24,_persist_COLLECTION_g8gfxcgUJq,,,,13412612.0,15380826361.0,82,DUP_KEYS,,,8,32,0,,,,0.0,0.0,0,,0,0,0,0,0,0,183.0,正式态物化表,共享数据,表级行数非零；表级行数 7/30 天波动；最新日期字段 send_date 及时；候选业务键 so_id 重复检查；金额/费用字段非负与异常极值；推广费/投放指标非负与日期完整性；商品编码/名称关键字段空值；店铺标识关键字段空值；物化表与来源 collection 完整性；原始 API 记录落地完整性,大表行数约 13412612；存储统计超过 10GB；有分区 8 个；字段数 82；未识别到物理主键配置；长期未使用 183 天且无消费证据
P2,24,_persist_COLLECTION_jYAnr6YuIw,,,,13991577.0,16794727247.0,56,DUP_KEYS,,,8,32,0,,,,0.0,0.0,0,,0,0,0,0,0,0,183.0,正式态物化表,共享数据,表级行数非零；表级行数 7/30 天波动；最新日期字段 send_date 及时；候选业务键 so_id 重复检查；金额/费用字段非负与异常极值；商品编码/名称关键字段空值；店铺标识关键字段空值；物化表与来源 collection 完整性；原始 API 记录落地完整性,大表行数约 13991577；存储统计超过 10GB；有分区 8 个；字段数 56；未识别到物理主键配置；长期未使用 183 天且无消费证据
P2,24,bak_ods_api_jstqm_sale_order_info_f,,,,20324536.0,26238081517.0,81,DUP_KEYS,,,1,1,0,,,,0.0,0.0,0,,0,0,0,0,0,0,187.0,bak,共享数据,表级行数非零；表级行数 7/30 天波动；最新日期字段 send_date 及时；候选业务键 so_id 重复检查；金额/费用字段非负与异常极值；推广费/投放指标非负与日期完整性；商品编码/名称关键字段空值；店铺标识关键字段空值；原始 API 记录落地完整性,大表行数约 20324536；存储统计超过 10GB；有分区 1 个；字段数 81；未识别到物理主键配置；长期未使用 187 天且无消费证据
P2,24,bak_ods_api_jstqm_sale_outstock_info_f,,,,24113742.0,13049274945.0,64,DUP_KEYS,,,1,1,0,,,,0.0,0.0,0,,0,0,0,0,0,0,188.0,bak,共享数据,表级行数非零；表级行数 7/30 天波动；最新日期字段 modified 及时；候选业务键 so_id 重复检查；金额/费用字段非负与异常极值；推广费/投放指标非负与日期完整性；店铺标识关键字段空值；原始 API 记录落地完整性,大表行数约 24113742；存储统计超过 10GB；有分区 1 个；字段数 64；未识别到物理主键配置；长期未使用 188 天且无消费证据
P2,24.0,ods_api_jlqc_uni_promition_root_report_info_du,ODS_全域推广直播间维度信息表(巨量千川API),包彦,包彦,1956.0,633242.0,20,PRIMARY_KEYS,"`dt`, `__id`",`dt`,70,70,1,TJgtI2jvcD,ODS_全域推广直播间维度信息表(巨量千川API)【连接器】,2026-07-09 05:16:32,22.0,3.0,0,,1,7,0,7,0,0,0.0,ods,共享数据,"表级行数非零；表级行数 7/30 天波动；最新分区 `dt` 非空/及时；主键 `dt`, `__id` 重复检查；金额/费用字段非负与异常极值；推广费/投放指标非负与日期完整性；店铺标识关键字段空值；原始 API 记录落地完整性",被 7 个分析项目使用；有关联产出任务 1 个；任务下游数量 3；资源关系引用 1 次；存在 owner/任务负责人证据；有分区 70 个
P2,24,ods_api_jstbz_archive_sale_order_info_f,ODS_销售订单归档信息表(聚水潭标准API),管理员,管理员,0.0,0.0,82,PRIMARY_KEYS,`__id`,,1,16,1,FBMPs7SXh9,ods_api_jstbz_archive_sale_order_info_f【EtlDevelop任务】,,0.0,0.0,0,,1,0,0,0,0,0,0.0,ods,共享数据,表级行数非零；表级行数 7/30 天波动；最新日期字段 send_date 及时；主键 `__id` 重复检查；金额/费用字段非负与异常极值；推广费/投放指标非负与日期完整性；商品编码/名称关键字段空值；店铺标识关键字段空值；原始 API 记录落地完整性,有关联产出任务 1 个；资源关系引用 1 次；存在 owner/任务负责人证据；元数据行数为 0；有分区 1 个；字段数 82
P2,24,ods_api_jstbz_archive_sale_outstock_info_f,ODS_销售出库归档信息表(聚水潭标准API),管理员,管理员,0.0,0.0,62,PRIMARY_KEYS,`__id`,,1,16,1,9SuE6yYN1D,ods_api_jstbz_archive_sale_outstock_info_f【EtlDevelop任务】,,0.0,0.0,0,,1,0,0,0,0,0,0.0,ods,共享数据,表级行数非零；表级行数 7/30 天波动；最新日期字段 modified 及时；主键 `__id` 重复检查；金额/费用字段非负与异常极值；推广费/投放指标非负与日期完整性；店铺标识关键字段空值；原始 API 记录落地完整性,有关联产出任务 1 个；资源关系引用 1 次；存在 owner/任务负责人证据；元数据行数为 0；有分区 1 个；字段数 62
P2,24.0,ods_api_jstbz_product_history_cost_price_info_du,ODS_商品历史成本价信息表(聚水潭标准API),管理员,管理员,45733.0,2268490124.0,8,PRIMARY_KEYS,"`dt`, `__id`",`dt`,211,422,1,CwKoF1SXBd,ODS_商品历史成本价信息表(聚水潭标准API)【连接器】,2026-07-09 02:07:08,244.0,1.0,0,,1,3,0,3,0,0,0.0,ods,共享数据,"表级行数非零；表级行数 7/30 天波动；最新分区 `dt` 非空/及时；主键 `dt`, `__id` 重复检查；金额/费用字段非负与异常极值；商品编码/名称关键字段空值；店铺标识关键字段空值；原始 API 记录落地完整性",被 3 个分析项目使用；有关联产出任务 1 个；任务下游数量 1；资源关系引用 1 次；存在 owner/任务负责人证据；存储统计超过 1GB；有分区 211 个
P2,24,ods_api_tb_item_sku_info_du_testaaa,ODS_商品SKU信息表(淘宝API),管理员,管理员,3212708.0,632095177.0,19,PRIMARY_KEYS,"`dt`, `__id`",`dt`,245,490,1,d0u2G4YA3k,ODS_商品SKU信息表(淘宝API)【连接器】,2026-07-09 01:04:16,14401.0,0.0,0,,1,0,0,0,0,0,0.0,ods,我的数据,"表级行数非零；表级行数 7/30 天波动；最新分区 `dt` 非空/及时；主键 `dt`, `__id` 重复检查；金额/费用字段非负与异常极值；商品编码/名称关键字段空值；店铺标识关键字段空值；原始 API 记录落地完整性",有关联产出任务 1 个；资源关系引用 1 次；存在 owner/任务负责人证据；百万级表行数约 3212708；有分区 245 个
P2,24.0,ods_api_xhsjg_report_offline_note_info_du,ODS_笔记层级离线报表数据信息表(小红书聚光API),包彦,陶林强,57039.0,56324579.0,163,PRIMARY_KEYS,"`dt`, `__id`",`dt`,406,812,1,ti65L25tWv,ODS_笔记层级离线报表数据信息表(小红书聚光API)【连接器】,2026-07-09 10:00:49,4.0,1.0,0,,1,1,0,1,0,0,0.0,ods,共享数据,"表级行数非零；表级行数 7/30 天波动；最新分区 `dt` 非空/及时；主键 `dt`, `__id` 重复检查；金额/费用字段非负与异常极值；退款/售后金额与数量范围；推广费/投放指标非负与日期完整性；店铺标识关键字段空值；原始 API 记录落地完整性",被 1 个分析项目使用；有关联产出任务 1 个；任务下游数量 1；资源关系引用 1 次；存在 owner/任务负责人证据；有分区 406 个；宽表字段数 163
P2,24.0,std_data_government_meta_fast_engine_audit_mv,数据治理元数据_SQL监控表,管理员,管理员,777396.0,1469501003.0,48,PRIMARY_KEYS,"`calculated_date`, `__id`",`calculated_date`,9,20,1,Ab8EKK2QHr,魔方数据治理（勿动）_数据治理元数据_SQL监控【EtlDevelop任务】,2026-07-09 14:01:59,897620.0,4.0,0,,1,2,0,0,0,0,-1.0,std,共享数据,"表级行数非零；表级行数 7/30 天波动；最新分区 `calculated_date` 非空/及时；主键 `calculated_date`, `__id` 重复检查；金额/费用字段非负与异常极值",有关联产出任务 1 个；任务下游数量 4；资源关系引用 1 次；存在 owner/任务负责人证据；存储统计超过 1GB；有分区 9 个
P2,24.0,tianmao_huopinziliaobiao,天猫_货品资料表,包彦,陶林强,11758.0,812516.0,7,PRIMARY_KEYS,`__id`,,1,16,1,dp4cLNSZBY,天猫_货品资料表【迁移】,,0.0,5.0,0,,1,5,0,5,0,0,6.0,不规范命名,共享数据,表级行数非零；表级行数 7/30 天波动；主键 `__id` 重复检查；店铺标识关键字段空值,被 5 个分析项目使用；有关联产出任务 1 个；任务下游数量 5；资源关系引用 1 次；存在 owner/任务负责人证据；有分区 1 个
P2,24,ud_6816162936700995_dbcl,单表处理,蒋秀坤,蒋秀坤,2399668.0,223452080.0,17,PRIMARY_KEYS,"`business_date`, `__id`",`business_date`,75,75,1,8EaG8aQup0,未命名分析-2026-06-03 14:47:36-拼多多对账中心贷款明细（forAPI）【刷新】,,0.0,0.0,0,,1,0,0,0,0,0,35.0,不规范命名,共享数据,"表级行数非零；表级行数 7/30 天波动；最新分区 `business_date` 非空/及时；主键 `business_date`, `__id` 重复检查；金额/费用字段非负与异常极值；店铺标识关键字段空值",有关联产出任务 1 个；资源关系引用 1 次；存在 owner/任务负责人证据；百万级表行数约 2399668；有分区 75 个
P2,24.0,xhspgy_data_center_export,小红书蒲公英-数据中心导出,包彦,陶林强,967071.0,228923022.0,158,PRIMARY_KEYS,`__id`,,1,4,1,MKq88uhasI,小红书蒲公英-数据中心导出【迁移】,2026-07-09 15:00:19,967071.0,1.0,0,,1,1,0,1,0,0,0.0,不规范命名,共享数据,表级行数非零；表级行数 7/30 天波动；最新日期字段 number_exposedteractive_components 及时；主键 `__id` 重复检查；金额/费用字段非负与异常极值；推广费/投放指标非负与日期完整性,被 1 个分析项目使用；有关联产出任务 1 个；任务下游数量 1；资源关系引用 1 次；存在 owner/任务负责人证据；有分区 1 个；宽表字段数 158
P2,23.52,bwd_api_tb_wxtwjb_account_report_info_f,BWD_账户报告信息表(淘宝万相台无界API),包彦,管理员,3078.0,353707.0,24,PRIMARY_KEYS,`__id`,,1,16,1,Hr42BZ6qcK,bwd_api_tb_wxtwjb_account_report_info_f【EtlDevelop任务】,2026-07-09 09:19:36,3078.0,0.0,7,2026-07-09 09:19:32,1,1,0,1,0,0,85.0,bwd,共享数据,表级行数非零；表级行数 7/30 天波动；最新日期字段 thedate 及时；主键 `__id` 重复检查；金额/费用字段非负与异常极值；推广费/投放指标非负与日期完整性；店铺标识关键字段空值；原始 API 记录落地完整性,被 1 个分析项目使用；有关联产出任务 1 个；SQL 审计命中 7 次；资源关系引用 1 次；存在 owner/任务负责人证据；有分区 1 个
P2,23.52,bwd_api_tb_wxtwjb_item_promotion_report_info_f,BWD_宝贝主体报告信息表(淘宝万相台无界API),包彦,管理员,425332.0,46580475.0,37,PRIMARY_KEYS,`__id`,,1,16,1,r8OMsNozT1,bwd_api_tb_wxtwjb_item_promotion_report_info_f【EtlDevelop任务】,2026-07-09 09:18:24,425332.0,0.0,7,2026-07-09 09:17:57,1,1,0,1,0,0,85.0,bwd,共享数据,表级行数非零；表级行数 7/30 天波动；最新日期字段 thedate 及时；主键 `__id` 重复检查；金额/费用字段非负与异常极值；推广费/投放指标非负与日期完整性；店铺标识关键字段空值；原始 API 记录落地完整性,被 1 个分析项目使用；有关联产出任务 1 个；SQL 审计命中 7 次；资源关系引用 1 次；存在 owner/任务负责人证据；有分区 1 个
P2,23.52,bwd_api_tb_wxtwjb_other_promotion_report_info_f,BWD_其他主体报告信息表(淘宝万相台无界API),包彦,管理员,93404.0,9834763.0,35,PRIMARY_KEYS,`__id`,,1,16,1,6k86vVfK5R,bwd_api_tb_wxtwjb_other_promotion_report_info_f【EtlDevelop任务】,2026-07-09 09:19:08,93404.0,0.0,7,2026-07-09 09:19:03,1,1,0,1,0,0,85.0,bwd,共享数据,表级行数非零；表级行数 7/30 天波动；最新日期字段 thedate 及时；主键 `__id` 重复检查；金额/费用字段非负与异常极值；推广费/投放指标非负与日期完整性；店铺标识关键字段空值；原始 API 记录落地完整性,被 1 个分析项目使用；有关联产出任务 1 个；SQL 审计命中 7 次；资源关系引用 1 次；存在 owner/任务负责人证据；有分区 1 个
P2,23.52,ods_api_jingdong_aftersale_indemnity_query_info_f,ODS_小额打款-查询打款记录查询接口信息表(京东API),管理员,管理员,5.0,14025.0,14,PRIMARY_KEYS,`__id`,,1,16,1,PbqoFVBV6V,ods_api_jingdong_aftersale_indemnity_query_info_f【EtlDevelop任务】,2026-07-09 10:03:04,5.0,0.0,7,2026-07-09 10:03:03,1,1,0,1,0,0,0.0,ods,共享数据,表级行数非零；表级行数 7/30 天波动；最新日期字段 apply_time 及时；主键 `__id` 重复检查；退款/售后金额与数量范围；店铺标识关键字段空值；原始 API 记录落地完整性,被 1 个分析项目使用；有关联产出任务 1 个；SQL 审计命中 7 次；资源关系引用 1 次；存在 owner/任务负责人证据；有分区 1 个
P2,23.52,ods_api_jstbz_check_info_f,ODS_盘点信息表(聚水潭标准API),管理员,管理员,3026.0,6296621.0,18,PRIMARY_KEYS,`__id`,,1,16,1,mWuk6TYsCk,ods_api_jstbz_check_info_f【EtlDevelop任务】,2026-07-09 02:05:13,3026.0,1.0,7,2026-07-09 02:05:11,1,0,0,0,0,0,0.0,ods,共享数据,表级行数非零；表级行数 7/30 天波动；最新日期字段 io_date 及时；主键 `__id` 重复检查；店铺标识关键字段空值；原始 API 记录落地完整性,有关联产出任务 1 个；任务下游数量 1；SQL 审计命中 7 次；资源关系引用 1 次；存在 owner/任务负责人证据；有分区 1 个
P2,23.52,ods_api_jstbz_logistics_info_f,ODS_物流档案信息表(聚水潭标准API),管理员,管理员,381.0,71737.0,7,PRIMARY_KEYS,`__id`,,1,16,1,w6g5feYXdh,ods_api_jstbz_logistics_info_f【EtlDevelop任务】,2026-07-09 02:04:30,381.0,1.0,7,2026-07-09 02:04:28,1,0,0,0,0,0,0.0,ods,共享数据,表级行数非零；表级行数 7/30 天波动；最新日期字段 modified 及时；主键 `__id` 重复检查；店铺标识关键字段空值；原始 API 记录落地完整性,有关联产出任务 1 个；任务下游数量 1；SQL 审计命中 7 次；资源关系引用 1 次；存在 owner/任务负责人证据；有分区 1 个
P2,23.52,ods_api_jstbz_other_iostock_info_f,ODS_其他出入库信息表(聚水潭标准API),管理员,管理员,19013.0,11102160.0,35,PRIMARY_KEYS,`__id`,,1,16,1,8fs94FUB7D,ods_api_jstbz_other_iostock_info_f【EtlDevelop任务】,2026-07-09 02:11:19,19013.0,1.0,7,2026-07-09 02:11:17,1,0,0,0,0,0,0.0,ods,共享数据,表级行数非零；表级行数 7/30 天波动；最新日期字段 io_date 及时；主键 `__id` 重复检查；推广费/投放指标非负与日期完整性；店铺标识关键字段空值；原始 API 记录落地完整性,有关联产出任务 1 个；任务下游数量 1；SQL 审计命中 7 次；资源关系引用 1 次；存在 owner/任务负责人证据；有分区 1 个
P2,23.52,ods_api_jstbz_pre_purchase_instock_info_f,ODS_预约采购入库信息表(聚水潭标准API),管理员,管理员,2331.0,930070.0,18,PRIMARY_KEYS,`__id`,,1,16,1,5NqodiuUyN,ods_api_jstbz_pre_purchase_instock_info_f【EtlDevelop任务】,2026-07-09 02:01:37,2331.0,0.0,7,2026-07-09 02:01:36,1,1,0,1,0,0,0.0,ods,共享数据,表级行数非零；表级行数 7/30 天波动；最新日期字段 plan_arrive_date 及时；主键 `__id` 重复检查；推广费/投放指标非负与日期完整性；店铺标识关键字段空值；原始 API 记录落地完整性,被 1 个分析项目使用；有关联产出任务 1 个；SQL 审计命中 7 次；资源关系引用 1 次；存在 owner/任务负责人证据；有分区 1 个
P2,23.52,ods_api_jstbz_product_history_cost_price_info_f,ODS_商品历史成本价信息表(聚水潭标准API),管理员,管理员,244.0,11406592.0,6,PRIMARY_KEYS,`__id`,,1,16,1,0ccP8y2dQJ,ods_api_jstbz_product_history_cost_price_info_f【EtlDevelop任务】,2026-07-09 02:07:09,244.0,1.0,7,2026-07-09 02:07:08,1,0,0,0,0,0,0.0,ods,共享数据,表级行数非零；表级行数 7/30 天波动；最新日期字段 dt 及时；主键 `__id` 重复检查；金额/费用字段非负与异常极值；商品编码/名称关键字段空值；店铺标识关键字段空值；原始 API 记录落地完整性,有关联产出任务 1 个；任务下游数量 1；SQL 审计命中 7 次；资源关系引用 1 次；存在 owner/任务负责人证据；有分区 1 个
P2,23.52,ods_api_jstbz_transfer_info_f,ODS_调拨信息表(聚水潭标准API),管理员,管理员,64007.0,90043827.0,36,PRIMARY_KEYS,`__id`,,1,16,1,EY4iIkMg7C,ods_api_jstbz_transfer_info_f【EtlDevelop任务】,2026-07-09 02:01:47,64007.0,1.0,7,2026-07-09 02:01:42,1,0,0,0,0,0,0.0,ods,共享数据,表级行数非零；表级行数 7/30 天波动；最新日期字段 io_date 及时；主键 `__id` 重复检查；推广费/投放指标非负与日期完整性；店铺标识关键字段空值；原始 API 记录落地完整性,有关联产出任务 1 个；任务下游数量 1；SQL 审计命中 7 次；资源关系引用 1 次；存在 owner/任务负责人证据；有分区 1 个
P2,23.52,std_api_jlqc_adv_release_effect_info_f,STD_广告投放效果信息表(巨量千川API),管理员,管理员,29123.0,1945903.0,30,PRIMARY_KEYS,`__id`,,1,4,1,wR8ck3e1h1,STD(巨量千川API标准层)_std_api_jlqc_adv_release_effect_info_f【EtlDevelop任务】,2026-07-09 10:01:43,29123.0,0.0,7,2026-07-09 10:01:38,1,1,0,1,0,0,0.0,std,共享数据,表级行数非零；表级行数 7/30 天波动；最新日期字段 release_time 及时；主键 `__id` 重复检查；金额/费用字段非负与异常极值；推广费/投放指标非负与日期完整性；商品编码/名称关键字段空值；店铺标识关键字段空值；原始 API 记录落地完整性,被 1 个分析项目使用；有关联产出任务 1 个；SQL 审计命中 7 次；资源关系引用 1 次；存在 owner/任务负责人证据；有分区 1 个
P2,23,_persist_COLLECTION_iDOaZjdu8O,,陶林强,,3885932.0,139757171.0,16,DUP_KEYS,,,1,4,0,,,,0.0,0.0,0,,0,0,0,0,0,1,8.0,正式态物化表,共享数据,表级行数非零；表级行数 7/30 天波动；物化表与来源 collection 完整性,存在 owner/任务负责人证据；百万级表行数约 3885932；有分区 1 个；未识别到物理主键配置；被物化关系引用 1 次
P2,23,_persist_COLLECTION_iDOaZjdu8O_WORKING,,陶林强,,3096156.0,110793995.0,16,DUP_KEYS,,,1,4,0,,,,0.0,0.0,0,,0,0,0,0,0,1,14.0,草稿态物化表,共享数据,表级行数非零；表级行数 7/30 天波动；物化表与来源 collection 完整性,存在 owner/任务负责人证据；百万级表行数约 3096156；有分区 1 个；未识别到物理主键配置；被物化关系引用 1 次
P2,23,_persist_COLLECTION_uUKui373TZ,,陶林强,,4631551.0,144486265.0,21,DUP_KEYS,,,1,4,0,,,,0.0,0.0,0,,0,0,0,0,0,1,0.0,正式态物化表,共享数据,表级行数非零；表级行数 7/30 天波动；商品编码/名称关键字段空值；物化表与来源 collection 完整性,存在 owner/任务负责人证据；百万级表行数约 4631551；有分区 1 个；未识别到物理主键配置；被物化关系引用 1 次
P2,23.0,ods_api_jlqc_uni_promition_report_info_du_old,ODS_全域推广报告信息表(巨量千川API)_旧,包彦,陶林强,16489.0,8171122.0,17,PRIMARY_KEYS,"`dt`, `__id`",`dt`,555,1110,1,MegrZkwZoP,ODS_全域推广报告信息表(巨量千川API)【连接器】,2026-07-09 10:01:13,11.0,3.0,0,,1,1,0,1,0,0,0.0,ods,共享数据,"表级行数非零；表级行数 7/30 天波动；最新分区 `dt` 非空/及时；主键 `dt`, `__id` 重复检查；金额/费用字段非负与异常极值；推广费/投放指标非负与日期完整性；店铺标识关键字段空值；原始 API 记录落地完整性",被 1 个分析项目使用；有关联产出任务 1 个；任务下游数量 3；资源关系引用 1 次；存在 owner/任务负责人证据；分区数 555
P2,23.0,ods_api_tb_wxtwjb_other_report_info_du,ODS_其他主体报表信息表(淘宝万相台无界API),包彦,陶林强,93404.0,39293214.0,6,PRIMARY_KEYS,"`dt`, `__id`",`dt`,396,792,1,crAbnrweld,ODS_其他主体报表信息表(淘宝万相台无界API)【连接器】,2026-07-09 09:19:04,250.0,4.0,0,,1,5,0,5,0,0,0.0,ods,共享数据,"表级行数非零；表级行数 7/30 天波动；最新分区 `dt` 非空/及时；主键 `dt`, `__id` 重复检查；店铺标识关键字段空值；原始 API 记录落地完整性",被 5 个分析项目使用；有关联产出任务 1 个；任务下游数量 4；资源关系引用 1 次；存在 owner/任务负责人证据；有分区 396 个
P2,23,ods_api_xhsjg_report_offline_note_info_du_cs,ODS_笔记层级离线报表数据信息表(小红书聚光API),管理员,管理员,79031.0,67620085.0,163,PRIMARY_KEYS,"`dt`, `__id`",`dt`,354,708,1,PJQPxx1UNy,ODS_笔记层级离线报表数据信息表(小红书聚光API)【连接器】,2026-07-09 10:00:58,4.0,0.0,0,,1,1,0,1,0,0,0.0,ods,我的数据,"表级行数非零；表级行数 7/30 天波动；最新分区 `dt` 非空/及时；主键 `dt`, `__id` 重复检查；金额/费用字段非负与异常极值；退款/售后金额与数量范围；推广费/投放指标非负与日期完整性；店铺标识关键字段空值；原始 API 记录落地完整性",被 1 个分析项目使用；有关联产出任务 1 个；资源关系引用 1 次；存在 owner/任务负责人证据；有分区 354 个；宽表字段数 163
P2,23,UD_1_29SGU_shd202512131,售后单_20251213132254_128501881_1,管理员,管理员,10989.0,3706639.0,103,PRIMARY_KEYS,`__id`,,1,16,1,WuMdXnfk14,售后单_20251213132254_128501881_1【EXCEL】,,0.0,0.0,0,,1,1,0,1,0,0,0.0,不规范命名,我的数据,表级行数非零；表级行数 7/30 天波动；主键 `__id` 重复检查；退款/售后金额与数量范围；商品编码/名称关键字段空值,被 1 个分析项目使用；有关联产出任务 1 个；资源关系引用 1 次；存在 owner/任务负责人证据；有分区 1 个；宽表字段数 103
P2,23,UD_8514836938733626_X5QWY_wldd0105,物流订单0105,尹建辉,尹建辉,293216.0,63229979.0,105,PRIMARY_KEYS,`__id`,,1,4,1,b2M50VSWvl,物流订单0105【EXCEL】,2026-06-30 17:52:46,293216.0,0.0,0,,1,1,0,1,0,0,6.0,不规范命名,我的数据,表级行数非零；表级行数 7/30 天波动；主键 `__id` 重复检查；推广费/投放指标非负与日期完整性；商品编码/名称关键字段空值；店铺标识关键字段空值,被 1 个分析项目使用；有关联产出任务 1 个；资源关系引用 1 次；存在 owner/任务负责人证据；有分区 1 个；宽表字段数 105
P2,22.52,bwd_api_tb_wxtwjb_adgroup_report_info_f,BWD_单元报告信息表(淘宝万相台无界API),包彦,管理员,228561.0,24276684.0,31,PRIMARY_KEYS,`__id`,,1,16,1,gUO2RBY9yb,bwd_api_tb_wxtwjb_adgroup_report_info_f【EtlDevelop任务】,2026-07-09 09:20:46,228561.0,0.0,7,2026-07-09 09:20:39,1,0,0,0,0,0,85.0,bwd,共享数据,表级行数非零；表级行数 7/30 天波动；最新日期字段 thedate 及时；主键 `__id` 重复检查；金额/费用字段非负与异常极值；推广费/投放指标非负与日期完整性；店铺标识关键字段空值；原始 API 记录落地完整性,有关联产出任务 1 个；SQL 审计命中 7 次；资源关系引用 1 次；存在 owner/任务负责人证据；有分区 1 个
P2,22.52,bwd_api_tb_wxtwjb_campaign_report_info_f,BWD_计划报告信息表(淘宝万相台无界API),包彦,管理员,410025.0,37493460.0,27,PRIMARY_KEYS,`__id`,,1,16,1,5pApAyE8Zj,bwd_api_tb_wxtwjb_campaign_report_info_f【EtlDevelop任务】,2026-07-09 09:20:55,410025.0,0.0,7,2026-07-09 09:20:41,1,0,0,0,0,0,85.0,bwd,共享数据,表级行数非零；表级行数 7/30 天波动；最新日期字段 thedate 及时；主键 `__id` 重复检查；金额/费用字段非负与异常极值；推广费/投放指标非负与日期完整性；店铺标识关键字段空值；原始 API 记录落地完整性,有关联产出任务 1 个；SQL 审计命中 7 次；资源关系引用 1 次；存在 owner/任务负责人证据；有分区 1 个
P2,22.52,bwd_api_tb_wxtwjb_creative_report_info_f,BWD_创意报告信息表(淘宝万相台无界API),包彦,管理员,519575.0,62724820.0,38,PRIMARY_KEYS,`__id`,,1,16,1,uc6TAQUZ33,bwd_api_tb_wxtwjb_creative_report_info_f【EtlDevelop任务】,2026-07-09 09:19:41,519575.0,0.0,7,2026-07-09 09:19:08,1,0,0,0,0,0,85.0,bwd,共享数据,表级行数非零；表级行数 7/30 天波动；最新日期字段 thedate 及时；主键 `__id` 重复检查；金额/费用字段非负与异常极值；推广费/投放指标非负与日期完整性；店铺标识关键字段空值；原始 API 记录落地完整性,有关联产出任务 1 个；SQL 审计命中 7 次；资源关系引用 1 次；存在 owner/任务负责人证据；有分区 1 个
P2,22.52,ods_api_jingdong_aftersale_apply_order_info_f,ODS_退款审核单信息表(京东API),管理员,管理员,20040.0,7884282.0,17,PRIMARY_KEYS,`__id`,,1,16,1,IgqWSQNHmP,ods_api_jingdong_aftersale_apply_order_info_f【EtlDevelop任务】,2026-07-09 02:10:30,20040.0,0.0,7,2026-07-09 02:10:29,1,0,0,0,0,0,0.0,ods,共享数据,表级行数非零；表级行数 7/30 天波动；最新日期字段 checkTime 及时；主键 `__id` 重复检查；退款/售后金额与数量范围；店铺标识关键字段空值；原始 API 记录落地完整性,有关联产出任务 1 个；SQL 审计命中 7 次；资源关系引用 1 次；存在 owner/任务负责人证据；有分区 1 个
P2,22.52,ods_api_jingdong_aftersale_cancel_order_detail_f,ODS_取消订单退款审核单详情信息表(京东API),管理员,管理员,8954.0,4599774.0,19,PRIMARY_KEYS,`__id`,,1,16,1,uxa4K2GvG5,ods_api_jingdong_aftersale_cancel_order_detail_f【EtlDevelop任务】,2026-07-09 10:06:30,8954.0,0.0,7,2026-07-09 10:06:29,1,0,0,0,0,0,0.0,ods,共享数据,表级行数非零；表级行数 7/30 天波动；最新日期字段 check_time 及时；主键 `__id` 重复检查；退款/售后金额与数量范围；商品编码/名称关键字段空值；店铺标识关键字段空值；原始 API 记录落地完整性,有关联产出任务 1 个；SQL 审计命中 7 次；资源关系引用 1 次；存在 owner/任务负责人证据；有分区 1 个
P2,22.52,ods_api_jingdong_aftersale_order_detail_info_f,ODS_查询售后退款详情接口信息表(京东API),管理员,管理员,7914.0,1732665.0,8,PRIMARY_KEYS,`__id`,,1,16,1,HOANa81Toc,ods_api_jingdong_aftersale_order_detail_info_f【EtlDevelop任务】,2026-07-09 10:05:26,7914.0,0.0,7,2026-07-09 10:05:24,1,0,0,0,0,0,0.0,ods,共享数据,表级行数非零；表级行数 7/30 天波动；最新日期字段 dt 及时；主键 `__id` 重复检查；退款/售后金额与数量范围；店铺标识关键字段空值；原始 API 记录落地完整性,有关联产出任务 1 个；SQL 审计命中 7 次；资源关系引用 1 次；存在 owner/任务负责人证据；有分区 1 个
P2,22.52,ods_api_jstbz_distributor_info_f,ODS_分销商信息表(新)(聚水潭标准API),管理员,管理员,3.0,16162.0,22,PRIMARY_KEYS,`__id`,,1,16,1,56aSI7IJ1Y,ods_api_jstbz_distributor_info_f【EtlDevelop任务】,2026-07-09 02:01:13,3.0,0.0,7,2026-07-09 02:01:11,1,0,0,0,0,0,0.0,ods,共享数据,表级行数非零；表级行数 7/30 天波动；最新日期字段 apply_time 及时；主键 `__id` 重复检查；店铺标识关键字段空值；原始 API 记录落地完整性,有关联产出任务 1 个；SQL 审计命中 7 次；资源关系引用 1 次；存在 owner/任务负责人证据；有分区 1 个
P2,22.52,ods_api_jstbz_product_category_info_f,ODS_商品类目信息表(聚水潭标准API),管理员,管理员,10.0,16132.0,8,PRIMARY_KEYS,`__id`,,1,16,1,5UgbXd6nR2,ods_api_jstbz_product_category_info_f【EtlDevelop任务】,2026-07-09 02:05:13,10.0,0.0,7,2026-07-09 02:05:12,1,0,0,0,0,0,0.0,ods,共享数据,表级行数非零；表级行数 7/30 天波动；最新日期字段 modified 及时；主键 `__id` 重复检查；商品编码/名称关键字段空值；店铺标识关键字段空值；原始 API 记录落地完整性,有关联产出任务 1 个；SQL 审计命中 7 次；资源关系引用 1 次；存在 owner/任务负责人证据；有分区 1 个
P2,22.52,ods_api_jstbz_product_item_info_f,ODS_商品款式信息表(聚水潭标准API),管理员,管理员,6239.0,9693814.0,32,PRIMARY_KEYS,`__id`,,1,16,1,sKsf0oqy5i,ods_api_jstbz_product_item_info_f【EtlDevelop任务】,2026-07-09 02:20:19,6239.0,0.0,7,2026-07-09 02:20:17,1,0,0,0,0,0,0.0,ods,共享数据,表级行数非零；表级行数 7/30 天波动；最新日期字段 modified 及时；主键 `__id` 重复检查；金额/费用字段非负与异常极值；商品编码/名称关键字段空值；店铺标识关键字段空值；原始 API 记录落地完整性,有关联产出任务 1 个；SQL 审计命中 7 次；资源关系引用 1 次；存在 owner/任务负责人证据；有分区 1 个
P2,22.52,ods_api_jstbz_skusn_query_info_f,ODS_跟踪信息表(聚水潭标准API),管理员,管理员,58366.0,17412525.0,48,PRIMARY_KEYS,`__id`,,1,16,1,ul6LONyYR3,ods_api_jstbz_skusn_query_info_f【EtlDevelop任务】,2026-07-09 02:10:14,58366.0,0.0,7,2026-07-09 02:10:13,1,0,0,0,0,0,0.0,ods,共享数据,表级行数非零；表级行数 7/30 天波动；最新日期字段 pay_date 及时；主键 `__id` 重复检查；商品编码/名称关键字段空值；店铺标识关键字段空值；原始 API 记录落地完整性,有关联产出任务 1 个；SQL 审计命中 7 次；资源关系引用 1 次；存在 owner/任务负责人证据；有分区 1 个
P2,22.52,ods_api_jstbz_user_info_f,ODS_商家用户信息表(聚水潭标准API),管理员,管理员,666.0,150202.0,9,PRIMARY_KEYS,`__id`,,1,16,1,rLAL3K5c4k,ods_api_jstbz_user_info_f【EtlDevelop任务】,2026-07-09 02:03:13,666.0,0.0,7,2026-07-09 02:03:11,1,0,0,0,0,0,0.0,ods,共享数据,表级行数非零；表级行数 7/30 天波动；最新日期字段 modified 及时；主键 `__id` 重复检查；店铺标识关键字段空值；原始 API 记录落地完整性,有关联产出任务 1 个；SQL 审计命中 7 次；资源关系引用 1 次；存在 owner/任务负责人证据；有分区 1 个
P2,22.52,ods_api_tb_inventory_item_list_info_f,ODS_库存商品列表信息表(淘宝API),管理员,管理员,1270.0,1177736.0,32,PRIMARY_KEYS,`__id`,,1,16,1,XaKAbU2ds7,ods_api_tb_inventory_item_list_info_f【EtlDevelop任务】,2026-07-09 01:00:48,1270.0,0.0,7,2026-07-09 01:00:46,1,0,0,0,0,0,0.0,ods,共享数据,表级行数非零；表级行数 7/30 天波动；最新日期字段 list_time 及时；主键 `__id` 重复检查；金额/费用字段非负与异常极值；商品编码/名称关键字段空值；店铺标识关键字段空值；原始 API 记录落地完整性,有关联产出任务 1 个；SQL 审计命中 7 次；资源关系引用 1 次；存在 owner/任务负责人证据；有分区 1 个
P2,22.52,ods_api_tb_itemcats_list_info_f,ODS_类目列表信息表(淘宝API),管理员,管理员,78195.0,11366545.0,13,PRIMARY_KEYS,`__id`,,1,16,1,RjKqkD6Wt4,ods_api_tb_itemcats_list_info_f【EtlDevelop任务】,2026-07-09 06:04:54,78195.0,0.0,7,2026-07-09 06:04:53,1,0,0,0,0,0,0.0,ods,共享数据,表级行数非零；表级行数 7/30 天波动；最新日期字段 dt 及时；主键 `__id` 重复检查；店铺标识关键字段空值；原始 API 记录落地完整性,有关联产出任务 1 个；SQL 审计命中 7 次；资源关系引用 1 次；存在 owner/任务负责人证据；有分区 1 个
P2,22.52,ods_api_tb_shop_cats_info_f,ODS_店铺类目信息表(淘宝API),管理员,管理员,57.0,37066.0,10,PRIMARY_KEYS,`__id`,,1,16,1,ao8kWh0PuG,ods_api_tb_shop_cats_info_f【EtlDevelop任务】,2026-07-09 01:00:23,57.0,0.0,7,2026-07-09 01:00:22,1,0,0,0,0,0,0.0,ods,共享数据,表级行数非零；表级行数 7/30 天波动；最新日期字段 dt 及时；主键 `__id` 重复检查；店铺标识关键字段空值；原始 API 记录落地完整性,有关联产出任务 1 个；SQL 审计命中 7 次；资源关系引用 1 次；存在 owner/任务负责人证据；有分区 1 个
P2,22.52,ods_api_tb_special_refunds_receive_info_f,ODS_特殊退款列表信息表(淘宝API),管理员,管理员,26833.0,30912081.0,33,PRIMARY_KEYS,`__id`,,1,16,1,dt6HA92U3X,ods_api_tb_special_refunds_receive_info_f【EtlDevelop任务】,2026-07-09 01:03:28,26833.0,0.0,7,2026-07-09 01:03:27,1,0,0,0,0,0,0.0,ods,共享数据,表级行数非零；表级行数 7/30 天波动；最新日期字段 modified 及时；主键 `__id` 重复检查；金额/费用字段非负与异常极值；退款/售后金额与数量范围；商品编码/名称关键字段空值；店铺标识关键字段空值；原始 API 记录落地完整性,有关联产出任务 1 个；SQL 审计命中 7 次；资源关系引用 1 次；存在 owner/任务负责人证据；有分区 1 个
P2,22.52,ods_api_tb_wxtwjb_account_report_info_f,ODS_账户报告信息表(淘宝万相台无界API),管理员,管理员,154.0,76583.0,4,PRIMARY_KEYS,`__id`,,1,4,1,C4wXTFoc8M,ODS(淘宝万相台无界API原始层)_ods_api_tb_wxtwjb_account_report_info_f【EtlDevelop任务】,2026-07-09 09:19:31,154.0,0.0,7,2026-07-09 09:19:29,1,0,0,0,0,0,0.0,ods,共享数据,表级行数非零；表级行数 7/30 天波动；最新日期字段 dt 及时；主键 `__id` 重复检查；店铺标识关键字段空值；原始 API 记录落地完整性,有关联产出任务 1 个；SQL 审计命中 7 次；资源关系引用 1 次；存在 owner/任务负责人证据；有分区 1 个
P2,22.52,ods_api_tb_wxtwjb_campaign_report_info_f,ODS_计划报告信息表(淘宝万相台无界API),管理员,管理员,24492.0,11442944.0,6,PRIMARY_KEYS,`__id`,,1,4,1,f0amIJkMCc,ODS(淘宝万相台无界API原始层)_ods_api_tb_wxtwjb_campaign_report_info_f【EtlDevelop任务】,2026-07-09 09:20:42,24492.0,0.0,7,2026-07-09 09:20:40,1,0,0,0,0,0,0.0,ods,共享数据,表级行数非零；表级行数 7/30 天波动；最新日期字段 dt 及时；主键 `__id` 重复检查；店铺标识关键字段空值；原始 API 记录落地完整性,有关联产出任务 1 个；SQL 审计命中 7 次；资源关系引用 1 次；存在 owner/任务负责人证据；有分区 1 个
P2,22.52,ods_api_tb_wxtwjb_creative_report_info_f,ODS_创意报告信息表(淘宝万相台无界API),管理员,管理员,25770.0,12954692.0,6,PRIMARY_KEYS,`__id`,,1,4,1,LJ8QMK5YIZ,ODS(淘宝万相台无界API原始层)_ods_api_tb_wxtwjb_creative_report_info_f【EtlDevelop任务】,2026-07-09 09:19:10,25770.0,0.0,7,2026-07-09 09:19:08,1,0,0,0,0,0,0.0,ods,共享数据,表级行数非零；表级行数 7/30 天波动；最新日期字段 dt 及时；主键 `__id` 重复检查；店铺标识关键字段空值；原始 API 记录落地完整性,有关联产出任务 1 个；SQL 审计命中 7 次；资源关系引用 1 次；存在 owner/任务负责人证据；有分区 1 个
P2,22.52,ods_api_tb_wxtwjb_other_report_info_f,ODS_其他主体报表信息表(淘宝万相台无界API),管理员,管理员,4425.0,1783760.0,4,PRIMARY_KEYS,`__id`,,1,4,1,C0MNRicS6Y,ODS(淘宝万相台无界API原始层)_ods_api_tb_wxtwjb_other_report_info_f【EtlDevelop任务】,2026-07-09 09:19:05,4425.0,0.0,7,2026-07-09 09:19:03,1,0,0,0,0,0,0.0,ods,共享数据,表级行数非零；表级行数 7/30 天波动；最新日期字段 dt 及时；主键 `__id` 重复检查；店铺标识关键字段空值；原始 API 记录落地完整性,有关联产出任务 1 个；SQL 审计命中 7 次；资源关系引用 1 次；存在 owner/任务负责人证据；有分区 1 个
P2,22.52,ods_api_tmall_exchange_receive_get_list_info_f,ODS_卖家查询换货列表信息表(淘宝API),管理员,管理员,28256.0,18020437.0,37,PRIMARY_KEYS,`__id`,,1,16,1,RvwzfvJTc8,ods_api_tmall_exchange_receive_get_list_info_f【EtlDevelop任务】,2026-07-09 01:02:33,28256.0,0.0,7,2026-07-09 01:02:31,1,0,0,0,0,0,0.0,ods,共享数据,表级行数非零；表级行数 7/30 天波动；最新日期字段 modified 及时；主键 `__id` 重复检查；金额/费用字段非负与异常极值；推广费/投放指标非负与日期完整性；商品编码/名称关键字段空值；店铺标识关键字段空值；原始 API 记录落地完整性,有关联产出任务 1 个；SQL 审计命中 7 次；资源关系引用 1 次；存在 owner/任务负责人证据；有分区 1 个
P2,22,df_table_fzs3sjxe8p,新建填报表-2026-05-26 17:31,蒋秀坤,蒋秀坤,0.0,0.0,10,PRIMARY_KEYS,`id`,,1,4,1,E0MXuWpssm,新建填报表-2026-05-26 17:31【数据填报更新】,,0.0,0.0,0,,2,0,0,0,0,0,0.0,不规范命名,我的数据,表级行数非零；表级行数 7/30 天波动；最新日期字段 update_id 及时；主键 `id` 重复检查,有关联产出任务 1 个；资源关系引用 2 次；存在 owner/任务负责人证据；元数据行数为 0；有分区 1 个
P2,22,df_table_ph6dcmot4o,2.2天猫临时需求表-马锐,包彦,陶林强,0.0,0.0,31,PRIMARY_KEYS,`id`,,1,2,1,nnMzajVDxf,新建填报表-2024-10-24 16:16【数据填报更新】,,0.0,0.0,0,,2,0,0,0,0,0,0.0,不规范命名,共享数据,表级行数非零；表级行数 7/30 天波动；最新日期字段 update_id 及时；主键 `id` 重复检查,有关联产出任务 1 个；资源关系引用 2 次；存在 owner/任务负责人证据；元数据行数为 0；有分区 1 个
P2,22.0,ods_api_jingdong_daily_bill_received_query_info_du,ODS_日账单已收款查询信息表(京东API),管理员,陶林强,0.0,0.0,29,PRIMARY_KEYS,`__id`,,1,16,1,teai4WhNL4,ODS_日账单已收款查询信息表(京东API)【连接器】,,0.0,1.0,0,,1,1,0,1,0,0,0.0,ods,共享数据,表级行数非零；表级行数 7/30 天波动；最新日期字段 dt 及时；主键 `__id` 重复检查；金额/费用字段非负与异常极值；商品编码/名称关键字段空值；店铺标识关键字段空值；原始 API 记录落地完整性,被 1 个分析项目使用；有关联产出任务 1 个；任务下游数量 1；资源关系引用 1 次；存在 owner/任务负责人证据；元数据行数为 0；有分区 1 个
P2,22.0,ods_api_jingdong_daily_bill_unreceived_query_info_du,ODS_日账单未收款查询信息表(京东API),管理员,管理员,0.0,0.0,28,PRIMARY_KEYS,`__id`,,1,16,1,wbqy2TIfUx,ODS_日账单未收款查询信息表(京东API)【连接器】,2026-07-09 02:13:04,0.0,1.0,0,,1,1,0,1,0,0,0.0,ods,共享数据,表级行数非零；表级行数 7/30 天波动；最新日期字段 dt 及时；主键 `__id` 重复检查；金额/费用字段非负与异常极值；商品编码/名称关键字段空值；店铺标识关键字段空值；原始 API 记录落地完整性,被 1 个分析项目使用；有关联产出任务 1 个；任务下游数量 1；资源关系引用 1 次；存在 owner/任务负责人证据；元数据行数为 0；有分区 1 个
P2,22,ods_api_xhsjg_report_offline_spu_info_du_xhsjg,ODS_SPU层级离线报表数据信息表(小红书聚光API),包彦,陶林强,320.0,4168506.0,165,PRIMARY_KEYS,"`dt`, `__id`",`dt`,91,182,1,fXgF63fFxy,ODS_SPU层级离线报表数据信息表(小红书聚光API)【连接器】,2026-07-09 10:04:33,0.0,0.0,0,,1,0,0,0,0,0,85.0,ods,共享数据,"表级行数非零；表级行数 7/30 天波动；最新分区 `dt` 非空/及时；主键 `dt`, `__id` 重复检查；金额/费用字段非负与异常极值；退款/售后金额与数量范围；推广费/投放指标非负与日期完整性；店铺标识关键字段空值；原始 API 记录落地完整性",有关联产出任务 1 个；资源关系引用 1 次；存在 owner/任务负责人证据；有分区 91 个；宽表字段数 165
P2,22.0,ods_db_cube_work_table_info_f,ODS_魔方物理工作表描述信息表(魔方内置DB),管理员,管理员,808.0,135685.0,22,PRIMARY_KEYS,`__id`,,1,4,1,Y1KQlF7roD,ODS_魔方物理工作表描述信息表(魔方内置DB)【迁移】,2026-07-09 14:00:55,807.0,5.0,0,,1,3,0,3,0,0,-1.0,ods,共享数据,表级行数非零；表级行数 7/30 天波动；最新日期字段 data_last_update_time 及时；主键 `__id` 重复检查,被 3 个分析项目使用；有关联产出任务 1 个；任务下游数量 5；资源关系引用 1 次；存在 owner/任务负责人证据；有分区 1 个
P2,22,trades_created_test,创建时间订单查询测试,包彦,管理员,1152.0,823429.0,115,PRIMARY_KEYS,`__id`,,1,16,1,078S5zgJys,trades_created_test【API连接器接入】,,0.0,0.0,0,,1,0,0,0,0,0,0.0,不规范命名,共享数据,表级行数非零；表级行数 7/30 天波动；最新日期字段 pay_time 及时；主键 `__id` 重复检查；金额/费用字段非负与异常极值；推广费/投放指标非负与日期完整性；店铺标识关键字段空值,有关联产出任务 1 个；资源关系引用 1 次；存在 owner/任务负责人证据；有分区 1 个；宽表字段数 115
P2,22.0,ud_3418004512502203_n21ryhjcbzhb,2.1人员合计成本综合表,包彦,陶林强,1484.0,78289.0,7,PRIMARY_KEYS,`__id`,,1,16,1,I1gX1bhGLZ,人员合计成本数据清洗表-2.1人员合计成本综合表【刷新】,,0.0,8.0,0,,1,2,0,0,0,0,13.0,不规范命名,共享数据,表级行数非零；表级行数 7/30 天波动；主键 `__id` 重复检查；金额/费用字段非负与异常极值,有关联产出任务 1 个；任务下游数量 8；资源关系引用 1 次；存在 owner/任务负责人证据；有分区 1 个
P2,21,_persist_COLLECTION_77OgavLYAD,,陶林强,,618104.0,248771657.0,136,DUP_KEYS,,,1,4,0,,,,0.0,0.0,0,,0,0,0,0,0,1,0.0,正式态物化表,共享数据,表级行数非零；表级行数 7/30 天波动；推广费/投放指标非负与日期完整性；商品编码/名称关键字段空值；物化表与来源 collection 完整性,存在 owner/任务负责人证据；有分区 1 个；宽表字段数 136；未识别到物理主键配置；被物化关系引用 1 次
P2,21,_persist_COLLECTION_a1MlVHCjF4_WORKING,,包彦,,711208.0,153315363.0,179,DUP_KEYS,,,1,4,0,,,,0.0,0.0,0,,0,0,0,0,0,1,14.0,草稿态物化表,共享数据,表级行数非零；表级行数 7/30 天波动；物化表与来源 collection 完整性,存在 owner/任务负责人证据；有分区 1 个；宽表字段数 179；未识别到物理主键配置；被物化关系引用 1 次
P2,21,_persist_COLLECTION_j1e8TCYD2e,,陶林强,,618104.0,228297243.0,132,DUP_KEYS,,,1,4,0,,,,0.0,0.0,0,,0,0,0,0,0,1,0.0,正式态物化表,共享数据,表级行数非零；表级行数 7/30 天波动；商品编码/名称关键字段空值；物化表与来源 collection 完整性,存在 owner/任务负责人证据；有分区 1 个；宽表字段数 132；未识别到物理主键配置；被物化关系引用 1 次
P2,21,_persist_COLLECTION_XsKGWKGqJH,,陶林强,,618104.0,251660651.0,136,DUP_KEYS,,,1,4,0,,,,0.0,0.0,0,,0,0,0,0,0,1,0.0,正式态物化表,共享数据,表级行数非零；表级行数 7/30 天波动；商品编码/名称关键字段空值；物化表与来源 collection 完整性,存在 owner/任务负责人证据；有分区 1 个；宽表字段数 136；未识别到物理主键配置；被物化关系引用 1 次
P2,21.0,ods_api_jstbz_box_bin_info_du,ODS_箱及仓位信息表(聚水潭标准API),管理员,管理员,0.0,0.0,19,PRIMARY_KEYS,"`dt`, `__id`",`dt`,1,2,1,fTcfEO7X91,ODS_箱及仓位信息表(聚水潭标准API)【连接器】,,0.0,1.0,0,,1,0,0,0,0,0,0.0,ods,共享数据,"表级行数非零；表级行数 7/30 天波动；最新分区 `dt` 非空/及时；主键 `dt`, `__id` 重复检查；商品编码/名称关键字段空值；店铺标识关键字段空值；原始 API 记录落地完整性",有关联产出任务 1 个；任务下游数量 1；资源关系引用 1 次；存在 owner/任务负责人证据；元数据行数为 0；有分区 1 个
P2,21.0,ods_api_jstbz_box_bin_info_f,ODS_箱及仓位信息表(聚水潭标准API),管理员,管理员,0.0,0.0,17,PRIMARY_KEYS,`__id`,,1,16,1,GeqojyP09D,ods_api_jstbz_box_bin_info_f【EtlDevelop任务】,,0.0,1.0,0,,1,0,0,0,0,0,0.0,ods,共享数据,表级行数非零；表级行数 7/30 天波动；最新日期字段 modified 及时；主键 `__id` 重复检查；商品编码/名称关键字段空值；店铺标识关键字段空值；原始 API 记录落地完整性,有关联产出任务 1 个；任务下游数量 1；资源关系引用 1 次；存在 owner/任务负责人证据；元数据行数为 0；有分区 1 个
P2,21.0,ods_api_jstbz_distributor_supplier_info_du,ODS_分销供应商信息表(聚水潭标准API),管理员,管理员,0.0,0.0,9,PRIMARY_KEYS,"`dt`, `__id`",`dt`,1,2,1,HSQZ0LSPV5,ODS_分销供应商信息表(聚水潭标准API)【连接器】,,0.0,1.0,0,,1,0,0,0,0,0,0.0,ods,共享数据,"表级行数非零；表级行数 7/30 天波动；最新分区 `dt` 非空/及时；主键 `dt`, `__id` 重复检查；店铺标识关键字段空值；原始 API 记录落地完整性",有关联产出任务 1 个；任务下游数量 1；资源关系引用 1 次；存在 owner/任务负责人证据；元数据行数为 0；有分区 1 个
P2,21.0,ods_api_jstbz_process_info_du,ODS_加工信息表(聚水潭标准API),管理员,管理员,0.0,0.0,28,PRIMARY_KEYS,"`dt`, `__id`",`dt`,1,2,1,w9cdvV77Pr,ODS_加工信息表(聚水潭标准API)【连接器】,2026-07-09 02:11:37,0.0,1.0,0,,1,0,0,0,0,0,0.0,ods,共享数据,"表级行数非零；表级行数 7/30 天波动；最新分区 `dt` 非空/及时；主键 `dt`, `__id` 重复检查；推广费/投放指标非负与日期完整性；店铺标识关键字段空值；原始 API 记录落地完整性",有关联产出任务 1 个；任务下游数量 1；资源关系引用 1 次；存在 owner/任务负责人证据；元数据行数为 0；有分区 1 个
P2,21.0,ods_api_jstbz_product_bom_info_du,ODS_商品BOM信息表(聚水潭标准API),管理员,管理员,0.0,0.0,10,PRIMARY_KEYS,"`dt`, `__id`",`dt`,1,2,1,CuwRETRFt7,ODS_商品BOM信息表(聚水潭标准API)【连接器】,2026-07-09 02:02:52,0.0,1.0,0,,1,0,0,0,0,0,0.0,ods,共享数据,"表级行数非零；表级行数 7/30 天波动；最新分区 `dt` 非空/及时；主键 `dt`, `__id` 重复检查；商品编码/名称关键字段空值；店铺标识关键字段空值；原始 API 记录落地完整性",有关联产出任务 1 个；任务下游数量 1；资源关系引用 1 次；存在 owner/任务负责人证据；元数据行数为 0；有分区 1 个
P2,21.0,ods_api_tb_wxtwjb_account_report_info_du,ODS_账户报告信息表(淘宝万相台无界API),包彦,陶林强,3078.0,2938222.0,6,PRIMARY_KEYS,"`dt`, `__id`",`dt`,395,790,1,Ws4sz2Oi3s,ODS_账户报告信息表(淘宝万相台无界API)【连接器】,2026-07-09 09:19:29,5.0,4.0,0,,1,3,0,3,0,0,0.0,ods,共享数据,"表级行数非零；表级行数 7/30 天波动；最新分区 `dt` 非空/及时；主键 `dt`, `__id` 重复检查；店铺标识关键字段空值；原始 API 记录落地完整性",被 3 个分析项目使用；有关联产出任务 1 个；任务下游数量 4；资源关系引用 1 次；存在 owner/任务负责人证据；有分区 395 个
P2,21.0,ods_db_ontology_metrics_library_query_project,ODS_指标分析项目(魔方内置DB),管理员,管理员,0.0,0.0,12,PRIMARY_KEYS,`__id`,,1,4,1,UnQtmDrBJ3,ODS_指标分析项目(魔方内置DB)【迁移】,2026-07-09 14:00:43,0.0,1.0,0,,1,0,0,0,0,0,0.0,ods,共享数据,表级行数非零；表级行数 7/30 天波动；最新日期字段 publish_time 及时；主键 `__id` 重复检查,有关联产出任务 1 个；任务下游数量 1；资源关系引用 1 次；存在 owner/任务负责人证据；元数据行数为 0；有分区 1 个
P2,21.0,ods_db_ontology_released_metrics_project_metrics_dimension_field,ODS_已发布指标分析指标关联维度字段(魔方内置DB),管理员,管理员,0.0,0.0,9,PRIMARY_KEYS,`__id`,,1,4,1,IZKMLSn2aQ,ODS_已发布指标分析指标关联维度字段(魔方内置DB)【迁移】,2026-07-09 00:07:55,0.0,1.0,0,,1,0,0,0,0,0,0.0,ods,共享数据,表级行数非零；表级行数 7/30 天波动；最新日期字段 create_time 及时；主键 `__id` 重复检查,有关联产出任务 1 个；任务下游数量 1；资源关系引用 1 次；存在 owner/任务负责人证据；元数据行数为 0；有分区 1 个
P2,21.0,ods_db_yuce_metrics_config,ODS_指标配置表(魔方内置DB),管理员,管理员,0.0,0.0,23,PRIMARY_KEYS,`__id`,,1,4,1,uOspNqFYn9,ODS_指标配置表(魔方内置DB)【迁移】,2026-07-09 14:01:35,0.0,1.0,0,,1,0,0,0,0,0,0.0,ods,共享数据,表级行数非零；表级行数 7/30 天波动；最新日期字段 modified 及时；主键 `__id` 重复检查,有关联产出任务 1 个；任务下游数量 1；资源关系引用 1 次；存在 owner/任务负责人证据；元数据行数为 0；有分区 1 个
P2,21.0,ods_db_yuce_metrics_library_dimension_field,ODS_指标库维度字段信息(魔方内置DB),管理员,管理员,0.0,0.0,9,PRIMARY_KEYS,`__id`,,1,4,1,7xcjMbv1rg,ODS_指标库维度字段信息(魔方内置DB)【迁移】,2026-07-09 14:00:53,0.0,1.0,0,,1,0,0,0,0,0,0.0,ods,共享数据,表级行数非零；表级行数 7/30 天波动；最新日期字段 create_time 及时；主键 `__id` 重复检查,有关联产出任务 1 个；任务下游数量 1；资源关系引用 1 次；存在 owner/任务负责人证据；元数据行数为 0；有分区 1 个
P2,21.0,shangpinzhutifenxi_kus,商品主题分析_KUS,包彦,陶林强,11822.0,2697664.0,99,PRIMARY_KEYS,`__id`,,1,16,1,G0eub0irwU,商品主题分析_KUS【迁移】,,0.0,2.0,0,,1,1,0,1,0,0,0.0,不规范命名,共享数据,表级行数非零；表级行数 7/30 天波动；主键 `__id` 重复检查；金额/费用字段非负与异常极值；退款/售后金额与数量范围；商品编码/名称关键字段空值,被 1 个分析项目使用；有关联产出任务 1 个；任务下游数量 2；资源关系引用 1 次；存在 owner/任务负责人证据；有分区 1 个；字段数 99
P2,21.0,shangpinzhutifenxi_xiaojiacangku,商品主题分析_小件仓库,包彦,陶林强,13015.0,3459681.0,99,PRIMARY_KEYS,`__id`,,1,16,1,u54s5WcFlf,商品主题分析_小件仓库【迁移】,,0.0,2.0,0,,1,1,0,1,0,0,0.0,不规范命名,共享数据,表级行数非零；表级行数 7/30 天波动；主键 `__id` 重复检查；金额/费用字段非负与异常极值；退款/售后金额与数量范围；商品编码/名称关键字段空值,被 1 个分析项目使用；有关联产出任务 1 个；任务下游数量 2；资源关系引用 1 次；存在 owner/任务负责人证据；有分区 1 个；字段数 99
P2,21.0,tianmaoshangpinIDcaigoufuzeren,天猫商品ID采购负责人综合表,包彦,陶林强,2032.0,190207.0,8,PRIMARY_KEYS,`__id`,,1,4,1,ksgnfDHEJd,天猫商品ID采购负责人综合表【迁移】,2026-07-07 11:05:48,2041.0,3.0,0,,1,4,0,4,0,0,1.0,不规范命名,共享数据,表级行数非零；表级行数 7/30 天波动；主键 `__id` 重复检查；商品编码/名称关键字段空值,被 4 个分析项目使用；有关联产出任务 1 个；任务下游数量 3；资源关系引用 1 次；存在 owner/任务负责人证据；有分区 1 个
P2,21.0,UD_5179579576634064_578VV_tmhpzlbxs1,天猫-货品资料表.xlsx-Sheet1,李梦丽,李梦丽,0.0,0.0,9,PRIMARY_KEYS,`__id`,,1,16,1,bweEctX6vz,天猫-货品资料表.xlsx【钉盘接入】,2026-07-09 13:00:12,0.0,1.0,0,,1,0,0,0,0,0,7.0,不规范命名,共享数据,表级行数非零；表级行数 7/30 天波动；主键 `__id` 重复检查,有关联产出任务 1 个；任务下游数量 1；资源关系引用 1 次；存在 owner/任务负责人证据；元数据行数为 0；有分区 1 个
P2,21.0,ud_5179579576634064_dbcl,行业数据总表,包彦,李梦丽,19409.0,1597142.0,17,PRIMARY_KEYS,`__id`,,1,16,1,65sPcevpwW,市场数据趋势-行业数据总表【刷新】,,0.0,7.0,0,,1,1,0,0,0,0,85.0,不规范命名,共享数据,表级行数非零；表级行数 7/30 天波动；主键 `__id` 重复检查,有关联产出任务 1 个；任务下游数量 7；资源关系引用 1 次；存在 owner/任务负责人证据；有分区 1 个
P2,21.0,UD_5179579576634064_XT0HA_xysj,行业数据,李梦丽,李梦丽,840.0,115465.0,17,PRIMARY_KEYS,`__id`,,1,16,1,iYagZCbSYy,行业数据【EXCEL】,,0.0,7.0,0,,1,7,0,0,0,0,0.0,不规范命名,我的数据,表级行数非零；表级行数 7/30 天波动；主键 `__id` 重复检查,有关联产出任务 1 个；任务下游数量 7；资源关系引用 1 次；存在 owner/任务负责人证据；有分区 1 个
P2,20,cube_analysis_fields_storage,魔方分析关联的字段object,包彦,包彦,0.0,0.0,9,PRIMARY_KEYS,`__id`,,1,4,1,Cgg3j3H5OZ,魔方分析关联的字段object【迁移】,,0.0,0.0,0,,1,0,0,0,0,0,0.0,不规范命名,共享数据,表级行数非零；表级行数 7/30 天波动；最新日期字段 create_time 及时；主键 `__id` 重复检查,有关联产出任务 1 个；资源关系引用 1 次；存在 owner/任务负责人证据；元数据行数为 0；有分区 1 个
P2,20,df_table_nrsfgwzqdq,新品排期-跨境大件项目管理,包彦,李梦丽,56.0,26703.0,51,PRIMARY_KEYS,`id`,,1,2,1,pHA7exZJr8,新建填报表-2024-10-28 13:07【数据填报更新】,,0.0,0.0,0,,2,0,0,0,0,0,0.0,不规范命名,共享数据,表级行数非零；表级行数 7/30 天波动；最新日期字段 update_id 及时；主键 `id` 重复检查,有关联产出任务 1 个；资源关系引用 2 次；存在 owner/任务负责人证据；有分区 1 个；字段数 51
P2,20.0,jingdongziyinghejingzaozonghebiao,京东自营和京造综合表,包彦,陶林强,3701.0,216815.0,15,PRIMARY_KEYS,`__id`,,1,16,1,Sja8eSD8vF,京东自营和京造综合表【迁移】,,0.0,3.0,0,,1,3,0,3,0,0,34.0,不规范命名,共享数据,表级行数非零；表级行数 7/30 天波动；主键 `__id` 重复检查；推广费/投放指标非负与日期完整性；商品编码/名称关键字段空值；店铺标识关键字段空值,被 3 个分析项目使用；有关联产出任务 1 个；任务下游数量 3；资源关系引用 1 次；存在 owner/任务负责人证据；有分区 1 个
P2,20.0,jingdongzonghebiao,京东综合表,包彦,陶林强,3713.0,223153.0,9,PRIMARY_KEYS,`__id`,,1,16,1,SvwXXjCWmZ,京东综合表【迁移】,,0.0,3.0,0,,1,3,0,3,0,0,9.0,不规范命名,共享数据,表级行数非零；表级行数 7/30 天波动；主键 `__id` 重复检查；推广费/投放指标非负与日期完整性；商品编码/名称关键字段空值；店铺标识关键字段空值,被 3 个分析项目使用；有关联产出任务 1 个；任务下游数量 3；资源关系引用 1 次；存在 owner/任务负责人证据；有分区 1 个
P2,20,ods_api_dd_download_shop_account_item_file_info_du,ODS_资金流水明细文件下载(境内)信息表(抖店API),包彦,陶林强,555771.0,180194136.0,49,PRIMARY_KEYS,"`dt`, `__id`",`dt`,560,1120,1,2oMFvWYfGF,ODS_资金流水明细文件下载(境内)信息表(抖店API)【连接器】,2026-07-08 16:00:40,2172.0,0.0,0,,1,1,0,1,0,0,85.0,ods,共享数据,"表级行数非零；表级行数 7/30 天波动；最新分区 `dt` 非空/及时；主键 `dt`, `__id` 重复检查；金额/费用字段非负与异常极值；退款/售后金额与数量范围；推广费/投放指标非负与日期完整性；商品编码/名称关键字段空值；店铺标识关键字段空值；原始 API 记录落地完整性",被 1 个分析项目使用；有关联产出任务 1 个；资源关系引用 1 次；存在 owner/任务负责人证据；分区数 560
P2,20,ods_api_dingtalk_sp_approval_list_info_f,ODS_审批实例信息表(钉钉API),管理员,管理员,0.0,0.0,24,PRIMARY_KEYS,`__id`,,1,16,1,G5AvnocIVV,ods_api_dingtalk_sp_approval_list_info_f【EtlDevelop任务】,,0.0,0.0,0,,1,0,0,0,0,0,0.0,ods,共享数据,表级行数非零；表级行数 7/30 天波动；最新日期字段 finishTime 及时；主键 `__id` 重复检查；店铺标识关键字段空值；原始 API 记录落地完整性,有关联产出任务 1 个；资源关系引用 1 次；存在 owner/任务负责人证据；元数据行数为 0；有分区 1 个
P2,20,ods_api_jingdong_asc_query_info_f,ODS_售后服务单信息表(京东API),管理员,管理员,0.0,0.0,48,PRIMARY_KEYS,`__id`,,1,16,1,mGqwlNwbAF,ods_api_jingdong_asc_query_info_f【EtlDevelop任务】,,0.0,0.0,0,,1,0,0,0,0,0,0.0,ods,共享数据,表级行数非零；表级行数 7/30 天波动；最新日期字段 applyTime 及时；主键 `__id` 重复检查；退款/售后金额与数量范围；推广费/投放指标非负与日期完整性；店铺标识关键字段空值；原始 API 记录落地完整性,有关联产出任务 1 个；资源关系引用 1 次；存在 owner/任务负责人证据；元数据行数为 0；有分区 1 个
P2,20,ods_api_jingdong_consumption_record_query_info_f,ODS_消费记录查询信息表(京东API),管理员,管理员,0.0,0.0,9,PRIMARY_KEYS,`__id`,,1,16,1,k9es839SID,ods_api_jingdong_consumption_record_query_info_f【EtlDevelop任务】,,0.0,0.0,0,,1,0,0,0,0,0,0.0,ods,共享数据,表级行数非零；表级行数 7/30 天波动；最新日期字段 create_time 及时；主键 `__id` 重复检查；金额/费用字段非负与异常极值；店铺标识关键字段空值；原始 API 记录落地完整性,有关联产出任务 1 个；资源关系引用 1 次；存在 owner/任务负责人证据；元数据行数为 0；有分区 1 个
P2,20,ods_api_jingdong_daily_bill_received_query_info_f,ODS_日账单已收款查询信息表(京东API),管理员,管理员,0.0,0.0,28,PRIMARY_KEYS,`__id`,,1,16,1,4HcNxhtKEh,ods_api_jingdong_daily_bill_received_query_info_f【EtlDevelop任务】,,0.0,0.0,0,,1,0,0,0,0,0,0.0,ods,共享数据,表级行数非零；表级行数 7/30 天波动；最新日期字段 fee_occur_time 及时；主键 `__id` 重复检查；金额/费用字段非负与异常极值；商品编码/名称关键字段空值；店铺标识关键字段空值；原始 API 记录落地完整性,有关联产出任务 1 个；资源关系引用 1 次；存在 owner/任务负责人证据；元数据行数为 0；有分区 1 个
P2,20,ods_api_jingdong_shop_order_page_query_info_f,ODS_订单列表查询接口信息表(京东API),管理员,管理员,0.0,0.0,47,PRIMARY_KEYS,`__id`,,1,16,1,RV4Ck7meNM,ods_api_jingdong_shop_order_page_query_info_f【EtlDevelop任务】,,0.0,0.0,0,,1,0,0,0,0,0,0.0,ods,共享数据,表级行数非零；表级行数 7/30 天波动；最新日期字段 createdTime 及时；主键 `__id` 重复检查；金额/费用字段非负与异常极值；推广费/投放指标非负与日期完整性；商品编码/名称关键字段空值；店铺标识关键字段空值；原始 API 记录落地完整性,有关联产出任务 1 个；资源关系引用 1 次；存在 owner/任务负责人证据；元数据行数为 0；有分区 1 个
P2,20,ods_api_jingdong_vender_category_get_full_valid_category_result_info_f,ODS_查询商家所有有效经营类目信息表(京东API),管理员,管理员,0.0,0.0,17,PRIMARY_KEYS,`__id`,,1,16,1,NEsVnHQwXn,ods_api_jingdong_vender_category_get_full_valid_category_result_info_f【EtlDevelop任务】,,0.0,0.0,0,,1,0,0,0,0,0,0.0,ods,共享数据,表级行数非零；表级行数 7/30 天波动；最新日期字段 modified 及时；主键 `__id` 重复检查；店铺标识关键字段空值；原始 API 记录落地完整性,有关联产出任务 1 个；资源关系引用 1 次；存在 owner/任务负责人证据；元数据行数为 0；有分区 1 个
P2,20.0,ods_api_jlqc_douyin_account_info_du,ODS_抖音账号信息表(巨量千川API),包彦,包彦,3152.0,890811.0,18,PRIMARY_KEYS,"`dt`, `__id`",`dt`,43,43,1,ahuGb3XnjE,ODS_抖音账号信息表(巨量千川API)【连接器】,2026-07-09 01:30:51,51.0,2.0,0,,1,4,0,4,0,0,0.0,ods,共享数据,"表级行数非零；表级行数 7/30 天波动；最新分区 `dt` 非空/及时；主键 `dt`, `__id` 重复检查；推广费/投放指标非负与日期完整性；店铺标识关键字段空值；原始 API 记录落地完整性",被 4 个分析项目使用；有关联产出任务 1 个；任务下游数量 2；资源关系引用 1 次；存在 owner/任务负责人证据；有分区 43 个
P2,20,ods_api_jlqc_live_list_info_du_old,ODS_直播间列表信息表(巨量千川API)_旧,包彦,陶林强,4875.0,8636989.0,63,PRIMARY_KEYS,"`dt`, `__id`",`dt`,316,632,1,UPQpUNezO2,ODS_直播间列表信息表(巨量千川API)【连接器】,2026-07-09 10:00:58,12.0,0.0,0,,1,2,0,2,0,0,28.0,ods,共享数据,"表级行数非零；表级行数 7/30 天波动；最新分区 `dt` 非空/及时；主键 `dt`, `__id` 重复检查；金额/费用字段非负与异常极值；推广费/投放指标非负与日期完整性；商品编码/名称关键字段空值；店铺标识关键字段空值；原始 API 记录落地完整性",被 2 个分析项目使用；有关联产出任务 1 个；资源关系引用 1 次；存在 owner/任务负责人证据；有分区 316 个；字段数 63
P2,20,ods_api_jlqc_report_custom_info_du,ODS_自定义报表信息表(巨量千川API),包彦,包彦,0.0,0.0,12,PRIMARY_KEYS,"`dt`, `__id`",`dt`,1,1,1,ETaWa5hGgr,ODS_自定义报表信息表(巨量千川API)【连接器】,2026-07-09 10:03:52,0.0,0.0,0,,1,0,0,0,0,0,0.0,ods,共享数据,"表级行数非零；表级行数 7/30 天波动；最新分区 `dt` 非空/及时；主键 `dt`, `__id` 重复检查；推广费/投放指标非负与日期完整性；店铺标识关键字段空值；原始 API 记录落地完整性",有关联产出任务 1 个；资源关系引用 1 次；存在 owner/任务负责人证据；元数据行数为 0；有分区 1 个
P2,20,ods_api_jlqc_report_custom_no_product_info_du,ODS_自定义报表无商品信息表(巨量千川API),包彦,包彦,0.0,0.0,12,PRIMARY_KEYS,"`dt`, `__id`",`dt`,1,1,1,zUeEScuaeg,ODS_自定义报表无商品信息表(巨量千川API)【连接器】,2026-07-09 10:03:35,0.0,0.0,0,,1,0,0,0,0,0,0.0,ods,共享数据,"表级行数非零；表级行数 7/30 天波动；最新分区 `dt` 非空/及时；主键 `dt`, `__id` 重复检查；推广费/投放指标非负与日期完整性；商品编码/名称关键字段空值；店铺标识关键字段空值；原始 API 记录落地完整性",有关联产出任务 1 个；资源关系引用 1 次；存在 owner/任务负责人证据；元数据行数为 0；有分区 1 个
P2,20,ods_api_jlqc_uni_promition_root_report_info_du_old,ODS_全域推广直播间维度信息表(巨量千川API)_旧,包彦,陶林强,0.0,0.0,17,PRIMARY_KEYS,`__id`,,1,16,1,RP8QccnvzG,ODS_全域推广直播间维度信息表(巨量千川API)【连接器】,,0.0,0.0,0,,1,0,0,0,0,0,0.0,ods,共享数据,表级行数非零；表级行数 7/30 天波动；最新日期字段 dt 及时；主键 `__id` 重复检查；金额/费用字段非负与异常极值；推广费/投放指标非负与日期完整性；店铺标识关键字段空值；原始 API 记录落地完整性,有关联产出任务 1 个；资源关系引用 1 次；存在 owner/任务负责人证据；元数据行数为 0；有分区 1 个
P2,20,ods_api_jstbz_box_bin_info_df,ODS_箱及仓位信息表(聚水潭标准API),管理员,管理员,0.0,0.0,16,PRIMARY_KEYS,"`dt`, `__id`",`dt`,1,2,1,ZSsr8IggyF,ods_api_jstbz_box_bin_info_df【EtlDevelop任务】,,0.0,0.0,0,,1,0,0,0,0,0,0.0,ods,共享数据,"表级行数非零；表级行数 7/30 天波动；最新分区 `dt` 非空/及时；主键 `dt`, `__id` 重复检查；商品编码/名称关键字段空值；原始 API 记录落地完整性",有关联产出任务 1 个；资源关系引用 1 次；存在 owner/任务负责人证据；元数据行数为 0；有分区 1 个
P2,20.0,ods_api_jstbz_purchase_instock_info_du,ODS_采购入库信息表(聚水潭标准API),管理员,管理员,50731.0,28554895.0,29,PRIMARY_KEYS,"`dt`, `__id`",`dt`,215,430,1,5J6z2533C1,ODS_采购入库信息表(聚水潭标准API)【连接器】,2026-07-09 14:00:49,2364.0,1.0,0,,1,5,0,5,0,0,0.0,ods,共享数据,"表级行数非零；表级行数 7/30 天波动；最新分区 `dt` 非空/及时；主键 `dt`, `__id` 重复检查；店铺标识关键字段空值；原始 API 记录落地完整性",被 5 个分析项目使用；有关联产出任务 1 个；任务下游数量 1；资源关系引用 1 次；存在 owner/任务负责人证据；有分区 215 个
P2,20,ods_api_jstbz_ss_payable_info_du,ODS_胜算应付单信息表(聚水潭标准API),管理员,管理员,0.0,0.0,38,PRIMARY_KEYS,"`dt`, `__id`",`dt`,1,2,1,Bg8UcOI1wg,ODS_胜算应付单信息表(聚水潭标准API)【连接器】,,0.0,0.0,0,,1,0,0,0,0,0,0.0,ods,共享数据,"表级行数非零；表级行数 7/30 天波动；最新分区 `dt` 非空/及时；主键 `dt`, `__id` 重复检查；金额/费用字段非负与异常极值；推广费/投放指标非负与日期完整性；店铺标识关键字段空值；原始 API 记录落地完整性",有关联产出任务 1 个；资源关系引用 1 次；存在 owner/任务负责人证据；元数据行数为 0；有分区 1 个
P2,20,ods_api_jstbz_ss_payment_info_du,ODS_胜算付款单信息表(聚水潭标准API),管理员,管理员,0.0,0.0,34,PRIMARY_KEYS,"`dt`, `__id`",`dt`,1,2,1,8Bc1wlbZ5A,ODS_胜算付款单信息表(聚水潭标准API)【连接器】,2026-06-10 02:19:15,0.0,0.0,0,,1,0,0,0,0,0,0.0,ods,共享数据,"表级行数非零；表级行数 7/30 天波动；最新分区 `dt` 非空/及时；主键 `dt`, `__id` 重复检查；金额/费用字段非负与异常极值；店铺标识关键字段空值；原始 API 记录落地完整性",有关联产出任务 1 个；资源关系引用 1 次；存在 owner/任务负责人证据；元数据行数为 0；有分区 1 个
P2,20,ods_api_tb_trade_full_info_f,ODS_交易详细信息表(淘宝API),管理员,管理员,0.0,0.0,9,PRIMARY_KEYS,`__id`,,1,16,1,Y1OmFPhbUd,ods_api_tb_trade_full_info_f【EtlDevelop任务】,,0.0,0.0,0,,1,0,0,0,0,0,0.0,ods,共享数据,表级行数非零；表级行数 7/30 天波动；最新日期字段 modified 及时；主键 `__id` 重复检查；推广费/投放指标非负与日期完整性；店铺标识关键字段空值；原始 API 记录落地完整性,有关联产出任务 1 个；资源关系引用 1 次；存在 owner/任务负责人证据；元数据行数为 0；有分区 1 个
P2,20.0,ods_api_tb_wxtwjb_campaign_report_info_du,ODS_计划报告信息表(淘宝万相台无界API),包彦,陶林强,410025.0,212775538.0,6,PRIMARY_KEYS,"`dt`, `__id`",`dt`,395,790,1,jvOYu3KF0M,ODS_计划报告信息表(淘宝万相台无界API)【连接器】,2026-07-09 09:20:39,1148.0,4.0,0,,1,2,0,2,0,0,0.0,ods,共享数据,"表级行数非零；表级行数 7/30 天波动；最新分区 `dt` 非空/及时；主键 `dt`, `__id` 重复检查；店铺标识关键字段空值；原始 API 记录落地完整性",被 2 个分析项目使用；有关联产出任务 1 个；任务下游数量 4；资源关系引用 1 次；存在 owner/任务负责人证据；有分区 395 个
P2,20.0,ods_douyin_live_room_main_link_detail_entry,ODS_抖音_直播间主链接映射_填报,包彦,包彦,15.0,7895.0,9,PRIMARY_KEYS,`__id`,,1,4,1,pUeSXt1NWn,直播链接（钉钉表格）【在线表格接入】,2026-07-09 05:00:03,16.0,2.0,0,,1,4,0,4,0,0,0.0,ods,共享数据,表级行数非零；表级行数 7/30 天波动；主键 `__id` 重复检查,被 4 个分析项目使用；有关联产出任务 1 个；任务下游数量 2；资源关系引用 1 次；存在 owner/任务负责人证据；有分区 1 个
P2,20.0,ods_rpa_jst_spider_erp321_order_tickets_info_f,ODS_聚水潭订单信息表(RPA),管理员,管理员,350379.0,146782398.0,71,PRIMARY_KEYS,`__id`,,1,16,1,w9MV5M6lZ3,ods_rpa_jst_spider_erp321_order_tickets_info_f【EtlDevelop任务】,2026-07-09 00:00:05,0.0,2.0,0,,1,0,0,0,0,0,85.0,ods,共享数据,表级行数非零；表级行数 7/30 天波动；最新日期字段 crawl_time 及时；主键 `__id` 重复检查；金额/费用字段非负与异常极值；推广费/投放指标非负与日期完整性；店铺标识关键字段空值,有关联产出任务 1 个；任务下游数量 2；资源关系引用 1 次；存在 owner/任务负责人证据；有分区 1 个；字段数 71
P2,20.0,order,20260105,尹建辉,尹建辉,357145.0,67430031.0,69,PRIMARY_KEYS,`__id`,,1,4,1,02Ahmg6Mv3,20260105【EXCEL】,2026-06-29 18:33:17,357145.0,1.0,0,,1,1,0,1,0,0,6.0,不规范命名,我的数据,表级行数非零；表级行数 7/30 天波动；最新日期字段 ordertime 及时；主键 `__id` 重复检查；推广费/投放指标非负与日期完整性；商品编码/名称关键字段空值；店铺标识关键字段空值,被 1 个分析项目使用；有关联产出任务 1 个；任务下游数量 1；资源关系引用 1 次；存在 owner/任务负责人证据；有分区 1 个；字段数 69
P2,20.0,skushuxing,财务端口各sku的归属,包彦,陶林强,32436.0,1481965.0,4,PRIMARY_KEYS,`__id`,,1,16,1,yswtiOfHL2,财务端口各sku的归属【迁移】,,0.0,3.0,0,,1,3,0,3,0,0,0.0,不规范命名,共享数据,表级行数非零；表级行数 7/30 天波动；主键 `__id` 重复检查；商品编码/名称关键字段空值；店铺标识关键字段空值,被 3 个分析项目使用；有关联产出任务 1 个；任务下游数量 3；资源关系引用 1 次；存在 owner/任务负责人证据；有分区 1 个
P2,20,std_rpa_jst_trd_sys_aftersale_order_detail_f,STD_系统售后订单明细表(聚水潭RPA),管理员,管理员,0.0,0.0,46,PRIMARY_KEYS,`__id`,,1,16,1,0Ku0Cz4O1f,std_rpa_jst_trd_sys_aftersale_order_detail_f【EtlDevelop任务】,2026-07-09 00:00:05,0.0,0.0,0,,1,0,0,0,0,0,0.0,std,共享数据,表级行数非零；表级行数 7/30 天波动；最新日期字段 return_time 及时；主键 `__id` 重复检查；金额/费用字段非负与异常极值；退款/售后金额与数量范围；商品编码/名称关键字段空值；店铺标识关键字段空值,有关联产出任务 1 个；资源关系引用 1 次；存在 owner/任务负责人证据；元数据行数为 0；有分区 1 个
P2,20,std_rpa_jst_whs_outstock_detail_f,STD_出库单明细表(聚水潭RPA),管理员,管理员,0.0,0.0,36,PRIMARY_KEYS,`__id`,,1,16,1,EVcZvwC69d,std_rpa_jst_whs_outstock_detail_f【EtlDevelop任务】,2026-07-09 00:00:05,0.0,0.0,0,,1,0,0,0,0,0,0.0,std,共享数据,表级行数非零；表级行数 7/30 天波动；最新日期字段 outstock_time 及时；主键 `__id` 重复检查；金额/费用字段非负与异常极值；商品编码/名称关键字段空值,有关联产出任务 1 个；资源关系引用 1 次；存在 owner/任务负责人证据；元数据行数为 0；有分区 1 个
P2,20.0,tianmaobaozhengjinxiangmucahifen,天猫_保证金数据拆分,包彦,陶林强,12845.0,1076309.0,11,PRIMARY_KEYS,`__id`,,1,4,1,UHAP7pVbut,天猫_保证金数据拆分【迁移】,2026-07-06 15:04:20,12845.0,4.0,0,,1,2,0,2,0,0,0.0,不规范命名,共享数据,表级行数非零；表级行数 7/30 天波动；主键 `__id` 重复检查；金额/费用字段非负与异常极值,被 2 个分析项目使用；有关联产出任务 1 个；任务下游数量 4；资源关系引用 1 次；存在 owner/任务负责人证据；有分区 1 个
P2,20.0,tianmaoliuliangzhengti,天猫-生意参谋-流量整体,包彦,李梦丽,423064.0,31485320.0,52,PRIMARY_KEYS,`__id`,,1,4,1,jcwfnDZ1gc,天猫-生意参谋-流量整体【迁移】,2026-07-09 09:15:05,423064.0,1.0,0,,1,1,0,1,0,0,0.0,不规范命名,共享数据,表级行数非零；表级行数 7/30 天波动；主键 `__id` 重复检查；金额/费用字段非负与异常极值；退款/售后金额与数量范围；商品编码/名称关键字段空值；店铺标识关键字段空值,被 1 个分析项目使用；有关联产出任务 1 个；任务下游数量 1；资源关系引用 1 次；存在 owner/任务负责人证据；有分区 1 个；字段数 52
P2,20.0,tianmaosixiaoquanzhanjihuanliebiao,天猫佑美_四小时_全站计划列表,包彦,陶林强,826281.0,25515405.0,59,PRIMARY_KEYS,`__id`,,1,4,1,FRcHsNnaPc,天猫佑美_四小时_全站计划列表【迁移】,2026-07-09 09:51:58,826281.0,1.0,0,,1,1,0,1,0,0,0.0,不规范命名,共享数据,表级行数非零；表级行数 7/30 天波动；主键 `__id` 重复检查；金额/费用字段非负与异常极值；推广费/投放指标非负与日期完整性；店铺标识关键字段空值,被 1 个分析项目使用；有关联产出任务 1 个；任务下游数量 1；资源关系引用 1 次；存在 owner/任务负责人证据；有分区 1 个；字段数 59
P2,20.0,tianmaosixiaoshoujingzhunrenqun,天猫佑美_四小时_精准人群主体列表,包彦,陶林强,207095.0,6208805.0,88,PRIMARY_KEYS,`__id`,,1,4,1,ZFgRwt8pwx,天猫佑美_四小时_精准人群主体列表【迁移】,2026-07-09 09:51:38,207095.0,1.0,0,,1,1,0,1,0,0,0.0,不规范命名,共享数据,表级行数非零；表级行数 7/30 天波动；主键 `__id` 重复检查；金额/费用字段非负与异常极值；商品编码/名称关键字段空值；店铺标识关键字段空值,被 1 个分析项目使用；有关联产出任务 1 个；任务下游数量 1；资源关系引用 1 次；存在 owner/任务负责人证据；有分区 1 个；字段数 88
P2,20.0,tianmaoyoumeidajianyunfeizonghebiao,天猫佑美大件运费综合表,包彦,陶林强,1237.0,40048.0,7,PRIMARY_KEYS,`__id`,,1,16,1,AJaI7nZjcP,天猫佑美大件运费综合表【迁移】,,0.0,3.0,0,,1,3,0,3,0,0,1.0,不规范命名,共享数据,表级行数非零；表级行数 7/30 天波动；主键 `__id` 重复检查,被 3 个分析项目使用；有关联产出任务 1 个；任务下游数量 3；资源关系引用 1 次；存在 owner/任务负责人证据；有分区 1 个
P2,20.0,ud_3418004512502203_srsznbmcfb,std人事职能部门拆分表,包彦,陶林强,508.0,55282.0,9,PRIMARY_KEYS,`__id`,,1,16,1,eGeyxELc7Q,1.std人事数据清洗（比例拆分）-std人事职能部门拆分表【刷新】,,0.0,4.0,0,,1,2,0,2,0,0,85.0,不规范命名,共享数据,表级行数非零；表级行数 7/30 天波动；主键 `__id` 重复检查,被 2 个分析项目使用；有关联产出任务 1 个；任务下游数量 4；资源关系引用 1 次；存在 owner/任务负责人证据；有分区 1 个
P2,20.0,UD_4971200913022541_5FZUD_n4yytycfh,4月圆通云仓发货,包彦,包彦,370091.0,34591462.0,64,PRIMARY_KEYS,`__id`,,1,4,1,QUa2wGMF7y,4月圆通云仓发货【EXCEL】,,370091.0,1.0,0,,1,1,0,1,0,0,0.0,不规范命名,共享数据,表级行数非零；表级行数 7/30 天波动；主键 `__id` 重复检查；推广费/投放指标非负与日期完整性；商品编码/名称关键字段空值,被 1 个分析项目使用；有关联产出任务 1 个；任务下游数量 1；资源关系引用 1 次；存在 owner/任务负责人证据；有分区 1 个；字段数 64
P2,20.0,UD_4971200913022541_AP00A_pddzhbxpddzh,拼多多综合表.xlsx-拼多多综合表,包彦,包彦,9972.0,605689.0,9,PRIMARY_KEYS,`__id`,,1,16,1,ucgxOHbeKk,拼多多综合表.xlsx【钉盘接入】,2026-07-09 11:00:36,0.0,2.0,0,,1,4,0,4,0,0,0.0,不规范命名,共享数据,表级行数非零；表级行数 7/30 天波动；主键 `__id` 重复检查,被 4 个分析项目使用；有关联产出任务 1 个；任务下游数量 2；资源关系引用 1 次；存在 owner/任务负责人证据；有分区 1 个
P2,20.0,UD_5179579576634064_47ARJ_jdzyhjzzhbxj,京东自营和京造综合表.xlsx-京东自营和京造综合表,李梦丽,李梦丽,349.0,75600.0,15,PRIMARY_KEYS,`__id`,,1,16,1,FPMz6lLEac,京东自营和京造综合表.xlsx【钉盘接入】,2026-07-09 11:00:39,0.0,2.0,0,,1,4,0,4,0,0,0.0,不规范命名,共享数据,表级行数非零；表级行数 7/30 天波动；主键 `__id` 重复检查；商品编码/名称关键字段空值,被 4 个分析项目使用；有关联产出任务 1 个；任务下游数量 2；资源关系引用 1 次；存在 owner/任务负责人证据；有分区 1 个
P2,20.0,UD_5179579576634064_A5TR5_scbdbkc20251,市场部调拨库存2025-12-24至2026-12-23,李梦丽,李梦丽,97.0,22353.0,14,PRIMARY_KEYS,`__id`,,1,4,1,tQ8U0WU9K4,市场部调拨库存2025-12-24至2026-12-23【EXCEL】,,0.0,4.0,0,,1,2,0,2,0,0,0.0,不规范命名,共享数据,表级行数非零；表级行数 7/30 天波动；主键 `__id` 重复检查；商品编码/名称关键字段空值,被 2 个分析项目使用；有关联产出任务 1 个；任务下游数量 4；资源关系引用 1 次；存在 owner/任务负责人证据；有分区 1 个
P2,20.0,UD_5179579576634064_FTRED_dyzbjrtgymyd,ODS_抖音_佑美运动户外_直播加热推广_填报,包彦,李梦丽,31.0,281711.0,82,PRIMARY_KEYS,`__id`,,1,16,1,lWKYjw3RvZ,抖音直播加热推广-佑美运动户外【EXCEL】,,0.0,1.0,0,,1,1,0,1,0,0,34.0,不规范命名,共享数据,表级行数非零；表级行数 7/30 天波动；主键 `__id` 重复检查；推广费/投放指标非负与日期完整性,被 1 个分析项目使用；有关联产出任务 1 个；任务下游数量 1；资源关系引用 1 次；存在 owner/任务负责人证据；有分区 1 个；字段数 82
P2,20.0,UD_5179579576634064_XDLII_dyzhbxs1,ODS_抖音综合表_填报,李梦丽,李梦丽,1739.0,197117.0,10,PRIMARY_KEYS,`__id`,,1,16,1,LkqMfbyv8e,抖音综合表.xlsx【钉盘接入】,2026-07-09 11:00:35,0.0,2.0,0,,1,4,0,4,0,0,0.0,不规范命名,共享数据,表级行数非零；表级行数 7/30 天波动；主键 `__id` 重复检查；商品编码/名称关键字段空值,被 4 个分析项目使用；有关联产出任务 1 个；任务下游数量 2；资源关系引用 1 次；存在 owner/任务负责人证据；有分区 1 个
P2,20.0,xiaoshoujihuabiaobanniandu,天猫-销售计划表-半年度,包彦,李梦丽,46.0,21539.0,6,PRIMARY_KEYS,`__id`,,1,16,1,hNKsp8OTLO,天猫-销售计划表-半年度【迁移】,,0.0,2.0,0,,1,4,0,4,0,0,0.0,不规范命名,共享数据,表级行数非零；表级行数 7/30 天波动；主键 `__id` 重复检查,被 4 个分析项目使用；有关联产出任务 1 个；任务下游数量 2；资源关系引用 1 次；存在 owner/任务负责人证据；有分区 1 个
P2,19,_persist_COLLECTION_8WKuw354ME,,包彦,,0.0,0.0,23,DUP_KEYS,,,1,4,0,,,,0.0,0.0,0,,0,0,0,0,0,1,1.0,正式态物化表,共享数据,表级行数非零；表级行数 7/30 天波动；物化表与来源 collection 完整性,存在 owner/任务负责人证据；元数据行数为 0；有分区 1 个；未识别到物理主键配置；被物化关系引用 1 次
P2,19,_persist_COLLECTION_aQ3D6Wporz,,李梦丽,,0.0,0.0,6,DUP_KEYS,,,1,16,0,,,,0.0,0.0,0,,0,0,0,0,0,1,0.0,正式态物化表,共享数据,表级行数非零；表级行数 7/30 天波动；物化表与来源 collection 完整性,存在 owner/任务负责人证据；元数据行数为 0；有分区 1 个；未识别到物理主键配置；被物化关系引用 1 次
P2,19,_persist_COLLECTION_F5a8g5S4Ze,,陶林强,,0.0,0.0,45,DUP_KEYS,,,1,16,0,,,,0.0,0.0,0,,0,0,0,0,0,1,0.0,正式态物化表,共享数据,表级行数非零；表级行数 7/30 天波动；物化表与来源 collection 完整性,存在 owner/任务负责人证据；元数据行数为 0；有分区 1 个；未识别到物理主键配置；被物化关系引用 1 次
P2,19,_tmp_1783575670724__persist_COLLECTION_stGySqFWEc_WORKING,,,,0.0,0.0,123,,,,0,0,0,,,,0.0,0.0,0,,0,0,0,0,0,0,0.0,,,表级行数非零；表级行数 7/30 天波动；最新日期字段 pay_time 及时；候选业务键 spbm 重复检查；商品编码/名称关键字段空值；物化表与来源 collection 完整性,元数据行数为 0；宽表字段数 123；未识别到物理主键配置
P2,19,_tmp_1783575704776__persist_COLLECTION_JQF2a7BMMg_WORKING,,,,0.0,0.0,123,,,,0,0,0,,,,0.0,0.0,0,,0,0,0,0,0,0,0.0,,,表级行数非零；表级行数 7/30 天波动；最新日期字段 pay_time 及时；候选业务键 spbm 重复检查；商品编码/名称关键字段空值；物化表与来源 collection 完整性,元数据行数为 0；宽表字段数 123；未识别到物理主键配置
P2,19,cs,ODS_退货退款信息表(聚水潭奇门APIcs,管理员,管理员,259.0,203246.0,54,PRIMARY_KEYS,"`dt`, `__id`",`dt`,2,4,1,Ruwf1ANG50,ODS_退货退款信息表(聚水潭奇门API)【连接器】,,0.0,0.0,0,,1,1,0,1,0,0,0.0,不规范命名,我的数据,"表级行数非零；表级行数 7/30 天波动；最新分区 `dt` 非空/及时；主键 `dt`, `__id` 重复检查；金额/费用字段非负与异常极值；退款/售后金额与数量范围；店铺标识关键字段空值；原始 API 记录落地完整性",被 1 个分析项目使用；有关联产出任务 1 个；资源关系引用 1 次；存在 owner/任务负责人证据；有分区 2 个；字段数 54
P2,19.0,ods_api_jingdong_asc_query_info_du,ODS_售后服务单信息表(京东API),管理员,陶林强,10495.0,33225126.0,50,PRIMARY_KEYS,"`dt`, `__id`",`dt`,270,540,1,tBq2X67GU6,ODS_售后服务单信息表(京东API)【连接器】,2026-07-09 02:11:57,75.0,1.0,0,,1,0,0,0,0,0,85.0,ods,共享数据,"表级行数非零；表级行数 7/30 天波动；最新分区 `dt` 非空/及时；主键 `dt`, `__id` 重复检查；退款/售后金额与数量范围；推广费/投放指标非负与日期完整性；店铺标识关键字段空值；原始 API 记录落地完整性",有关联产出任务 1 个；任务下游数量 1；资源关系引用 1 次；存在 owner/任务负责人证据；有分区 270 个；字段数 50
P2,19.0,ods_api_jingdong_ware_info_du,ODS_商品信息表(京东API),管理员,陶林强,159020.0,1030993208.0,67,PRIMARY_KEYS,"`dt`, `__id`",`dt`,494,988,1,vdAfZZ1jEI,ODS_商品信息表(京东API)【连接器】,2026-07-09 02:05:02,473.0,1.0,0,,1,0,0,0,0,0,0.0,ods,共享数据,"表级行数非零；表级行数 7/30 天波动；最新分区 `dt` 非空/及时；主键 `dt`, `__id` 重复检查；金额/费用字段非负与异常极值；退款/售后金额与数量范围；推广费/投放指标非负与日期完整性；商品编码/名称关键字段空值；店铺标识关键字段空值；原始 API 记录落地完整性",有关联产出任务 1 个；任务下游数量 1；资源关系引用 1 次；存在 owner/任务负责人证据；有分区 494 个；字段数 67
P2,19.0,ods_api_jstbz_skusn_query_info_du,ODS_跟踪信息表(聚水潭标准API),管理员,管理员,80057.0,20133545.0,50,PRIMARY_KEYS,"`dt`, `__id`",`dt`,147,294,1,Zr8Kdt6L9o,ODS_跟踪信息表(聚水潭标准API)【连接器】,2026-07-09 02:10:13,1267.0,1.0,0,,1,0,0,0,0,0,0.0,ods,共享数据,"表级行数非零；表级行数 7/30 天波动；最新分区 `dt` 非空/及时；主键 `dt`, `__id` 重复检查；商品编码/名称关键字段空值；店铺标识关键字段空值；原始 API 记录落地完整性",有关联产出任务 1 个；任务下游数量 1；资源关系引用 1 次；存在 owner/任务负责人证据；有分区 147 个；字段数 50
P2,19.0,ods_api_tb_item_sku_info_f,ODS_商品SKU信息表(淘宝API),管理员,管理员,43218.0,6519303.0,17,PRIMARY_KEYS,`__id`,,1,16,1,oxAHdbcacG,ods_api_tb_item_sku_info_f【EtlDevelop任务】,,0.0,1.0,0,,1,4,0,4,1,0,21.0,ods,共享数据,表级行数非零；表级行数 7/30 天波动；最新日期字段 dt 及时；主键 `__id` 重复检查；金额/费用字段非负与异常极值；商品编码/名称关键字段空值；店铺标识关键字段空值；原始 API 记录落地完整性,被 4 个分析项目使用；有关联产出任务 1 个；任务下游数量 1；资源关系引用 1 次；存在 owner/任务负责人证据；有分区 1 个
P2,19,ods_api_xhsjg_plan_report_info_du,ODS_计划报表信息表(小红书聚光API),包彦,包彦,187.0,1645033.0,82,PRIMARY_KEYS,"`dt`, `__id`",`dt`,66,132,1,01MfS8WShv,ODS_计划报表信息表(小红书聚光API)【连接器】,2026-07-09 10:01:17,4.0,0.0,0,,1,1,0,1,0,0,73.0,ods,共享数据,"表级行数非零；表级行数 7/30 天波动；最新分区 `dt` 非空/及时；主键 `dt`, `__id` 重复检查；金额/费用字段非负与异常极值；退款/售后金额与数量范围；推广费/投放指标非负与日期完整性；店铺标识关键字段空值；原始 API 记录落地完整性",被 1 个分析项目使用；有关联产出任务 1 个；资源关系引用 1 次；存在 owner/任务负责人证据；有分区 66 个；字段数 82
P2,19.0,ods_db_cube_shield_user_info_f,ODS_权限用户表(魔方内置DB),管理员,管理员,748.0,79995.0,13,PRIMARY_KEYS,`__id`,,1,4,1,GCwzp6DlWi,ODS_权限用户表(魔方内置DB)【迁移】,2026-07-09 14:01:35,748.0,5.0,0,,1,0,0,0,0,0,-1.0,ods,共享数据,表级行数非零；表级行数 7/30 天波动；最新日期字段 create_time 及时；主键 `__id` 重复检查,有关联产出任务 1 个；任务下游数量 5；资源关系引用 1 次；存在 owner/任务负责人证据；有分区 1 个
P2,19.0,ods_rpa_jst_spider_erp321_aftersale_info_du,ODS_聚水潭售后信息表(RPA),管理员,管理员,734709.0,517439070.0,89,PRIMARY_KEYS,`__id`,,1,16,1,CJQvhkwblM,ODS_聚水潭售后信息表(RPA)【迁移】,2026-07-09 00:00:05,0.0,1.0,0,,1,0,0,0,0,0,85.0,ods,共享数据,表级行数非零；表级行数 7/30 天波动；最新日期字段 crawl_time 及时；主键 `__id` 重复检查；金额/费用字段非负与异常极值；退款/售后金额与数量范围；推广费/投放指标非负与日期完整性；店铺标识关键字段空值,有关联产出任务 1 个；任务下游数量 1；资源关系引用 1 次；存在 owner/任务负责人证据；有分区 1 个；字段数 89
P2,19.0,ods_rpa_jst_spider_erp321_aftersale_info_f,ODS_聚水潭售后信息表(RPA),管理员,管理员,61154.0,45669099.0,89,PRIMARY_KEYS,`__id`,,1,16,1,dMOS5E1mcm,ods_rpa_jst_spider_erp321_aftersale_info_f【EtlDevelop任务】,2026-07-09 00:00:06,0.0,1.0,0,,1,0,0,0,0,0,85.0,ods,共享数据,表级行数非零；表级行数 7/30 天波动；最新日期字段 crawl_time 及时；主键 `__id` 重复检查；金额/费用字段非负与异常极值；退款/售后金额与数量范围；推广费/投放指标非负与日期完整性；店铺标识关键字段空值,有关联产出任务 1 个；任务下游数量 1；资源关系引用 1 次；存在 owner/任务负责人证据；有分区 1 个；字段数 89
P2,19.0,pdd_tgzx_promotion_report_store_promotion_store_unit,拼多多推广中心推广报表店铺推广明星店铺单元,包彦,陶林强,495.0,88723.0,25,PRIMARY_KEYS,`__id`,,1,4,1,AIaML9Envt,拼多多推广中心推广报表店铺推广明星店铺单元【迁移】,2026-07-09 11:35:21,495.0,4.0,0,,1,1,0,1,0,0,0.0,不规范命名,共享数据,表级行数非零；表级行数 7/30 天波动；最新日期字段 business_date 及时；主键 `__id` 重复检查；金额/费用字段非负与异常极值；推广费/投放指标非负与日期完整性；商品编码/名称关键字段空值；店铺标识关键字段空值,被 1 个分析项目使用；有关联产出任务 1 个；任务下游数量 4；资源关系引用 1 次；存在 owner/任务负责人证据；有分区 1 个
P2,19.0,pinduoduoxiaoshoujihuabiao,拼多多-销售计划表,包彦,李梦丽,88.0,8628.0,7,PRIMARY_KEYS,`__id`,,1,4,1,39acp657HN,拼多多-销售计划表【迁移】,,0.0,1.0,0,,1,4,0,4,0,0,14.0,不规范命名,共享数据,表级行数非零；表级行数 7/30 天波动；主键 `__id` 重复检查,被 4 个分析项目使用；有关联产出任务 1 个；任务下游数量 1；资源关系引用 1 次；存在 owner/任务负责人证据；有分区 1 个
P2,19.0,pingduoduobayibutie,拼多多百亿补商品ID,包彦,陶林强,44292.0,1529976.0,6,PRIMARY_KEYS,`__id`,,1,16,1,7mOku6j8zi,拼多多百亿补商品ID【迁移】,,0.0,2.0,0,,1,3,0,3,0,0,35.0,不规范命名,共享数据,表级行数非零；表级行数 7/30 天波动；主键 `__id` 重复检查；商品编码/名称关键字段空值；店铺标识关键字段空值,被 3 个分析项目使用；有关联产出任务 1 个；任务下游数量 2；资源关系引用 1 次；存在 owner/任务负责人证据；有分区 1 个
P2,19.0,shangpinpintuilv,天猫-商品品退率明细,包彦,李梦丽,216243.0,9997433.0,9,PRIMARY_KEYS,`__id`,,1,4,1,2su02FO3o5,天猫-商品品退率明细【迁移】,2026-07-09 12:01:06,215572.0,2.0,0,,1,3,0,3,0,0,-1.0,不规范命名,共享数据,表级行数非零；表级行数 7/30 天波动；主键 `__id` 重复检查；金额/费用字段非负与异常极值；退款/售后金额与数量范围；商品编码/名称关键字段空值,被 3 个分析项目使用；有关联产出任务 1 个；任务下游数量 2；资源关系引用 1 次；存在 owner/任务负责人证据；有分区 1 个
P2,19.0,tianmaomiaozhuzonghebiao,天猫喵住综合表,包彦,陶林强,43.0,32786.0,12,PRIMARY_KEYS,`__id`,,1,16,1,Suc7LJOzRb,天猫喵住综合表【迁移】,,0.0,3.0,0,,1,2,0,2,0,0,0.0,不规范命名,共享数据,表级行数非零；表级行数 7/30 天波动；主键 `__id` 重复检查；推广费/投放指标非负与日期完整性；商品编码/名称关键字段空值；店铺标识关键字段空值,被 2 个分析项目使用；有关联产出任务 1 个；任务下游数量 3；资源关系引用 1 次；存在 owner/任务负责人证据；有分区 1 个
P2,19.0,tianmaoweixinzhangdan,天猫_微信账单,包彦,陶林强,153189.0,16109810.0,17,PRIMARY_KEYS,`__id`,,1,4,1,vzeajGEGD1,天猫_微信账单【迁移】,2026-07-08 10:30:58,153189.0,4.0,0,,1,1,0,1,0,0,0.0,不规范命名,共享数据,表级行数非零；表级行数 7/30 天波动；主键 `__id` 重复检查；金额/费用字段非负与异常极值；店铺标识关键字段空值,被 1 个分析项目使用；有关联产出任务 1 个；任务下游数量 4；资源关系引用 1 次；存在 owner/任务负责人证据；有分区 1 个
P2,19.0,tmall_wechat_billing,天猫_微信账单_聚合账户,包彦,包彦,130326.0,19007818.0,15,PRIMARY_KEYS,`__id`,,1,4,1,jVMzqa6X25,天猫_微信账单_聚合账户【迁移】,2026-07-06 15:04:07,130326.0,4.0,0,,1,1,0,1,0,0,0.0,不规范命名,共享数据,表级行数非零；表级行数 7/30 天波动；主键 `__id` 重复检查；金额/费用字段非负与异常极值,被 1 个分析项目使用；有关联产出任务 1 个；任务下游数量 4；资源关系引用 1 次；存在 owner/任务负责人证据；有分区 1 个
P2,19,UD_1_8YTFA_spbb20250826,商品报表_20250826_商品ID,管理员,管理员,6709.0,2003582.0,81,PRIMARY_KEYS,`__id`,,1,16,1,sJg1KD3tad,商品报表_20250826_商品ID【EXCEL】,,0.0,0.0,0,,1,1,0,1,0,0,0.0,不规范命名,我的数据,表级行数非零；表级行数 7/30 天波动；主键 `__id` 重复检查；商品编码/名称关键字段空值,被 1 个分析项目使用；有关联产出任务 1 个；资源关系引用 1 次；存在 owner/任务负责人证据；有分区 1 个；字段数 81
P2,19,UD_1_AUTNK_yxcjbb202512,营销场景报表_20251201,管理员,管理员,5.0,85345.0,68,PRIMARY_KEYS,`__id`,,1,16,1,Q0qUtS5b1y,营销场景报表_20251201【EXCEL】,,0.0,0.0,0,,1,1,0,1,0,0,0.0,不规范命名,我的数据,表级行数非零；表级行数 7/30 天波动；主键 `__id` 重复检查,被 1 个分析项目使用；有关联产出任务 1 个；资源关系引用 1 次；存在 owner/任务负责人证据；有分区 1 个；字段数 68
P2,19,UD_4971200913022541_0I2YN_shd202604070,售后单-2026-04-07 03_31_05,包彦,包彦,773.0,389412.0,52,PRIMARY_KEYS,`__id`,,1,16,1,D7wV2BVQrX,售后单-2026-04-07 03_31_05【EXCEL】,,0.0,0.0,0,,1,1,0,1,0,0,61.0,不规范命名,共享数据,表级行数非零；表级行数 7/30 天波动；主键 `__id` 重复检查；退款/售后金额与数量范围,被 1 个分析项目使用；有关联产出任务 1 个；资源关系引用 1 次；存在 owner/任务负责人证据；有分区 1 个；字段数 52
P2,18,_tmp_1783505816654_ud_6816162936700995_sxsckxxbxc,,,,0.0,0.0,59,DUP_KEYS,,,1,4,0,,,,0.0,0.0,0,,0,0,0,0,0,0,0.0,任务临时文件,共享数据,表级行数非零；表级行数 7/30 天波动；最新日期字段 pay_date 及时；候选业务键 so_id 重复检查；金额/费用字段非负与异常极值；商品编码/名称关键字段空值；店铺标识关键字段空值；原始 API 记录落地完整性,元数据行数为 0；有分区 1 个；字段数 59；未识别到物理主键配置
P2,18,bak_ods_api_jstbz_archive_refund_info_f,,,,0.0,0.0,53,DUP_KEYS,,,1,1,0,,,,0.0,0.0,0,,0,0,0,0,0,0,0.0,bak,共享数据,表级行数非零；表级行数 7/30 天波动；最新日期字段 as_date 及时；候选业务键 so_id 重复检查；金额/费用字段非负与异常极值；退款/售后金额与数量范围；店铺标识关键字段空值；原始 API 记录落地完整性,元数据行数为 0；有分区 1 个；字段数 53；未识别到物理主键配置
P2,18,bak_ods_api_jstbz_archive_sale_order_info_f,,,,0.0,0.0,82,DUP_KEYS,,,1,1,0,,,,0.0,0.0,0,,0,0,0,0,0,0,0.0,bak,共享数据,表级行数非零；表级行数 7/30 天波动；最新日期字段 send_date 及时；候选业务键 so_id 重复检查；金额/费用字段非负与异常极值；推广费/投放指标非负与日期完整性；商品编码/名称关键字段空值；店铺标识关键字段空值；原始 API 记录落地完整性,元数据行数为 0；有分区 1 个；字段数 82；未识别到物理主键配置
P2,18,bak_ods_api_jstbz_archive_sale_outstock_info_f,,,,0.0,0.0,62,DUP_KEYS,,,1,1,0,,,,0.0,0.0,0,,0,0,0,0,0,0,0.0,bak,共享数据,表级行数非零；表级行数 7/30 天波动；最新日期字段 modified 及时；候选业务键 so_id 重复检查；金额/费用字段非负与异常极值；推广费/投放指标非负与日期完整性；店铺标识关键字段空值；原始 API 记录落地完整性,元数据行数为 0；有分区 1 个；字段数 62；未识别到物理主键配置
P2,18,bak_ods_api_jstbz_refund_info_f,,,,0.0,0.0,51,DUP_KEYS,,,1,1,0,,,,0.0,0.0,0,,0,0,0,0,0,0,0.0,bak,共享数据,表级行数非零；表级行数 7/30 天波动；最新日期字段 as_date 及时；候选业务键 so_id 重复检查；金额/费用字段非负与异常极值；退款/售后金额与数量范围；店铺标识关键字段空值；原始 API 记录落地完整性,元数据行数为 0；有分区 1 个；字段数 51；未识别到物理主键配置
P2,18,bak_ods_api_jstbz_sale_order_info_f,,,,0.0,0.0,80,DUP_KEYS,,,1,1,0,,,,0.0,0.0,0,,0,0,0,0,0,0,0.0,bak,共享数据,表级行数非零；表级行数 7/30 天波动；最新日期字段 send_date 及时；候选业务键 so_id 重复检查；金额/费用字段非负与异常极值；推广费/投放指标非负与日期完整性；商品编码/名称关键字段空值；店铺标识关键字段空值；原始 API 记录落地完整性,元数据行数为 0；有分区 1 个；字段数 80；未识别到物理主键配置
P2,18,bak_ods_api_jstbz_sale_withdrawal_info_f,,,,1820690.0,633225988.0,28,DUP_KEYS,,,1,1,0,,,,0.0,0.0,0,,0,0,0,0,0,0,0.0,bak,共享数据,表级行数非零；表级行数 7/30 天波动；最新日期字段 io_date 及时；候选业务键 so_id 重复检查；退款/售后金额与数量范围；店铺标识关键字段空值；原始 API 记录落地完整性,百万级表行数约 1820690；有分区 1 个；未识别到物理主键配置
P2,18,bak_ods_api_jstbz_virtualwh_stock_info_f,,,,1030523.0,85066146.0,8,DUP_KEYS,,,1,1,0,,,,0.0,0.0,0,,0,0,0,0,0,0,0.0,bak,共享数据,表级行数非零；表级行数 7/30 天波动；最新日期字段 dt 及时；候选业务键 sku_id 重复检查；商品编码/名称关键字段空值；店铺标识关键字段空值；原始 API 记录落地完整性,百万级表行数约 1030523；有分区 1 个；未识别到物理主键配置
P2,18,bak_ods_api_jstqm_archive_refund_info_f,,,,0.0,0.0,54,DUP_KEYS,,,1,1,0,,,,0.0,0.0,0,,0,0,0,0,0,0,0.0,bak,共享数据,表级行数非零；表级行数 7/30 天波动；最新日期字段 as_date 及时；候选业务键 so_id 重复检查；金额/费用字段非负与异常极值；退款/售后金额与数量范围；店铺标识关键字段空值；原始 API 记录落地完整性,元数据行数为 0；有分区 1 个；字段数 54；未识别到物理主键配置
P2,18,bak_ods_api_jstqm_refund_info_f,,,,0.0,0.0,54,DUP_KEYS,,,1,1,0,,,,0.0,0.0,0,,0,0,0,0,0,0,0.0,bak,共享数据,表级行数非零；表级行数 7/30 天波动；最新日期字段 as_date 及时；候选业务键 so_id 重复检查；金额/费用字段非负与异常极值；退款/售后金额与数量范围；店铺标识关键字段空值；原始 API 记录落地完整性,元数据行数为 0；有分区 1 个；字段数 54；未识别到物理主键配置
P2,18.0,df_table_33qspm0cnp,新建填报表-2025-08-18 11:00,管理员,管理员,1.0,2726.0,11,PRIMARY_KEYS,`id`,,1,16,1,z846N0uY21,新建填报表-2025-08-18 11:00【数据填报更新】,,0.0,1.0,0,,2,1,0,1,0,0,0.0,不规范命名,我的数据,表级行数非零；表级行数 7/30 天波动；最新日期字段 update_id 及时；主键 `id` 重复检查,被 1 个分析项目使用；有关联产出任务 1 个；任务下游数量 1；资源关系引用 2 次；存在 owner/任务负责人证据；有分区 1 个
P2,18.0,gongyinglianshouhouzonghebiao,供应链综合表,包彦,陶林强,14918.0,838071.0,6,PRIMARY_KEYS,`__id`,,1,4,1,S38c0hzZsM,供应链综合表【迁移】,2026-06-25 17:49:29,14918.0,2.0,0,,1,2,0,2,0,0,6.0,不规范命名,共享数据,表级行数非零；表级行数 7/30 天波动；主键 `__id` 重复检查,被 2 个分析项目使用；有关联产出任务 1 个；任务下游数量 2；资源关系引用 1 次；存在 owner/任务负责人证据；有分区 1 个
P2,18.0,liuliangshuju,京东_商品明细sku流量数据,包彦,陶林强,108055.0,6565261.0,33,PRIMARY_KEYS,`__id`,,1,4,1,XOeOLYTRVz,京东_商品明细sku流量数据【迁移】,2026-07-09 08:23:03,108055.0,1.0,0,,1,3,0,3,0,0,0.0,不规范命名,共享数据,表级行数非零；表级行数 7/30 天波动；主键 `__id` 重复检查；金额/费用字段非负与异常极值；退款/售后金额与数量范围；商品编码/名称关键字段空值,被 3 个分析项目使用；有关联产出任务 1 个；任务下游数量 1；资源关系引用 1 次；存在 owner/任务负责人证据；有分区 1 个
P2,18.0,ods_api_dd_buyin_query_shop_alliance_order_info_du,ODS_查询店铺联盟订单信息表(抖店API),包彦,陶林强,305406.0,132892178.0,44,PRIMARY_KEYS,"`dt`, `__id`",`dt`,410,820,1,QqqmUEVmQ7,ODS_查询店铺联盟订单信息表(抖店API)【连接器】,2026-07-09 02:04:53,23282.0,3.0,0,,1,1,0,1,0,0,0.0,ods,共享数据,"表级行数非零；表级行数 7/30 天波动；最新分区 `dt` 非空/及时；主键 `dt`, `__id` 重复检查；金额/费用字段非负与异常极值；退款/售后金额与数量范围；推广费/投放指标非负与日期完整性；商品编码/名称关键字段空值；店铺标识关键字段空值；原始 API 记录落地完整性",被 1 个分析项目使用；有关联产出任务 1 个；任务下游数量 3；资源关系引用 1 次；存在 owner/任务负责人证据；有分区 410 个
P2,18.0,ods_api_jingdong_query_the_wallet_flow_info_du,ODS_查询钱包流水明细信息表(京东API),管理员,陶林强,502.0,274322.0,21,PRIMARY_KEYS,`__id`,,1,16,1,iT44VdosRX,ODS_查询钱包流水明细信息表(京东API)【连接器】,2026-07-09 10:01:19,47.0,1.0,0,,1,3,0,3,0,0,0.0,ods,共享数据,表级行数非零；表级行数 7/30 天波动；最新日期字段 dt 及时；主键 `__id` 重复检查；金额/费用字段非负与异常极值；推广费/投放指标非负与日期完整性；店铺标识关键字段空值；原始 API 记录落地完整性,被 3 个分析项目使用；有关联产出任务 1 个；任务下游数量 1；资源关系引用 1 次；存在 owner/任务负责人证据；有分区 1 个
P2,18.0,ods_api_jlqc_uni_overall_roi_live_aweme_info_du,ODS_全域推广乘方直播间抖音号数据信息表(巨量千川API),包彦,包彦,20.0,65364.0,7,PRIMARY_KEYS,"`dt`, `__id`",`dt`,20,20,1,S7sbIPZs12,ODS_全域推广乘方直播间抖音号数据信息表(巨量千川API)【连接器】,2026-07-09 05:02:50,1.0,3.0,0,,1,1,0,1,0,0,0.0,ods,共享数据,"表级行数非零；表级行数 7/30 天波动；最新分区 `dt` 非空/及时；主键 `dt`, `__id` 重复检查；推广费/投放指标非负与日期完整性；店铺标识关键字段空值；原始 API 记录落地完整性",被 1 个分析项目使用；有关联产出任务 1 个；任务下游数量 3；资源关系引用 1 次；存在 owner/任务负责人证据；有分区 20 个
P2,18.0,ods_api_jlqc_uni_overall_roi_product_product_info_du,ODS_全域推广乘方商品商品数据信息表(巨量千川API),包彦,包彦,353.0,276814.0,7,PRIMARY_KEYS,"`dt`, `__id`",`dt`,46,46,1,tVwHPS1VgT,ODS_全域推广乘方商品商品数据信息表(巨量千川API)【连接器】,2026-07-09 05:02:38,4.0,3.0,0,,1,1,0,1,0,0,0.0,ods,共享数据,"表级行数非零；表级行数 7/30 天波动；最新分区 `dt` 非空/及时；主键 `dt`, `__id` 重复检查；推广费/投放指标非负与日期完整性；商品编码/名称关键字段空值；店铺标识关键字段空值；原始 API 记录落地完整性",被 1 个分析项目使用；有关联产出任务 1 个；任务下游数量 3；资源关系引用 1 次；存在 owner/任务负责人证据；有分区 46 个
P2,18.0,ods_api_jlqc_uni_promotion_product_product_info_du,ODS_全域推广商品全域商品数据信息表(巨量千川API),包彦,包彦,3734.0,13610455.0,11,PRIMARY_KEYS,"`dt`, `__id`",`dt`,70,70,1,Jxeq32pjP3,ODS_全域推广商品全域商品数据信息表(巨量千川API)【连接器】,2026-07-09 02:10:48,46.0,3.0,0,,1,1,0,1,0,0,0.0,ods,共享数据,"表级行数非零；表级行数 7/30 天波动；最新分区 `dt` 非空/及时；主键 `dt`, `__id` 重复检查；推广费/投放指标非负与日期完整性；商品编码/名称关键字段空值；店铺标识关键字段空值；原始 API 记录落地完整性",被 1 个分析项目使用；有关联产出任务 1 个；任务下游数量 3；资源关系引用 1 次；存在 owner/任务负责人证据；有分区 70 个
P2,18.0,ods_api_tb_wxtwjb_creative_report_info_du,ODS_创意报告信息表(淘宝万相台无界API),包彦,陶林强,519575.0,237209035.0,6,PRIMARY_KEYS,"`dt`, `__id`",`dt`,394,788,1,P0cvyd3X0C,ODS_创意报告信息表(淘宝万相台无界API)【连接器】,2026-07-09 09:19:08,1213.0,2.0,0,,1,2,0,2,0,0,0.0,ods,共享数据,"表级行数非零；表级行数 7/30 天波动；最新分区 `dt` 非空/及时；主键 `dt`, `__id` 重复检查；店铺标识关键字段空值；原始 API 记录落地完整性",被 2 个分析项目使用；有关联产出任务 1 个；任务下游数量 2；资源关系引用 1 次；存在 owner/任务负责人证据；有分区 394 个
P2,18,ods_api_xhsjg_account_report_info_du_xhsjg,ODS_账户报表信息表(小红书聚光API)	,包彦,陶林强,1037.0,8869008.0,75,PRIMARY_KEYS,"`dt`, `__id`",`dt`,442,884,1,wEMNZ6S0Vs,ODS_账户报表信息表(小红书聚光API)	【连接器】,2026-07-09 10:00:53,2.0,0.0,0,,1,0,0,0,0,0,85.0,ods,共享数据,"表级行数非零；表级行数 7/30 天波动；最新分区 `dt` 非空/及时；主键 `dt`, `__id` 重复检查；金额/费用字段非负与异常极值；退款/售后金额与数量范围；推广费/投放指标非负与日期完整性；店铺标识关键字段空值；原始 API 记录落地完整性",有关联产出任务 1 个；资源关系引用 1 次；存在 owner/任务负责人证据；有分区 442 个；字段数 75
P2,18,ods_api_xhsjg_unit_report_info_du,ODS_单元报表信息表(小红书聚光API),李梦丽,李梦丽,46.0,200730.0,84,PRIMARY_KEYS,"`dt`, `__id`",`dt`,10,10,1,N1aSw7f23t,ODS_单元报表信息表(小红书聚光API)【连接器】,2026-07-09 10:01:48,3.0,0.0,0,,1,0,0,0,0,0,0.0,ods,我的数据,"表级行数非零；表级行数 7/30 天波动；最新分区 `dt` 非空/及时；主键 `dt`, `__id` 重复检查；金额/费用字段非负与异常极值；退款/售后金额与数量范围；推广费/投放指标非负与日期完整性；店铺标识关键字段空值；原始 API 记录落地完整性",有关联产出任务 1 个；资源关系引用 1 次；存在 owner/任务负责人证据；有分区 10 个；字段数 84
P2,18.0,ods_caiwudianpufenqu,ods_财务分区店铺,包彦,陶林强,456.0,59748.0,4,PRIMARY_KEYS,`__id`,,1,16,1,mvcf6YLD9T,ods_财务分区店铺【迁移】,,0.0,2.0,0,,1,2,0,2,0,0,85.0,ods,共享数据,表级行数非零；表级行数 7/30 天波动；主键 `__id` 重复检查；店铺标识关键字段空值,被 2 个分析项目使用；有关联产出任务 1 个；任务下游数量 2；资源关系引用 1 次；存在 owner/任务负责人证据；有分区 1 个
P2,18.0,ods_db_cube_work_table_field_info_f,ODS_魔方工作表字段描述信息表(魔方内置DB),管理员,管理员,22811.0,2365460.0,18,PRIMARY_KEYS,`__id`,,1,4,1,lDgHrvO88n,ODS_魔方工作表字段描述信息表(魔方内置DB)【迁移】,2026-07-09 02:03:09,22811.0,1.0,0,,1,3,0,3,0,0,-1.0,ods,共享数据,表级行数非零；表级行数 7/30 天波动；最新日期字段 create_time 及时；主键 `__id` 重复检查,被 3 个分析项目使用；有关联产出任务 1 个；任务下游数量 1；资源关系引用 1 次；存在 owner/任务负责人证据；有分区 1 个
P2,18.0,ods_db_cube_yuce_schedule_task_related_object_info_f,ODS_调度任务关联实体表(魔方内置DB),管理员,管理员,6114.0,521586.0,9,PRIMARY_KEYS,`__id`,,1,4,1,NVe25zT4x6,ODS_调度任务关联实体表(魔方内置DB)【迁移】,2026-07-09 14:01:35,6060.0,4.0,0,,1,0,0,0,0,0,-1.0,ods,共享数据,表级行数非零；表级行数 7/30 天波动；最新日期字段 create_time 及时；主键 `__id` 重复检查,有关联产出任务 1 个；任务下游数量 4；资源关系引用 1 次；存在 owner/任务负责人证据；有分区 1 个
P2,18.0,ODS_dianpuxiaoshoujinebiao,ODS_销售金额,包彦,陶林强,974.0,96517.0,8,PRIMARY_KEYS,`__id`,,1,16,1,9OcjWrcUz4,ODS_销售金额【迁移】,,0.0,2.0,0,,1,2,0,2,0,0,85.0,不规范命名,共享数据,表级行数非零；表级行数 7/30 天波动；主键 `__id` 重复检查；金额/费用字段非负与异常极值；店铺标识关键字段空值,被 2 个分析项目使用；有关联产出任务 1 个；任务下游数量 2；资源关系引用 1 次；存在 owner/任务负责人证据；有分区 1 个
P2,18.0,ods_douyinzijinzhangdanchaifen,ODS_抖音资金账单拆分_填报,包彦,陶林强,445.0,102824.0,39,PRIMARY_KEYS,`__id`,,1,4,1,yJuu3bjfi3,ods_抖音资金账单擦拆分【迁移】,2026-07-08 11:43:18,445.0,3.0,0,,1,1,0,1,0,0,0.0,ods,共享数据,表级行数非零；表级行数 7/30 天波动；主键 `__id` 重复检查；金额/费用字段非负与异常极值；退款/售后金额与数量范围；推广费/投放指标非负与日期完整性；商品编码/名称关键字段空值；店铺标识关键字段空值,被 1 个分析项目使用；有关联产出任务 1 个；任务下游数量 3；资源关系引用 1 次；存在 owner/任务负责人证据；有分区 1 个
P2,18.0,pingduoduobaiyibutielishishuju,拼多多百亿补贴历史数据,包彦,陶林强,17542.0,787233.0,7,PRIMARY_KEYS,`__id`,,1,16,1,Cp46ny5YUQ,拼多多百亿补贴历史数据【迁移】,,0.0,2.0,0,,1,2,0,2,0,0,0.0,不规范命名,共享数据,表级行数非零；表级行数 7/30 天波动；主键 `__id` 重复检查；商品编码/名称关键字段空值；店铺标识关键字段空值,被 2 个分析项目使用；有关联产出任务 1 个；任务下游数量 2；资源关系引用 1 次；存在 owner/任务负责人证据；有分区 1 个
P2,18.0,pinpinduoduozonghebiao,拼多多综合表,包彦,陶林强,9486.0,558368.0,8,PRIMARY_KEYS,`__id`,,1,16,1,hH4YxVYYmz,拼多多综合表【迁移】,,0.0,2.0,0,,1,2,0,2,0,0,0.0,不规范命名,共享数据,表级行数非零；表级行数 7/30 天波动；主键 `__id` 重复检查；推广费/投放指标非负与日期完整性；商品编码/名称关键字段空值,被 2 个分析项目使用；有关联产出任务 1 个；任务下游数量 2；资源关系引用 1 次；存在 owner/任务负责人证据；有分区 1 个
P2,18.0,shangpinchapinglv,天猫-商品差评率明细,包彦,李梦丽,115721.0,7371935.0,8,PRIMARY_KEYS,`__id`,,1,4,1,9re4KEg377,天猫-商品差评率明细【迁移】,2026-07-09 12:01:06,115721.0,2.0,0,,1,2,0,2,0,0,-1.0,不规范命名,共享数据,表级行数非零；表级行数 7/30 天波动；主键 `__id` 重复检查；金额/费用字段非负与异常极值；商品编码/名称关键字段空值；原始 API 记录落地完整性,被 2 个分析项目使用；有关联产出任务 1 个；任务下游数量 2；资源关系引用 1 次；存在 owner/任务负责人证据；有分区 1 个
P2,18,shangpinzhutifenxi_jingdongcang,商品主题分析_京东仓,包彦,陶林强,6459.0,1331151.0,99,PRIMARY_KEYS,`__id`,,1,4,1,1XsbMJHic5,商品主题分析_京东仓【迁移】,2026-07-09 09:00:56,6459.0,0.0,0,,1,0,0,0,0,0,0.0,不规范命名,共享数据,表级行数非零；表级行数 7/30 天波动；主键 `__id` 重复检查；金额/费用字段非负与异常极值；退款/售后金额与数量范围；商品编码/名称关键字段空值,有关联产出任务 1 个；资源关系引用 1 次；存在 owner/任务负责人证据；有分区 1 个；字段数 99
P2,18,std_rpa_jst_trd_sys_sale_order_detail_f,STD_系统销售订单明细表(聚水潭RPA),管理员,管理员,384638.0,72490202.0,67,PRIMARY_KEYS,`__id`,,1,16,1,00qM5hsSOU,std_rpa_jst_trd_sys_sale_order_detail_f【EtlDevelop任务】,2026-07-09 00:00:05,0.0,0.0,0,,1,0,0,0,0,0,31.0,std,共享数据,表级行数非零；表级行数 7/30 天波动；最新日期字段 order_time 及时；主键 `__id` 重复检查；金额/费用字段非负与异常极值；推广费/投放指标非负与日期完整性；商品编码/名称关键字段空值；店铺标识关键字段空值,有关联产出任务 1 个；资源关系引用 1 次；存在 owner/任务负责人证据；有分区 1 个；字段数 67
P2,18.0,tianmao_jingpinshujujiankong,天猫_竞品数据监控,包彦,李梦丽,5323.0,207381.0,7,PRIMARY_KEYS,`__id`,,1,16,1,fcAPHSElms,天猫_竞品数据监控【迁移】,,0.0,2.0,0,,1,17,0,2,0,0,85.0,不规范命名,共享数据,表级行数非零；表级行数 7/30 天波动；主键 `__id` 重复检查；商品编码/名称关键字段空值,被 2 个分析项目使用；有关联产出任务 1 个；任务下游数量 2；资源关系引用 1 次；存在 owner/任务负责人证据；有分区 1 个
P2,18.0,tianmaokuaidilanshouxinxibiao,天猫快递揽收信息表,包彦,陶林强,395247.0,73010368.0,38,PRIMARY_KEYS,`__id`,,1,4,1,KFATFW5AWM,天猫快递揽收信息表【迁移】,2026-07-09 09:40:10,395247.0,2.0,0,,1,2,0,2,2,0,0.0,不规范命名,共享数据,表级行数非零；表级行数 7/30 天波动；主键 `__id` 重复检查；商品编码/名称关键字段空值；店铺标识关键字段空值,被 2 个分析项目使用；有关联产出任务 1 个；任务下游数量 2；资源关系引用 1 次；存在 owner/任务负责人证据；有分区 1 个
P2,18,tianmaoshengyicanmoujingyingtuiguang,天猫-生意参谋-经营推广,包彦,李梦丽,1312.0,375360.0,83,PRIMARY_KEYS,`__id`,,1,16,1,bU6d1pJGxb,天猫-生意参谋-经营推广【迁移】,,0.0,0.0,0,,1,0,0,0,0,0,85.0,不规范命名,共享数据,表级行数非零；表级行数 7/30 天波动；主键 `__id` 重复检查；金额/费用字段非负与异常极值；推广费/投放指标非负与日期完整性；商品编码/名称关键字段空值,有关联产出任务 1 个；资源关系引用 1 次；存在 owner/任务负责人证据；有分区 1 个；字段数 83
P2,18,tianmaoshengyicanmouliuliang,天猫-生意参谋-经营流量,包彦,李梦丽,1312.0,406643.0,53,PRIMARY_KEYS,`__id`,,1,16,1,1E6tRsk5Bu,天猫-生意参谋-经营流量【迁移】,,0.0,0.0,0,,1,0,0,0,0,0,85.0,不规范命名,共享数据,表级行数非零；表级行数 7/30 天波动；主键 `__id` 重复检查；金额/费用字段非负与异常极值；退款/售后金额与数量范围；推广费/投放指标非负与日期完整性；商品编码/名称关键字段空值；店铺标识关键字段空值,有关联产出任务 1 个；资源关系引用 1 次；存在 owner/任务负责人证据；有分区 1 个；字段数 53
P2,18,ud_1_dbcl13123,单表处理,管理员,管理员,290564.0,208252968.0,51,PRIMARY_KEYS,`__id`,,1,16,1,1dKKg2HboD,未命名分析-2025-10-27 21:12:56-单表处理【刷新】,,0.0,0.0,0,,1,0,0,0,0,0,0.0,不规范命名,我的数据,表级行数非零；表级行数 7/30 天波动；最新日期字段 orderstarttime 及时；主键 `__id` 重复检查；金额/费用字段非负与异常极值；店铺标识关键字段空值,有关联产出任务 1 个；资源关系引用 1 次；存在 owner/任务负责人证据；有分区 1 个；字段数 51
P2,18,UD_1_LDJ3H_shsjjd202504,售后数据-京东20250401售后数据验证,管理员,管理员,31.0,174380.0,50,PRIMARY_KEYS,`__id`,,1,16,1,YWM1RPkIre,售后数据-京东20250401售后数据验证【EXCEL】,,0.0,0.0,0,,1,0,0,0,0,0,0.0,不规范命名,我的数据,表级行数非零；表级行数 7/30 天波动；主键 `__id` 重复检查；退款/售后金额与数量范围,有关联产出任务 1 个；资源关系引用 1 次；存在 owner/任务负责人证据；有分区 1 个；字段数 50
P2,18,UD_3418004512502203_34R2E_e23012659881,ExportOrderList23012659881,包彦,陶林强,22918.0,4379728.0,54,PRIMARY_KEYS,`__id`,,1,16,1,QTOMqok817,ExportOrderList23012659881【EXCEL】,,0.0,0.0,0,,1,0,0,0,0,0,0.0,不规范命名,共享数据,表级行数非零；表级行数 7/30 天波动；主键 `__id` 重复检查,有关联产出任务 1 个；资源关系引用 1 次；存在 owner/任务负责人证据；有分区 1 个；字段数 54
P2,18,UD_3418004512502203_3P8X0_xsckdt1111,销售出库单_tlq1111,陶林强,陶林强,391104.0,51528663.0,58,PRIMARY_KEYS,`__id`,,1,16,1,oc4oHpVrDQ,销售出库单_tlq1111【EXCEL】,,0.0,0.0,0,,1,0,0,0,0,0,0.0,不规范命名,我的数据,表级行数非零；表级行数 7/30 天波动；最新日期字段 dtb 及时；主键 `__id` 重复检查,有关联产出任务 1 个；资源关系引用 1 次；存在 owner/任务负责人证据；有分区 1 个；字段数 58
P2,18,ud_3418004512502203_dggysshqkb,dwd_各供应商售后情况表,包彦,,8459133.0,367246898.0,18,PRIMARY_KEYS,`__id`,,1,16,0,,,,0.0,0.0,0,,1,17,0,0,0,0,0.0,不规范命名,共享数据,表级行数非零；表级行数 7/30 天波动；主键 `__id` 重复检查；退款/售后金额与数量范围,资源关系引用 1 次；存在 owner/任务负责人证据；百万级表行数约 8459133；有分区 1 个
P2,18.0,ud_3418004512502203_sryhjcbcfzhb,STD_人员合计成本拆分综合表,包彦,陶林强,8624.0,994427.0,23,PRIMARY_KEYS,`__id`,,1,16,1,37OexjIyzn,STD_人员合计成本数据清洗-STD_人员合计成本拆分综合表【刷新】,,0.0,3.0,0,,1,1,0,1,0,0,85.0,不规范命名,共享数据,表级行数非零；表级行数 7/30 天波动；主键 `__id` 重复检查；金额/费用字段非负与异常极值,被 1 个分析项目使用；有关联产出任务 1 个；任务下游数量 3；资源关系引用 1 次；存在 owner/任务负责人证据；有分区 1 个
P2,18,ud_3418004512502203_stmghpbmddlh,std_天猫各货品编码订单量、换货、补货相关数据,包彦,,8635913.0,241953214.0,10,PRIMARY_KEYS,`__id`,,1,16,0,,,,0.0,0.0,0,,1,1,0,0,0,0,0.0,不规范命名,共享数据,表级行数非零；表级行数 7/30 天波动；主键 `__id` 重复检查,资源关系引用 1 次；存在 owner/任务负责人证据；百万级表行数约 8635913；有分区 1 个
P2,18,UD_4971200913022541_JKB1L_e26450910088,ExportOrderList26450910088,包彦,包彦,36.0,46796.0,56,PRIMARY_KEYS,`__id`,,1,4,1,qAOOrBkntS,ExportOrderList26450910088【EXCEL】,,0.0,0.0,0,,1,0,0,0,0,0,60.0,不规范命名,我的数据,表级行数非零；表级行数 7/30 天波动；主键 `__id` 重复检查,有关联产出任务 1 个；资源关系引用 1 次；存在 owner/任务负责人证据；有分区 1 个；字段数 56
P2,18.0,UD_5179579576634064_RAEGP_jdzhbxjdzhb,京东综合表.xlsx-京东综合表,李梦丽,李梦丽,462.0,97067.0,9,PRIMARY_KEYS,`__id`,,1,16,1,WpcVdsAzkF,京东综合表.xlsx【钉盘接入】,2026-07-09 11:00:39,0.0,2.0,0,,1,2,0,2,0,0,0.0,不规范命名,共享数据,表级行数非零；表级行数 7/30 天波动；主键 `__id` 重复检查；商品编码/名称关键字段空值,被 2 个分析项目使用；有关联产出任务 1 个；任务下游数量 2；资源关系引用 1 次；存在 owner/任务负责人证据；有分区 1 个
P2,18.0,UD_5179579576634064_Y5WD1_pddbybtspixb,拼多多百亿补贴商品ID.xlsx-百亿补贴表,李梦丽,李梦丽,60057.0,2867859.0,6,PRIMARY_KEYS,`__id`,,1,16,1,NkwzJuggL1,拼多多百亿补贴商品ID.xlsx【钉盘接入】,2026-07-09 10:15:22,0.0,2.0,0,,1,2,0,2,0,0,0.0,不规范命名,共享数据,表级行数非零；表级行数 7/30 天波动；主键 `__id` 重复检查；商品编码/名称关键字段空值,被 2 个分析项目使用；有关联产出任务 1 个；任务下游数量 2；资源关系引用 1 次；存在 owner/任务负责人证据；有分区 1 个
P2,18,wxtwj_content_marketing_short_video_summary,万相台无界内容营销短视频数据汇总,管理员,,0.0,0.0,57,PRIMARY_KEYS,`__id`,,1,4,0,,,,0.0,0.0,0,,1,0,0,0,0,0,0.0,不规范命名,共享数据,表级行数非零；表级行数 7/30 天波动；最新日期字段 gather_time 及时；主键 `__id` 重复检查；金额/费用字段非负与异常极值；推广费/投放指标非负与日期完整性；商品编码/名称关键字段空值；店铺标识关键字段空值,资源关系引用 1 次；存在 owner/任务负责人证据；元数据行数为 0；有分区 1 个；字段数 57
P2,18,wxtwj_crowd_report_all_plans,万相台无界基础报表下载人群报表全部计划,管理员,,0.0,0.0,79,PRIMARY_KEYS,`__id`,,1,4,0,,,,0.0,0.0,0,,1,0,0,0,0,0,0.0,不规范命名,共享数据,表级行数非零；表级行数 7/30 天波动；最新日期字段 gather_time 及时；主键 `__id` 重复检查；金额/费用字段非负与异常极值；推广费/投放指标非负与日期完整性；店铺标识关键字段空值,资源关系引用 1 次；存在 owner/任务负责人证据；元数据行数为 0；有分区 1 个；字段数 79
P2,18,wxtwj_keyword_report_all_plans,万相台无界基础报表下载关键词报表全部计划,管理员,,0.0,0.0,82,PRIMARY_KEYS,`__id`,,1,4,0,,,,0.0,0.0,0,,1,0,0,0,0,0,0.0,不规范命名,共享数据,表级行数非零；表级行数 7/30 天波动；最新日期字段 gather_time 及时；主键 `__id` 重复检查；金额/费用字段非负与异常极值；推广费/投放指标非负与日期完整性；店铺标识关键字段空值,资源关系引用 1 次；存在 owner/任务负责人证据；元数据行数为 0；有分区 1 个；字段数 82
P2,18,wxtwj_main_report_all_plans,万相台无界基础报表下载宝贝主体报表全部计划,管理员,,0.0,0.0,78,PRIMARY_KEYS,`__id`,,1,4,0,,,,0.0,0.0,0,,1,0,0,0,0,0,0.0,不规范命名,共享数据,表级行数非零；表级行数 7/30 天波动；最新日期字段 gather_time 及时；主键 `__id` 重复检查；金额/费用字段非负与异常极值；推广费/投放指标非负与日期完整性；店铺标识关键字段空值,资源关系引用 1 次；存在 owner/任务负责人证据；元数据行数为 0；有分区 1 个；字段数 78
P2,18.0,xiaohongshushuxingzonghebiao,小红书属性综合表,包彦,陶林强,764.0,48594.0,7,PRIMARY_KEYS,`__id`,,1,16,1,zYszQFwvb0,小红书属性综合表【迁移】,,0.0,2.0,0,,1,2,0,2,0,0,72.0,不规范命名,共享数据,表级行数非零；表级行数 7/30 天波动；主键 `__id` 重复检查；金额/费用字段非负与异常极值,被 2 个分析项目使用；有关联产出任务 1 个；任务下游数量 2；资源关系引用 1 次；存在 owner/任务负责人证据；有分区 1 个
P2,18.0,xunicang_kc,虚拟仓库存数据,包彦,管理员,332726.0,23719465.0,38,PRIMARY_KEYS,`__id`,,1,4,1,TycXab0KdW,虚拟仓库存数据【迁移】,2026-07-09 08:09:44,332726.0,1.0,0,,1,3,0,3,0,0,0.0,不规范命名,共享数据,表级行数非零；表级行数 7/30 天波动；主键 `__id` 重复检查；金额/费用字段非负与异常极值；退款/售后金额与数量范围；商品编码/名称关键字段空值,被 3 个分析项目使用；有关联产出任务 1 个；任务下游数量 1；资源关系引用 1 次；存在 owner/任务负责人证据；有分区 1 个
P3,17,_persist_COLLECTION_02ea7Eya48,,陶林强,,8204.0,1188014.0,65,DUP_KEYS,,,1,4,0,,,,0.0,0.0,0,,0,0,0,0,0,1,6.0,正式态物化表,共享数据,表级行数非零；表级行数 7/30 天波动；最新日期字段 pay_date 及时；候选业务键 so_id 重复检查；金额/费用字段非负与异常极值；推广费/投放指标非负与日期完整性；商品编码/名称关键字段空值；店铺标识关键字段空值；物化表与来源 collection 完整性,存在 owner/任务负责人证据；有分区 1 个；字段数 65；未识别到物理主键配置；被物化关系引用 1 次
P3,17,_persist_COLLECTION_0a6XioZAtI,,陶林强,,21863.0,3585918.0,66,DUP_KEYS,,,1,4,0,,,,0.0,0.0,0,,0,0,0,0,0,1,6.0,正式态物化表,共享数据,表级行数非零；表级行数 7/30 天波动；最新日期字段 pay_date 及时；候选业务键 so_id 重复检查；金额/费用字段非负与异常极值；推广费/投放指标非负与日期完整性；商品编码/名称关键字段空值；店铺标识关键字段空值；物化表与来源 collection 完整性,存在 owner/任务负责人证据；有分区 1 个；字段数 66；未识别到物理主键配置；被物化关系引用 1 次
P3,17,_persist_COLLECTION_1ms3Tsgr8S,,陶林强,,14201.0,2499458.0,66,DUP_KEYS,,,1,4,0,,,,0.0,0.0,0,,0,0,0,0,0,1,6.0,正式态物化表,共享数据,表级行数非零；表级行数 7/30 天波动；最新日期字段 pay_date 及时；候选业务键 so_id 重复检查；金额/费用字段非负与异常极值；推广费/投放指标非负与日期完整性；商品编码/名称关键字段空值；店铺标识关键字段空值；物化表与来源 collection 完整性,存在 owner/任务负责人证据；有分区 1 个；字段数 66；未识别到物理主键配置；被物化关系引用 1 次
P3,17,_persist_COLLECTION_aA4cd7zxkX_WORKING,,陶林强,,774039.0,73427951.0,61,DUP_KEYS,,,1,4,0,,,,0.0,0.0,0,,0,0,0,0,0,1,14.0,草稿态物化表,共享数据,表级行数非零；表级行数 7/30 天波动；物化表与来源 collection 完整性,存在 owner/任务负责人证据；有分区 1 个；字段数 61；未识别到物理主键配置；被物化关系引用 1 次
P3,17,_persist_COLLECTION_BUqE5fxAdE,,陶林强,,17018.0,2723619.0,71,DUP_KEYS,,,1,4,0,,,,0.0,0.0,0,,0,0,0,0,0,1,0.0,正式态物化表,共享数据,表级行数非零；表级行数 7/30 天波动；候选业务键 sku_id 重复检查；金额/费用字段非负与异常极值；推广费/投放指标非负与日期完整性；商品编码/名称关键字段空值；物化表与来源 collection 完整性,存在 owner/任务负责人证据；有分区 1 个；字段数 71；未识别到物理主键配置；被物化关系引用 1 次
P3,17,_persist_COLLECTION_mPs9OO2AYd,,陶林强,,417988.0,83960280.0,72,DUP_KEYS,,,1,4,0,,,,0.0,0.0,0,,0,0,0,0,0,1,6.0,正式态物化表,共享数据,表级行数非零；表级行数 7/30 天波动；最新日期字段 pay_date 及时；候选业务键 so_id 重复检查；金额/费用字段非负与异常极值；推广费/投放指标非负与日期完整性；商品编码/名称关键字段空值；店铺标识关键字段空值；物化表与来源 collection 完整性,存在 owner/任务负责人证据；有分区 1 个；字段数 72；未识别到物理主键配置；被物化关系引用 1 次
P3,17,_persist_COLLECTION_tzgn5cuTab,,陶林强,,968978.0,175782131.0,66,DUP_KEYS,,,1,4,0,,,,0.0,0.0,0,,0,0,0,0,0,1,6.0,正式态物化表,共享数据,表级行数非零；表级行数 7/30 天波动；最新日期字段 pay_date 及时；候选业务键 so_id 重复检查；金额/费用字段非负与异常极值；推广费/投放指标非负与日期完整性；商品编码/名称关键字段空值；店铺标识关键字段空值；物化表与来源 collection 完整性,存在 owner/任务负责人证据；有分区 1 个；字段数 66；未识别到物理主键配置；被物化关系引用 1 次
P3,17,_persist_COLLECTION_wC446sNQfS,,陶林强,,451647.0,78696409.0,68,DUP_KEYS,,,1,4,0,,,,0.0,0.0,0,,0,0,0,0,0,1,0.0,正式态物化表,共享数据,表级行数非零；表级行数 7/30 天波动；最新日期字段 end_time 及时；候选业务键 so_id 重复检查；金额/费用字段非负与异常极值；推广费/投放指标非负与日期完整性；商品编码/名称关键字段空值；店铺标识关键字段空值；物化表与来源 collection 完整性,存在 owner/任务负责人证据；有分区 1 个；字段数 68；未识别到物理主键配置；被物化关系引用 1 次
P3,17,_persist_COLLECTION_YywrT2mM6v,,蒋秀坤,,424613.0,476111214.0,74,DUP_KEYS,,,1,4,0,,,,0.0,0.0,0,,0,0,0,0,0,1,22.0,正式态物化表,共享数据,表级行数非零；表级行数 7/30 天波动；最新日期字段 orderStartTime 及时；金额/费用字段非负与异常极值；推广费/投放指标非负与日期完整性；商品编码/名称关键字段空值；店铺标识关键字段空值；物化表与来源 collection 完整性；原始 API 记录落地完整性,存在 owner/任务负责人证据；有分区 1 个；字段数 74；未识别到物理主键配置；被物化关系引用 1 次
P3,17.0,dajian_rongshun,大件_荣顺,包彦,陶林强,167.0,47053.0,13,PRIMARY_KEYS,`__id`,,1,16,1,Aye6Kk2Lh9,大件_荣顺【迁移】,,0.0,2.0,0,,1,1,0,1,0,0,0.0,不规范命名,共享数据,表级行数非零；表级行数 7/30 天波动；主键 `__id` 重复检查,被 1 个分析项目使用；有关联产出任务 1 个；任务下游数量 2；资源关系引用 1 次；存在 owner/任务负责人证据；有分区 1 个
P3,17.0,dajian_waichang,大件_外厂,包彦,陶林强,127.0,51366.0,14,PRIMARY_KEYS,`__id`,,1,16,1,1mcnWEx3OZ,大件_外厂【迁移】,,0.0,2.0,0,,1,1,0,1,0,0,0.0,不规范命名,共享数据,表级行数非零；表级行数 7/30 天波动；主键 `__id` 重复检查；商品编码/名称关键字段空值,被 1 个分析项目使用；有关联产出任务 1 个；任务下游数量 2；资源关系引用 1 次；存在 owner/任务负责人证据；有分区 1 个
P3,17,df_table_14gpxq74o0,新建填报表-2025-02-11 11:15,管理员,管理员,1.0,2854.0,9,PRIMARY_KEYS,`id`,,1,16,1,ICwnvmpAIb,新建填报表-2025-02-11 11:15【数据填报更新】,,0.0,0.0,0,,2,1,0,1,0,0,0.0,不规范命名,我的数据,表级行数非零；表级行数 7/30 天波动；最新日期字段 update_id 及时；主键 `id` 重复检查,被 1 个分析项目使用；有关联产出任务 1 个；资源关系引用 2 次；存在 owner/任务负责人证据；有分区 1 个
P3,17,df_table_muc7dm2nte,新建填报表-2024-12-18 16:00,管理员,管理员,3.0,7246.0,11,PRIMARY_KEYS,`id`,,1,16,1,5xQjNKGGt1,新建填报表-2024-12-18 16:00【数据填报更新】,,0.0,0.0,0,,2,1,0,1,1,0,0.0,不规范命名,我的数据,表级行数非零；表级行数 7/30 天波动；最新日期字段 update_id 及时；主键 `id` 重复检查,被 1 个分析项目使用；有关联产出任务 1 个；资源关系引用 2 次；存在 owner/任务负责人证据；有分区 1 个
P3,17.0,jingdongxiaohsoushuju,京东佑美旗舰店_销售数据,包彦,陶林强,115777.0,10410460.0,14,PRIMARY_KEYS,`__id`,,1,4,1,LgsTeae8S9,京东佑美旗舰店_销售数据【迁移】,2026-07-09 08:22:48,115777.0,1.0,0,,1,2,0,2,0,0,0.0,不规范命名,共享数据,表级行数非零；表级行数 7/30 天波动；主键 `__id` 重复检查；金额/费用字段非负与异常极值；商品编码/名称关键字段空值,被 2 个分析项目使用；有关联产出任务 1 个；任务下游数量 1；资源关系引用 1 次；存在 owner/任务负责人证据；有分区 1 个
P3,17.0,jingzaoxiaoshouliuliangshuju,京东京造_sku销售流量数据,包彦,陶林强,14423.0,841786.0,8,PRIMARY_KEYS,`__id`,,1,4,1,qXaEHo33Z1,京东京造_sku销售流量数据【迁移】,2026-07-09 08:49:59,14423.0,1.0,0,,1,2,0,2,0,0,0.0,不规范命名,共享数据,表级行数非零；表级行数 7/30 天波动；主键 `__id` 重复检查；金额/费用字段非负与异常极值；商品编码/名称关键字段空值,被 2 个分析项目使用；有关联产出任务 1 个；任务下游数量 1；资源关系引用 1 次；存在 owner/任务负责人证据；有分区 1 个
P3,17.0,ods_api_dd_order_insurance_info_du,ODS_运费险保单信息表(抖店API),包彦,包彦,174856.0,56951972.0,24,PRIMARY_KEYS,"`dt`, `__id`",`dt`,76,76,1,Gn8cs1QtiW,ODS_运费险保单信息表(抖店API)【连接器】,2026-07-09 02:10:05,8313.0,2.0,0,,1,1,0,1,0,0,26.0,ods,共享数据,"表级行数非零；表级行数 7/30 天波动；最新分区 `dt` 非空/及时；主键 `dt`, `__id` 重复检查；金额/费用字段非负与异常极值；店铺标识关键字段空值；原始 API 记录落地完整性",被 1 个分析项目使用；有关联产出任务 1 个；任务下游数量 2；资源关系引用 1 次；存在 owner/任务负责人证据；有分区 76 个
P3,17.0,ods_api_jlqc_finance_flow_info_du,ODS_财务流水信息表(巨量千川API),李梦丽,李梦丽,2403.0,1008859.0,25,PRIMARY_KEYS,"`dt`, `__id`",`dt`,106,106,1,DPgV8GZlr5,ODS_财务流水信息表(巨量千川API)【连接器】,2026-07-09 03:04:12,23.0,2.0,0,,1,1,0,1,0,0,0.0,ods,共享数据,"表级行数非零；表级行数 7/30 天波动；最新分区 `dt` 非空/及时；主键 `dt`, `__id` 重复检查；金额/费用字段非负与异常极值；推广费/投放指标非负与日期完整性；店铺标识关键字段空值；原始 API 记录落地完整性",被 1 个分析项目使用；有关联产出任务 1 个；任务下游数量 2；资源关系引用 1 次；存在 owner/任务负责人证据；有分区 106 个
P3,17,ods_api_jlqc_shop_adv_account_info_du_old,ODS_店铺广告账号信息表(巨量千川API)_old,包彦,管理员,12970.0,2999406.0,9,PRIMARY_KEYS,"`dt`, `__id`",`dt`,434,868,1,p36BhMRPg7,ODS_店铺广告账号信息表(巨量千川API)【连接器】,2026-07-09 01:02:47,11.0,0.0,0,,1,3,0,3,0,0,27.0,ods,共享数据,"表级行数非零；表级行数 7/30 天波动；最新分区 `dt` 非空/及时；主键 `dt`, `__id` 重复检查；推广费/投放指标非负与日期完整性；店铺标识关键字段空值；原始 API 记录落地完整性",被 3 个分析项目使用；有关联产出任务 1 个；资源关系引用 1 次；存在 owner/任务负责人证据；有分区 434 个
P3,17.0,ods_api_jstbz_virtualwh_purchase_info_du,ODS_虚拟仓采购信息表(聚水潭标准API),管理员,管理员,4550.0,4466711.0,19,PRIMARY_KEYS,"`dt`, `__id`",`dt`,169,338,1,0dMJ9jKm7z,ODS_虚拟仓采购信息表(聚水潭标准API)【连接器】,2026-07-09 02:01:12,96.0,1.0,0,,1,2,0,2,0,0,0.0,ods,共享数据,"表级行数非零；表级行数 7/30 天波动；最新分区 `dt` 非空/及时；主键 `dt`, `__id` 重复检查；店铺标识关键字段空值；原始 API 记录落地完整性",被 2 个分析项目使用；有关联产出任务 1 个；任务下游数量 1；资源关系引用 1 次；存在 owner/任务负责人证据；有分区 169 个
P3,17,ods_api_tb_refunds_receive_info_du_testaaa,ODS_已收到退款列表信息表(淘宝API),管理员,管理员,2995612.0,4269643172.0,35,PRIMARY_KEYS,"`dt`, `__id`",`dt`,245,490,1,XE6bonc0h8,ODS_已收到退款列表信息表(淘宝API)【连接器】,2026-07-09 01:29:03,46827.0,0.0,0,,1,2,0,2,0,0,167.0,ods,我的数据,"表级行数非零；表级行数 7/30 天波动；最新分区 `dt` 非空/及时；主键 `dt`, `__id` 重复检查；金额/费用字段非负与异常极值；退款/售后金额与数量范围；商品编码/名称关键字段空值；店铺标识关键字段空值；原始 API 记录落地完整性",被 2 个分析项目使用；有关联产出任务 1 个；资源关系引用 1 次；存在 owner/任务负责人证据；百万级表行数约 2995612；存储统计超过 1GB；有分区 245 个；长期未使用 167 天且无消费证据
P3,17.0,ods_db_cube_analysis_project_with_collection_relation,ODS_魔方分析和数据集关系(魔方内置DB),管理员,管理员,6559.0,325406.0,6,PRIMARY_KEYS,`__id`,,1,4,1,5SOoeR1mcS,ODS_魔方分析和数据集关系(魔方内置DB)【迁移】,2026-07-09 14:01:35,6562.0,1.0,0,,1,2,0,2,0,0,-1.0,ods,共享数据,表级行数非零；表级行数 7/30 天波动；最新日期字段 create_time 及时；主键 `__id` 重复检查,被 2 个分析项目使用；有关联产出任务 1 个；任务下游数量 1；资源关系引用 1 次；存在 owner/任务负责人证据；有分区 1 个
P3,17.0,ods_db_cube_asset_node,ODS_魔方资产类目表(魔方内置DB),管理员,管理员,974.0,111678.0,11,PRIMARY_KEYS,`__id`,,1,4,1,01eUu0lLDQ,ODS_魔方资产类目表(魔方内置DB)【迁移】,2026-07-09 00:07:51,974.0,1.0,0,,1,2,0,2,0,0,0.0,ods,共享数据,表级行数非零；表级行数 7/30 天波动；最新日期字段 create_time 及时；主键 `__id` 重复检查,被 2 个分析项目使用；有关联产出任务 1 个；任务下游数量 1；资源关系引用 1 次；存在 owner/任务负责人证据；有分区 1 个
P3,17.0,ods_db_cube_table_data_collection,ODS_表数据集合定义(魔方内置DB),管理员,管理员,7388.0,849999.0,18,PRIMARY_KEYS,`__id`,,1,4,1,XOuOxzc04m,ODS_表数据集合定义(魔方内置DB)【迁移】,2026-07-09 14:00:53,7391.0,1.0,0,,1,2,0,2,0,0,-1.0,ods,共享数据,表级行数非零；表级行数 7/30 天波动；最新日期字段 create_time 及时；主键 `__id` 重复检查,被 2 个分析项目使用；有关联产出任务 1 个；任务下游数量 1；资源关系引用 1 次；存在 owner/任务负责人证据；有分区 1 个
P3,17.0,ODS_DOUYINZONGHEBIAO,ODS_抖音综合表,包彦,陶林强,1428.0,74566.0,5,PRIMARY_KEYS,`__id`,,1,4,1,mJ44GUeDiF,ODS_抖音综合表【迁移】,2026-07-07 08:58:46,1428.0,1.0,0,,1,2,0,2,0,0,2.0,不规范命名,共享数据,表级行数非零；表级行数 7/30 天波动；主键 `__id` 重复检查；商品编码/名称关键字段空值；店铺标识关键字段空值,被 2 个分析项目使用；有关联产出任务 1 个；任务下游数量 1；资源关系引用 1 次；存在 owner/任务负责人证据；有分区 1 个
P3,17.0,ods_dyyunfeixian,ODS_抖音运费险_填报,包彦,陶林强,190.0,29323.0,10,PRIMARY_KEYS,`__id`,,1,4,1,dTuaRL2T1U,ods-抖音运费险【迁移】,2026-07-08 15:06:26,18306.0,1.0,0,,1,2,0,2,0,0,0.0,ods,共享数据,表级行数非零；表级行数 7/30 天波动；主键 `__id` 重复检查；店铺标识关键字段空值,被 2 个分析项目使用；有关联产出任务 1 个；任务下游数量 1；资源关系引用 1 次；存在 owner/任务负责人证据；有分区 1 个
P3,17.0,pdd_sjzx_product_data_product_details,拼多多数据中心商品数据商品明细商品明细效果,包彦,陶林强,741630.0,47999094.0,25,PRIMARY_KEYS,`__id`,,1,4,1,QiasZaRhiR,拼多多数据中心商品数据商品明细商品明细效果【迁移】,2026-07-09 11:36:51,741630.0,1.0,0,,1,2,0,2,0,0,0.0,不规范命名,共享数据,表级行数非零；表级行数 7/30 天波动；最新日期字段 business_date 及时；主键 `__id` 重复检查；金额/费用字段非负与异常极值；商品编码/名称关键字段空值；店铺标识关键字段空值,被 2 个分析项目使用；有关联产出任务 1 个；任务下游数量 1；资源关系引用 1 次；存在 owner/任务负责人证据；有分区 1 个
P3,17.0,shangpinpaihang_liuliangdata_day,按日流量数据,包彦,陶林强,450685.0,31036907.0,39,PRIMARY_KEYS,`__id`,,1,4,1,4d6xB5qWaD,按日流量数据【迁移】,2026-07-09 08:18:48,450685.0,1.0,0,,1,2,0,2,0,0,0.0,不规范命名,共享数据,表级行数非零；表级行数 7/30 天波动；主键 `__id` 重复检查；金额/费用字段非负与异常极值；退款/售后金额与数量范围；商品编码/名称关键字段空值；店铺标识关键字段空值,被 2 个分析项目使用；有关联产出任务 1 个；任务下游数量 1；资源关系引用 1 次；存在 owner/任务负责人证据；有分区 1 个
P3,17.0,shoudanlijin,天猫-首单礼金,包彦,陶林强,672804.0,35207953.0,7,PRIMARY_KEYS,`__id`,,1,4,1,2BgNQLUOly,天猫-首单礼金【迁移】,2026-07-09 12:00:48,671817.0,2.0,0,,1,1,0,1,0,0,-1.0,不规范命名,共享数据,表级行数非零；表级行数 7/30 天波动；主键 `__id` 重复检查；金额/费用字段非负与异常极值；商品编码/名称关键字段空值,被 1 个分析项目使用；有关联产出任务 1 个；任务下游数量 2；资源关系引用 1 次；存在 owner/任务负责人证据；有分区 1 个
P3,17.0,tianmaopingjiayouli,天猫-评价有礼,包彦,李梦丽,73977.0,11075952.0,11,PRIMARY_KEYS,`__id`,,1,4,1,FQsL4E0jwT,天猫-评价有礼【迁移】,2026-07-09 12:01:06,73977.0,1.0,0,,1,2,0,2,0,0,-1.0,不规范命名,共享数据,表级行数非零；表级行数 7/30 天波动；主键 `__id` 重复检查；金额/费用字段非负与异常极值；商品编码/名称关键字段空值；店铺标识关键字段空值,被 2 个分析项目使用；有关联产出任务 1 个；任务下游数量 1；资源关系引用 1 次；存在 owner/任务负责人证据；有分区 1 个
P3,17.0,tianmaosixiaoshouduomubiaozhitong,天猫佑美_四小时_多目标直投计划列表,包彦,陶林强,1856.0,260502.0,48,PRIMARY_KEYS,`__id`,,1,16,1,91c52jx1r3,天猫佑美_四小时_多目标直投计划列表【迁移】,,0.0,2.0,0,,1,1,0,1,0,0,0.0,不规范命名,共享数据,表级行数非零；表级行数 7/30 天波动；主键 `__id` 重复检查；金额/费用字段非负与异常极值；推广费/投放指标非负与日期完整性；店铺标识关键字段空值,被 1 个分析项目使用；有关联产出任务 1 个；任务下游数量 2；资源关系引用 1 次；存在 owner/任务负责人证据；有分区 1 个
P3,17.0,tianmoyingxiaotuoguanjinshiwutiandierban,天猫-营销托管近十五天第二版,李梦丽,李梦丽,9234.0,1024912.0,12,PRIMARY_KEYS,`__id`,,1,4,1,3D6d7Qe8iq,天猫-营销托管近十五天第二版【迁移】,2026-07-09 12:00:56,9304.0,1.0,0,,1,2,0,2,0,0,-1.0,不规范命名,共享数据,表级行数非零；表级行数 7/30 天波动；主键 `__id` 重复检查；金额/费用字段非负与异常极值；商品编码/名称关键字段空值,被 2 个分析项目使用；有关联产出任务 1 个；任务下游数量 1；资源关系引用 1 次；存在 owner/任务负责人证据；有分区 1 个
P3,17.0,ud_3418004512502203_sgbmxsje,std各部门销售金额,包彦,陶林强,11.0,9979.0,4,PRIMARY_KEYS,`__id`,,1,16,1,yGc7J4pIWE,1.std人事数据清洗（比例拆分）-std各部门销售金额【刷新】,,0.0,2.0,0,,1,1,0,1,0,0,85.0,不规范命名,共享数据,表级行数非零；表级行数 7/30 天波动；主键 `__id` 重复检查；金额/费用字段非负与异常极值,被 1 个分析项目使用；有关联产出任务 1 个；任务下游数量 2；资源关系引用 1 次；存在 owner/任务负责人证据；有分区 1 个
P3,17.0,ud_3418004512502203_sgysjcfbl,std工业设计拆分比例,包彦,陶林强,6.0,5450.0,4,PRIMARY_KEYS,`__id`,,1,16,1,zEeSzSQis1,1.std人事数据清洗（比例拆分）-std工业设计拆分比例【刷新】,,0.0,2.0,0,,1,1,0,1,0,0,85.0,不规范命名,共享数据,表级行数非零；表级行数 7/30 天波动；主键 `__id` 重复检查,被 1 个分析项目使用；有关联产出任务 1 个；任务下游数量 2；资源关系引用 1 次；存在 owner/任务负责人证据；有分区 1 个
P3,17.0,ud_3418004512502203_srsygxzzhb,std人事员工薪资综合表,包彦,陶林强,289.0,185621.0,38,PRIMARY_KEYS,`__id`,,1,16,1,C24oNv56qM,1.std人事数据清洗（比例拆分）-std人事员工薪资综合表【刷新】,,0.0,2.0,0,,1,1,0,1,0,0,85.0,不规范命名,共享数据,表级行数非零；表级行数 7/30 天波动；主键 `__id` 重复检查；金额/费用字段非负与异常极值,被 1 个分析项目使用；有关联产出任务 1 个；任务下游数量 2；资源关系引用 1 次；存在 owner/任务负责人证据；有分区 1 个
P3,17.0,ud_3418004512502203_ssjzcfbl,std设计组拆分比例,包彦,陶林强,4.0,4792.0,5,PRIMARY_KEYS,`__id`,,1,16,1,Vjgnr01vWc,1.std人事数据清洗（比例拆分）-std设计组拆分比例【刷新】,,0.0,2.0,0,,1,1,0,1,0,0,85.0,不规范命名,共享数据,表级行数非零；表级行数 7/30 天波动；主键 `__id` 重复检查,被 1 个分析项目使用；有关联产出任务 1 个；任务下游数量 2；资源关系引用 1 次；存在 owner/任务负责人证据；有分区 1 个
P3,17.0,UD_4971200913022541_1GXIX_pddzhbxs1,拼多多综合表.xlsx-Sheet1,包彦,包彦,2109.0,117312.0,3,PRIMARY_KEYS,`__id`,,1,16,1,ucgxOHbeKk,拼多多综合表.xlsx【钉盘接入】,2026-07-09 11:00:36,0.0,2.0,0,,1,1,0,1,0,0,31.0,不规范命名,共享数据,表级行数非零；表级行数 7/30 天波动；主键 `__id` 重复检查,被 1 个分析项目使用；有关联产出任务 1 个；任务下游数量 2；资源关系引用 1 次；存在 owner/任务负责人证据；有分区 1 个
P3,17.0,UD_4971200913022541_9A7Q7_pddymydgfqjd,拼多多佑美运动官方旗舰店3月营销费用结算明细,包彦,包彦,620.0,52056.0,14,PRIMARY_KEYS,`__id`,,1,4,1,0AqG4ulqmX,拼多多佑美运动官方旗舰店3月营销费用结算明细【EXCEL】,2026-06-11 17:10:23,620.0,2.0,0,,1,1,0,1,0,0,0.0,不规范命名,共享数据,表级行数非零；表级行数 7/30 天波动；主键 `__id` 重复检查；金额/费用字段非负与异常极值；推广费/投放指标非负与日期完整性,被 1 个分析项目使用；有关联产出任务 1 个；任务下游数量 2；资源关系引用 1 次；存在 owner/任务负责人证据；有分区 1 个
P3,17.0,UD_4971200913022541_C7WQ0_spbmtjhz,商品编码统计汇总,包彦,包彦,249.0,40326.0,12,PRIMARY_KEYS,`__id`,,1,4,1,FoOyhB2JP5,商品编码统计汇总【EXCEL】,,0.0,2.0,0,,1,1,0,1,0,0,0.0,不规范命名,共享数据,表级行数非零；表级行数 7/30 天波动；主键 `__id` 重复检查；推广费/投放指标非负与日期完整性；商品编码/名称关键字段空值,被 1 个分析项目使用；有关联产出任务 1 个；任务下游数量 2；资源关系引用 1 次；存在 owner/任务负责人证据；有分区 1 个
P3,17.0,UD_4971200913022541_IHJ0O_n4yxjxtsj,4月小件系统数据,包彦,包彦,599183.0,82672353.0,44,PRIMARY_KEYS,`__id`,,1,4,1,MmOUWPQSeF,4月小件系统数据【EXCEL】,,599183.0,2.0,0,,1,1,0,1,0,0,0.0,不规范命名,共享数据,表级行数非零；表级行数 7/30 天波动；主键 `__id` 重复检查；推广费/投放指标非负与日期完整性；商品编码/名称关键字段空值,被 1 个分析项目使用；有关联产出任务 1 个；任务下游数量 2；资源关系引用 1 次；存在 owner/任务负责人证据；有分区 1 个
P3,17.0,UD_4971200913022541_IUWUQ_pddpbjqjd3yy,拼多多跑步机旗舰店3月营销费用结算明细,包彦,包彦,4280.0,301538.0,14,PRIMARY_KEYS,`__id`,,1,4,1,rbs71llc6Q,拼多多跑步机旗舰店3月营销费用结算明细【EXCEL】,2026-06-11 17:11:24,4280.0,2.0,0,,1,1,0,1,0,0,0.0,不规范命名,共享数据,表级行数非零；表级行数 7/30 天波动；主键 `__id` 重复检查；金额/费用字段非负与异常极值；推广费/投放指标非负与日期完整性,被 1 个分析项目使用；有关联产出任务 1 个；任务下游数量 2；资源关系引用 1 次；存在 owner/任务负责人证据；有分区 1 个
P3,17.0,UD_5179579576634064_55JCZ_jdzyqz2025n1,京东自营全站2025年1-5月,包彦,李梦丽,73.0,74840.0,17,PRIMARY_KEYS,`__id`,,1,16,1,FA6ljEQJCq,京东自营全站2025年1-5月【EXCEL】,,0.0,1.0,0,,1,2,0,2,0,0,30.0,不规范命名,共享数据,表级行数非零；表级行数 7/30 天波动；主键 `__id` 重复检查,被 2 个分析项目使用；有关联产出任务 1 个；任务下游数量 1；资源关系引用 1 次；存在 owner/任务负责人证据；有分区 1 个
P3,17.0,UD_5179579576634064_BFT29_jdzyhjzzhbxs,京东自营和京造综合表.xlsx-Sheet1,李梦丽,李梦丽,154.0,8914.0,2,PRIMARY_KEYS,`__id`,,1,4,1,FPMz6lLEac,京东自营和京造综合表.xlsx【钉盘接入】,2026-07-09 11:00:39,0.0,2.0,0,,1,1,0,1,0,0,36.0,不规范命名,共享数据,表级行数非零；表级行数 7/30 天波动；主键 `__id` 重复检查,被 1 个分析项目使用；有关联产出任务 1 个；任务下游数量 2；资源关系引用 1 次；存在 owner/任务负责人证据；有分区 1 个
P3,17.0,UD_5179579576634064_C24SM_jdzyfqz2025n,京东自营非全站2025年1-5月,包彦,李梦丽,183.0,120928.0,24,PRIMARY_KEYS,`__id`,,1,16,1,Eca4qXKhTC,京东自营非全站2025年1-5月【EXCEL】,,0.0,1.0,0,,1,2,0,2,0,0,30.0,不规范命名,共享数据,表级行数非零；表级行数 7/30 天波动；主键 `__id` 重复检查；商品编码/名称关键字段空值,被 2 个分析项目使用；有关联产出任务 1 个；任务下游数量 1；资源关系引用 1 次；存在 owner/任务负责人证据；有分区 1 个
P3,17.0,UD_6816162936700995_TPVGR_zxtjcgdhjxnc,滞销统计采购单号及虚拟仓补充表.xlsx-Sheet1,蒋秀坤,蒋秀坤,28844.0,1442100.0,5,PRIMARY_KEYS,`__id`,,1,4,1,xAM5FqL2ZF,滞销统计采购单号及虚拟仓补充表.xlsx【钉盘接入】,2026-07-09 13:00:13,0.0,1.0,0,,1,2,0,2,0,0,0.0,不规范命名,共享数据,表级行数非零；表级行数 7/30 天波动；主键 `__id` 重复检查；商品编码/名称关键字段空值,被 2 个分析项目使用；有关联产出任务 1 个；任务下游数量 1；资源关系引用 1 次；存在 owner/任务负责人证据；有分区 1 个
P3,16.0,anrishoutaosousuo,按日手淘搜索_旧版,包彦,陶林强,80686.0,10294340.0,33,PRIMARY_KEYS,`__id`,,1,4,1,O8qSgo2Xqg,按日手淘搜索_旧版【迁移】,2026-07-09 08:18:58,80686.0,1.0,0,,1,1,0,1,0,0,0.0,不规范命名,共享数据,表级行数非零；表级行数 7/30 天波动；主键 `__id` 重复检查；金额/费用字段非负与异常极值；商品编码/名称关键字段空值；店铺标识关键字段空值,被 1 个分析项目使用；有关联产出任务 1 个；任务下游数量 1；资源关系引用 1 次；存在 owner/任务负责人证据；有分区 1 个
P3,16.0,caiwuzhangdanchaifen,包材账单拆分,包彦,陶林强,479678.0,46805441.0,27,PRIMARY_KEYS,`__id`,,1,16,1,504oLKZyVC,包材账单拆分【迁移】,,0.0,1.0,0,,1,1,0,1,0,0,0.0,不规范命名,共享数据,表级行数非零；表级行数 7/30 天波动；主键 `__id` 重复检查；金额/费用字段非负与异常极值；商品编码/名称关键字段空值；店铺标识关键字段空值,被 1 个分析项目使用；有关联产出任务 1 个；任务下游数量 1；资源关系引用 1 次；存在 owner/任务负责人证据；有分区 1 个
P3,16.0,dajiannixiangyunfei,202507大件逆向运费,包彦,陶林强,2748.0,119907.0,8,PRIMARY_KEYS,`__id`,,1,16,1,K2cbGfxhbm,202507大件逆向运费【迁移】,,0.0,1.0,0,,1,1,0,1,0,0,12.0,不规范命名,共享数据,表级行数非零；表级行数 7/30 天波动；主键 `__id` 重复检查,被 1 个分析项目使用；有关联产出任务 1 个；任务下游数量 1；资源关系引用 1 次；存在 owner/任务负责人证据；有分区 1 个
P3,16.0,damopanshujuxin,天猫-达摩盘数据新,包彦,李梦丽,557525.0,42364990.0,30,PRIMARY_KEYS,`__id`,,1,4,1,S4OKHd96oN,天猫-达摩盘数据新【迁移】,2026-07-09 12:01:39,557525.0,1.0,0,,1,1,0,1,0,0,-1.0,不规范命名,共享数据,表级行数非零；表级行数 7/30 天波动；主键 `__id` 重复检查；金额/费用字段非负与异常极值；推广费/投放指标非负与日期完整性,被 1 个分析项目使用；有关联产出任务 1 个；任务下游数量 1；资源关系引用 1 次；存在 owner/任务负责人证据；有分区 1 个
P3,16,df_table_3bajgigql5,KUS-临时需求,包彦,陶林强,1.0,6194.0,32,PRIMARY_KEYS,`id`,,1,2,1,gau0s0kgji,新建填报表-2024-10-29 09:30【数据填报更新】,,0.0,0.0,0,,2,0,0,0,0,0,0.0,不规范命名,共享数据,表级行数非零；表级行数 7/30 天波动；最新日期字段 update_id 及时；主键 `id` 重复检查,有关联产出任务 1 个；资源关系引用 2 次；存在 owner/任务负责人证据；有分区 1 个
P3,16,df_table_50eqsazadi,新建填报表-2024-11-07 11:38,管理员,管理员,1.0,2097.0,9,PRIMARY_KEYS,`id`,,1,2,1,PiaW67HVsH,新建填报表-2024-11-07 11:38【数据填报更新】,,0.0,0.0,0,,2,0,0,0,0,0,0.0,不规范命名,我的数据,表级行数非零；表级行数 7/30 天波动；最新日期字段 update_id 及时；主键 `id` 重复检查；推广费/投放指标非负与日期完整性,有关联产出任务 1 个；资源关系引用 2 次；存在 owner/任务负责人证据；有分区 1 个
P3,16,df_table_e2qqlish5p,2.1天猫小件-马锐,包彦,陶林强,105.0,27650.0,38,PRIMARY_KEYS,`id`,,1,2,1,o9ecEludK3,新建填报表-2024-10-24 15:17【数据填报更新】,,0.0,0.0,0,,2,0,0,0,0,0,0.0,不规范命名,共享数据,表级行数非零；表级行数 7/30 天波动；最新日期字段 update_id 及时；主键 `id` 重复检查,有关联产出任务 1 个；资源关系引用 2 次；存在 owner/任务负责人证据；有分区 1 个
P3,16,df_table_f0qbrhe5am,修图排期表,包彦,陶林强,3.0,5440.0,26,PRIMARY_KEYS,`id`,,1,2,1,RIcdRekDsX,新建填报表-2024-10-24 17:53【数据填报更新】,,0.0,0.0,0,,2,0,0,0,0,0,0.0,不规范命名,共享数据,表级行数非零；表级行数 7/30 天波动；最新日期字段 update_id 及时；主键 `id` 重复检查,有关联产出任务 1 个；资源关系引用 2 次；存在 owner/任务负责人证据；有分区 1 个
P3,16,df_table_jx6pduexhf,新品排期-天猫大件临时需求表,包彦,李梦丽,4.0,6810.0,32,PRIMARY_KEYS,`id`,,1,2,1,dKsXOwjU2k,新建填报表-2024-10-28 11:41【数据填报更新】,,0.0,0.0,0,,2,0,0,0,0,0,0.0,不规范命名,共享数据,表级行数非零；表级行数 7/30 天波动；最新日期字段 update_id 及时；主键 `id` 重复检查,有关联产出任务 1 个；资源关系引用 2 次；存在 owner/任务负责人证据；有分区 1 个
P3,16,df_table_ks84id5dp0,3.1拼多多小件项目管理,包彦,陶林强,3.0,16508.0,42,PRIMARY_KEYS,`id`,,1,2,1,XG4w3q06on,新建填报表-2024-10-24 16:30【数据填报更新】,,0.0,0.0,0,,2,0,0,0,0,0,0.0,不规范命名,共享数据,表级行数非零；表级行数 7/30 天波动；最新日期字段 update_id 及时；主键 `id` 重复检查,有关联产出任务 1 个；资源关系引用 2 次；存在 owner/任务负责人证据；有分区 1 个
P3,16,df_table_ojaotay60z,汇总表-数据填报表,陶林强,陶林强,2.0,6831.0,19,PRIMARY_KEYS,`id`,,1,2,1,40wfHj41c0,汇总表-数据填报表【数据填报更新】,,0.0,0.0,0,,2,0,0,0,0,0,0.0,不规范命名,我的数据,表级行数非零；表级行数 7/30 天波动；最新日期字段 update_id 及时；主键 `id` 重复检查；推广费/投放指标非负与日期完整性；商品编码/名称关键字段空值；店铺标识关键字段空值,有关联产出任务 1 个；资源关系引用 2 次；存在 owner/任务负责人证据；有分区 1 个
P3,16,df_table_olwdebsd6k,三维需求表,包彦,李梦丽,87.0,22463.0,32,PRIMARY_KEYS,`id`,,1,2,1,tgs1JnmTJ7,新建填报表-2024-10-24 17:28【数据填报更新】,,0.0,0.0,0,,2,0,0,0,0,0,0.0,不规范命名,共享数据,表级行数非零；表级行数 7/30 天波动；最新日期字段 update_id 及时；主键 `id` 重复检查,有关联产出任务 1 个；资源关系引用 2 次；存在 owner/任务负责人证据；有分区 1 个
P3,16,df_table_qga7l5cy0e,销售计划,包彦,李梦丽,945.0,68517.0,24,PRIMARY_KEYS,`id`,,1,2,1,yUuYYWMVE0,新建填报表-2024-11-06 14:27【数据填报更新】,,0.0,0.0,0,,2,0,0,0,0,0,0.0,不规范命名,共享数据,表级行数非零；表级行数 7/30 天波动；最新日期字段 update_id 及时；主键 `id` 重复检查,有关联产出任务 1 个；资源关系引用 2 次；存在 owner/任务负责人证据；有分区 1 个
P3,16,df_table_smgps7jtkm,KUS-新品项表,包彦,陶林强,12.0,18826.0,47,PRIMARY_KEYS,`id`,,1,2,1,Yncth5k9Jr,新建填报表-2024-10-29 09:43【数据填报更新】,,0.0,0.0,0,,2,0,0,0,0,0,0.0,不规范命名,共享数据,表级行数非零；表级行数 7/30 天波动；最新日期字段 update_id 及时；主键 `id` 重复检查,有关联产出任务 1 个；资源关系引用 2 次；存在 owner/任务负责人证据；有分区 1 个
P3,16,df_table_sxclk339ox,AI需求表,包彦,陶林强,87.0,17910.0,25,PRIMARY_KEYS,`id`,,1,2,1,rGMVr7EoCH,新建填报表-2024-10-24 17:46【数据填报更新】,,0.0,0.0,0,,2,0,0,0,0,0,0.0,不规范命名,共享数据,表级行数非零；表级行数 7/30 天波动；最新日期字段 update_id 及时；主键 `id` 重复检查,有关联产出任务 1 个；资源关系引用 2 次；存在 owner/任务负责人证据；有分区 1 个
P3,16,df_table_ujusq2uktd,新品排期-天猫大件项目管理,包彦,李梦丽,49.0,24356.0,43,PRIMARY_KEYS,`id`,,1,2,1,5n61fvXObw,新建填报表-2024-10-28 11:05【数据填报更新】,,0.0,0.0,0,,2,0,0,0,0,0,0.0,不规范命名,共享数据,表级行数非零；表级行数 7/30 天波动；最新日期字段 update_id 及时；主键 `id` 重复检查,有关联产出任务 1 个；资源关系引用 2 次；存在 owner/任务负责人证据；有分区 1 个
P3,16,df_table_ukagctsrdw,新建填报表-2025-04-16 12:23,管理员,管理员,12.0,19841.0,9,PRIMARY_KEYS,`id`,,1,16,1,IkKOS4ZpTC,新建填报表-2025-04-16 12:23【数据填报更新】,,0.0,0.0,0,,2,0,0,0,0,0,0.0,不规范命名,我的数据,表级行数非零；表级行数 7/30 天波动；最新日期字段 update_id 及时；主键 `id` 重复检查,有关联产出任务 1 个；资源关系引用 2 次；存在 owner/任务负责人证据；有分区 1 个
P3,16,df_table_vf6z4fwa75,KUS-产品需求,包彦,陶林强,2.0,8904.0,46,PRIMARY_KEYS,`id`,,1,2,1,1DqemUvPjg,新建填报表-2024-10-29 09:12【数据填报更新】,,0.0,0.0,0,,2,0,0,0,0,0,0.0,不规范命名,共享数据,表级行数非零；表级行数 7/30 天波动；最新日期字段 update_id 及时；主键 `id` 重复检查,有关联产出任务 1 个；资源关系引用 2 次；存在 owner/任务负责人证据；有分区 1 个
P3,16,df_table_vucvgxzhru,跨境临时需求,包彦,陶林强,54.0,20433.0,37,PRIMARY_KEYS,`id`,,1,2,1,5JAPZVI4PH,新建填报表-2024-10-29 11:00【数据填报更新】,,0.0,0.0,0,,2,0,0,0,0,0,0.0,不规范命名,共享数据,表级行数非零；表级行数 7/30 天波动；最新日期字段 update_id 及时；主键 `id` 重复检查,有关联产出任务 1 个；资源关系引用 2 次；存在 owner/任务负责人证据；有分区 1 个
P3,16,df_table_wugfg2amir,3.2拼多多临时需求表,包彦,陶林强,1.0,6274.0,32,PRIMARY_KEYS,`id`,,1,2,1,xn6hFCpkZ0,新建填报表-2024-10-24 16:43【数据填报更新】,,0.0,0.0,0,,2,0,0,0,0,0,0.0,不规范命名,共享数据,表级行数非零；表级行数 7/30 天波动；最新日期字段 update_id 及时；主键 `id` 重复检查,有关联产出任务 1 个；资源关系引用 2 次；存在 owner/任务负责人证据；有分区 1 个
P3,16,df_table_x38yro6mtx,摄影需求表,包彦,李梦丽,3.0,11893.0,29,PRIMARY_KEYS,`id`,,1,2,1,qluer7D3AU,新建填报表-2024-10-24 18:01【数据填报更新】,,0.0,0.0,0,,2,0,0,0,0,0,0.0,不规范命名,共享数据,表级行数非零；表级行数 7/30 天波动；最新日期字段 update_id 及时；主键 `id` 重复检查,有关联产出任务 1 个；资源关系引用 2 次；存在 owner/任务负责人证据；有分区 1 个
P3,16,df_table_xvqq61kdez,天猫小件项目管理-刘文,包彦,李梦丽,105.0,26607.0,39,PRIMARY_KEYS,`id`,,1,2,1,BNgHdAnBZT,新建填报表-2024-11-05 11:37【数据填报更新】,,0.0,0.0,0,,2,0,0,0,0,0,0.0,不规范命名,共享数据,表级行数非零；表级行数 7/30 天波动；最新日期字段 update_id 及时；主键 `id` 重复检查,有关联产出任务 1 个；资源关系引用 2 次；存在 owner/任务负责人证据；有分区 1 个
P3,16,df_table_y0m5tk6n9r,1.2天猫临时需求-刘文,包彦,陶林强,1.0,6161.0,32,PRIMARY_KEYS,`id`,,1,2,1,1KA56Cvzk6,新建填报表-2024-10-24 14:52【数据填报更新】,,0.0,0.0,0,,2,0,0,0,0,0,0.0,不规范命名,共享数据,表级行数非零；表级行数 7/30 天波动；最新日期字段 update_id 及时；主键 `id` 重复检查,有关联产出任务 1 个；资源关系引用 2 次；存在 owner/任务负责人证据；有分区 1 个
P3,16,df_table_zu86uzisgv,4.文案进度表,包彦,陶林强,46.0,12267.0,19,PRIMARY_KEYS,`id`,,1,2,1,iiuMuA5pH7,新建填报表-2024-10-24 17:38【数据填报更新】,,0.0,0.0,0,,2,0,0,0,0,0,0.0,不规范命名,共享数据,表级行数非零；表级行数 7/30 天波动；最新日期字段 update_id 及时；主键 `id` 重复检查,有关联产出任务 1 个；资源关系引用 2 次；存在 owner/任务负责人证据；有分区 1 个
P3,16.0,dianpupaimingtongji,天猫-店铺排名统计,包彦,李梦丽,3752.0,217932.0,9,PRIMARY_KEYS,`__id`,,1,16,1,kh6n6Gb2ZN,天猫-店铺排名统计【迁移】,,0.0,1.0,0,,1,1,0,1,0,0,64.0,不规范命名,共享数据,表级行数非零；表级行数 7/30 天波动；主键 `__id` 重复检查；店铺标识关键字段空值,被 1 个分析项目使用；有关联产出任务 1 个；任务下游数量 1；资源关系引用 1 次；存在 owner/任务负责人证据；有分区 1 个
P3,16.0,doutuiguangliuliangshuju,ODS_抖音_推广消耗流量表_RPA,包彦,陶林强,117790.0,9163144.0,28,PRIMARY_KEYS,`__id`,,1,4,1,jowXVWAEml,抖音-推广消耗、流量表【迁移】,,0.0,1.0,0,,1,1,0,1,0,0,30.0,不规范命名,共享数据,表级行数非零；表级行数 7/30 天波动；主键 `__id` 重复检查；金额/费用字段非负与异常极值；推广费/投放指标非负与日期完整性；商品编码/名称关键字段空值；店铺标识关键字段空值,被 1 个分析项目使用；有关联产出任务 1 个；任务下游数量 1；资源关系引用 1 次；存在 owner/任务负责人证据；有分区 1 个
P3,16.0,feiquanzhan_jjingdongziying,京东自营_非全站数据,包彦,陶林强,28647.0,2485425.0,23,PRIMARY_KEYS,`__id`,,1,4,1,0H6vA8a1eg,京东自营_非全站数据【迁移】,2026-07-09 08:50:05,28647.0,1.0,0,,1,1,0,1,0,0,0.0,不规范命名,共享数据,表级行数非零；表级行数 7/30 天波动；主键 `__id` 重复检查；金额/费用字段非负与异常极值；商品编码/名称关键字段空值,被 1 个分析项目使用；有关联产出任务 1 个；任务下游数量 1；资源关系引用 1 次；存在 owner/任务负责人证据；有分区 1 个
P3,16.0,gebumenxiaoshoujine,各部门的销售金额,包彦,陶林强,11.0,8413.0,4,PRIMARY_KEYS,`__id`,,1,16,1,t0cP8UBZa5,各部门的销售金额【迁移】,,0.0,1.0,0,,1,1,0,1,0,0,85.0,不规范命名,共享数据,表级行数非零；表级行数 7/30 天波动；主键 `__id` 重复检查；金额/费用字段非负与异常极值,被 1 个分析项目使用；有关联产出任务 1 个；任务下游数量 1；资源关系引用 1 次；存在 owner/任务负责人证据；有分区 1 个
P3,16.0,gongyeshejichaifenmoban,工业设计拆分模版,包彦,陶林强,24.0,27842.0,11,PRIMARY_KEYS,`__id`,,1,16,1,DLMdBgefWi,工业设计拆分模版【迁移】,,0.0,1.0,0,,1,1,0,1,0,0,85.0,不规范命名,共享数据,表级行数非零；表级行数 7/30 天波动；主键 `__id` 重复检查,被 1 个分析项目使用；有关联产出任务 1 个；任务下游数量 1；资源关系引用 1 次；存在 owner/任务负责人证据；有分区 1 个
P3,16.0,jingdong_quanzhan,京东自营_全站,包彦,陶林强,1653.0,169289.0,11,PRIMARY_KEYS,`__id`,,1,4,1,364O6KqVg7,京东自营_全站【迁移】,2026-07-09 08:50:05,1653.0,1.0,0,,1,1,0,1,0,0,0.0,不规范命名,共享数据,表级行数非零；表级行数 7/30 天波动；主键 `__id` 重复检查；金额/费用字段非负与异常极值；商品编码/名称关键字段空值,被 1 个分析项目使用；有关联产出任务 1 个；任务下游数量 1；资源关系引用 1 次；存在 owner/任务负责人证据；有分区 1 个
P3,16.0,jingdong_youmeiqijiandianshuandanshuju,京东佑美旗舰店_刷单数据,张黄伟,陶林强,1398.0,59911.0,10,PRIMARY_KEYS,`__id`,,1,4,1,h6AP9tJVv9,京东佑美旗舰店_刷单数据【迁移】,2026-06-26 17:17:01,1398.0,1.0,0,,1,1,0,1,0,0,0.0,不规范命名,共享数据,表级行数非零；表级行数 7/30 天波动；主键 `__id` 重复检查；金额/费用字段非负与异常极值；店铺标识关键字段空值,被 1 个分析项目使用；有关联产出任务 1 个；任务下游数量 1；资源关系引用 1 次；存在 owner/任务负责人证据；有分区 1 个
P3,16.0,jingdongfeiquanzhantuiguanghuafei,京东佑美旗舰店_推广花费,包彦,陶林强,45596.0,2806853.0,25,PRIMARY_KEYS,`__id`,,1,4,1,5wwtEDpPYu,京东佑美旗舰店_推广花费【迁移】,2026-07-09 08:22:53,45596.0,1.0,0,,1,1,0,1,0,0,0.0,不规范命名,共享数据,表级行数非零；表级行数 7/30 天波动；主键 `__id` 重复检查；金额/费用字段非负与异常极值；推广费/投放指标非负与日期完整性；商品编码/名称关键字段空值,被 1 个分析项目使用；有关联产出任务 1 个；任务下游数量 1；资源关系引用 1 次；存在 owner/任务负责人证据；有分区 1 个
P3,16.0,jingdongquanzhantuiguanghuafei,京东佑美旗舰店_全站推广花费,包彦,陶林强,3748.0,388698.0,13,PRIMARY_KEYS,`__id`,,1,4,1,kZKsV4jeZp,京东佑美旗舰店_全站推广花费【迁移】,2026-07-09 08:22:48,3748.0,1.0,0,,1,1,0,1,0,0,0.0,不规范命名,共享数据,表级行数非零；表级行数 7/30 天波动；主键 `__id` 重复检查；金额/费用字段非负与异常极值；推广费/投放指标非负与日期完整性；商品编码/名称关键字段空值,被 1 个分析项目使用；有关联产出任务 1 个；任务下游数量 1；资源关系引用 1 次；存在 owner/任务负责人证据；有分区 1 个
P3,16.0,jingdongziyingxiaoshouliuliangshuju,京东自营_销售流量数据,包彦,陶林强,163496.0,8071979.0,23,PRIMARY_KEYS,`__id`,,1,4,1,uPw9lmKbzW,京东自营_销售流量数据【迁移】,2026-07-09 08:49:59,163496.0,1.0,0,,1,1,0,1,0,0,0.0,不规范命名,共享数据,表级行数非零；表级行数 7/30 天波动；主键 `__id` 重复检查；金额/费用字段非负与异常极值；商品编码/名称关键字段空值；店铺标识关键字段空值,被 1 个分析项目使用；有关联产出任务 1 个；任务下游数量 1；资源关系引用 1 次；存在 owner/任务负责人证据；有分区 1 个
P3,16.0,kuszhugong,拼多多KUS助攻数据,包彦,陶林强,2359.0,174748.0,9,PRIMARY_KEYS,`__id`,,1,16,1,EDgRk0iCgc,拼多多KUS助攻数据【迁移】,,0.0,1.0,0,,1,1,0,1,0,0,83.0,不规范命名,共享数据,表级行数非零；表级行数 7/30 天波动；主键 `__id` 重复检查；商品编码/名称关键字段空值；店铺标识关键字段空值,被 1 个分析项目使用；有关联产出任务 1 个；任务下游数量 1；资源关系引用 1 次；存在 owner/任务负责人证据；有分区 1 个
P3,16.0,ods_api_dd_after_sale_list_info_du,ODS_售后列表信息表(抖店API),包彦,陶林强,341704.0,568116773.0,48,PRIMARY_KEYS,"`dt`, `__id`",`dt`,454,908,1,teQTjNS2jo,ODS_售后列表信息表(抖店API)【连接器】,2026-07-09 02:25:28,7273.0,1.0,0,,1,1,0,1,0,0,0.0,ods,共享数据,"表级行数非零；表级行数 7/30 天波动；最新分区 `dt` 非空/及时；主键 `dt`, `__id` 重复检查；金额/费用字段非负与异常极值；退款/售后金额与数量范围；推广费/投放指标非负与日期完整性；商品编码/名称关键字段空值；店铺标识关键字段空值；原始 API 记录落地完整性",被 1 个分析项目使用；有关联产出任务 1 个；任务下游数量 1；资源关系引用 1 次；存在 owner/任务负责人证据；有分区 454 个
P3,16.0,ods_api_dingtalk_user_info_du,ODS_用户信息表(钉钉API),管理员,管理员,88959.0,54700322.0,31,PRIMARY_KEYS,"`dt`, `__id`",`dt`,218,436,1,qReKNAgWLw,ODS_用户信息表(钉钉API)【连接器】,2026-07-09 02:32:06,488.0,1.0,0,,1,1,0,1,0,0,0.0,ods,共享数据,"表级行数非零；表级行数 7/30 天波动；最新分区 `dt` 非空/及时；主键 `dt`, `__id` 重复检查；推广费/投放指标非负与日期完整性；店铺标识关键字段空值；原始 API 记录落地完整性",被 1 个分析项目使用；有关联产出任务 1 个；任务下游数量 1；资源关系引用 1 次；存在 owner/任务负责人证据；有分区 218 个
P3,16.0,ods_api_jingdong_aftersale_apply_order_list_info_f,ODS_退款审核单列表信息表(京东API),管理员,管理员,44358.0,13819589.0,19,PRIMARY_KEYS,`__id`,,1,2,1,QF4OQNIzj8,ods_api_jingdong_aftersale_apply_order_list_info_f【EtlDevelop任务】,,0.0,1.0,0,,1,1,0,1,0,0,85.0,ods,共享数据,表级行数非零；表级行数 7/30 天波动；最新日期字段 checkTime 及时；主键 `__id` 重复检查；退款/售后金额与数量范围；店铺标识关键字段空值；原始 API 记录落地完整性,被 1 个分析项目使用；有关联产出任务 1 个；任务下游数量 1；资源关系引用 1 次；存在 owner/任务负责人证据；有分区 1 个
P3,16.0,ods_api_jingdong_aftersale_indemnity_query_info_du,ODS_小额打款-查询打款记录查询接口信息表(京东API),管理员,管理员,2392.0,2856278.0,16,PRIMARY_KEYS,"`dt`, `__id`",`dt`,427,854,1,AReCZmtmKd,ODS_小额打款-查询打款记录查询接口信息表(京东API)【连接器】,2026-07-09 10:03:03,39.0,1.0,0,,1,1,0,1,0,0,0.0,ods,共享数据,"表级行数非零；表级行数 7/30 天波动；最新分区 `dt` 非空/及时；主键 `dt`, `__id` 重复检查；退款/售后金额与数量范围；店铺标识关键字段空值；原始 API 记录落地完整性",被 1 个分析项目使用；有关联产出任务 1 个；任务下游数量 1；资源关系引用 1 次；存在 owner/任务负责人证据；有分区 427 个
P3,16,ods_api_jlqc_account_info_du_old,ODS_账号信息表(巨量千川API)_旧,包彦,陶林强,1324.0,745175.0,11,PRIMARY_KEYS,"`dt`, `__id`",`dt`,129,258,1,3TuoOQKpso,ODS_账号信息表(巨量千川API)【连接器】,,0.0,0.0,0,,1,2,0,2,0,0,28.0,ods,共享数据,"表级行数非零；表级行数 7/30 天波动；最新分区 `dt` 非空/及时；主键 `dt`, `__id` 重复检查；推广费/投放指标非负与日期完整性；店铺标识关键字段空值；原始 API 记录落地完整性",被 2 个分析项目使用；有关联产出任务 1 个；资源关系引用 1 次；存在 owner/任务负责人证据；有分区 129 个
P3,16.0,ods_api_jlqc_adv_account_basic_info_du_old,ODS_广告账号基础信息表(巨量千川API)_旧,包彦,陶林强,12781.0,4491743.0,13,PRIMARY_KEYS,"`dt`, `__id`",`dt`,413,826,1,SeMLmT527a,ODS_广告账号基础信息表(巨量千川API)【连接器】,2026-07-09 10:01:38,11.0,1.0,0,,1,1,0,1,0,0,0.0,ods,共享数据,"表级行数非零；表级行数 7/30 天波动；最新分区 `dt` 非空/及时；主键 `dt`, `__id` 重复检查；推广费/投放指标非负与日期完整性；店铺标识关键字段空值；原始 API 记录落地完整性",被 1 个分析项目使用；有关联产出任务 1 个；任务下游数量 1；资源关系引用 1 次；存在 owner/任务负责人证据；有分区 413 个
P3,16.0,ods_api_jstbz_purchase_info_du,ODS_采购信息表(聚水潭标准API),管理员,管理员,13117.0,18396114.0,33,PRIMARY_KEYS,"`dt`, `__id`",`dt`,210,420,1,Dmcp977KMc,ODS_采购信息表(聚水潭标准API)【连接器】,2026-07-09 02:08:37,146.0,1.0,0,,1,1,0,1,0,0,0.0,ods,共享数据,"表级行数非零；表级行数 7/30 天波动；最新分区 `dt` 非空/及时；主键 `dt`, `__id` 重复检查；金额/费用字段非负与异常极值；推广费/投放指标非负与日期完整性；店铺标识关键字段空值；原始 API 记录落地完整性",被 1 个分析项目使用；有关联产出任务 1 个；任务下游数量 1；资源关系引用 1 次；存在 owner/任务负责人证据；有分区 210 个
P3,16.0,ods_api_jstbz_shop_product_info_du,ODS_店铺商品信息表(聚水潭标准API),管理员,管理员,587717.0,192454200.0,29,PRIMARY_KEYS,"`dt`, `__id`",`dt`,218,436,1,HfqCkga004,ODS_店铺商品信息表(聚水潭标准API)【连接器】,2026-07-09 02:04:03,4323.0,1.0,0,,1,1,0,1,0,0,0.0,ods,共享数据,"表级行数非零；表级行数 7/30 天波动；最新分区 `dt` 非空/及时；主键 `dt`, `__id` 重复检查；金额/费用字段非负与异常极值；商品编码/名称关键字段空值；店铺标识关键字段空值；原始 API 记录落地完整性",被 1 个分析项目使用；有关联产出任务 1 个；任务下游数量 1；资源关系引用 1 次；存在 owner/任务负责人证据；有分区 218 个
P3,16.0,ods_api_jstbz_virtualwh_repay_info_du,ODS_虚拟仓归还信息表(聚水潭标准API),管理员,管理员,1750.0,7611655.0,19,PRIMARY_KEYS,"`dt`, `__id`",`dt`,199,398,1,8L6zYxYrOV,ODS_虚拟仓归还信息表(聚水潭标准API)【连接器】,2026-07-09 14:00:20,16.0,1.0,0,,1,1,0,1,0,0,0.0,ods,共享数据,"表级行数非零；表级行数 7/30 天波动；最新分区 `dt` 非空/及时；主键 `dt`, `__id` 重复检查；店铺标识关键字段空值；原始 API 记录落地完整性",被 1 个分析项目使用；有关联产出任务 1 个；任务下游数量 1；资源关系引用 1 次；存在 owner/任务负责人证据；有分区 199 个
P3,16.0,ods_api_tb_inventory_item_list_info_du,ODS_库存商品列表信息表(淘宝API),管理员,陶林强,23007.0,24327179.0,32,PRIMARY_KEYS,"`dt`, `__id`",`dt`,453,906,1,ZueEmw6yJS,ODS_库存商品列表信息表(淘宝API)【连接器】,2026-07-09 01:00:47,147.0,1.0,0,,1,1,0,1,0,0,0.0,ods,共享数据,"表级行数非零；表级行数 7/30 天波动；最新分区 `dt` 非空/及时；主键 `dt`, `__id` 重复检查；金额/费用字段非负与异常极值；商品编码/名称关键字段空值；店铺标识关键字段空值；原始 API 记录落地完整性",被 1 个分析项目使用；有关联产出任务 1 个；任务下游数量 1；资源关系引用 1 次；存在 owner/任务负责人证据；有分区 453 个
P3,16.0,ods_api_tb_special_refunds_receive_info_du,ODS_特殊退款列表信息表(淘宝API),管理员,陶林强,61299.0,71392939.0,35,PRIMARY_KEYS,"`dt`, `__id`",`dt`,447,894,1,7p8ijtpRdo,ODS_特殊退款列表信息表(淘宝API)【连接器】,2026-07-09 01:03:26,1082.0,1.0,0,,1,1,0,1,0,0,0.0,ods,共享数据,"表级行数非零；表级行数 7/30 天波动；最新分区 `dt` 非空/及时；主键 `dt`, `__id` 重复检查；金额/费用字段非负与异常极值；退款/售后金额与数量范围；商品编码/名称关键字段空值；店铺标识关键字段空值；原始 API 记录落地完整性",被 1 个分析项目使用；有关联产出任务 1 个；任务下游数量 1；资源关系引用 1 次；存在 owner/任务负责人证据；有分区 447 个
P3,16.0,ods_db_cube_user_analysis_project,ODS_用户分析项目(魔方内置DB),管理员,管理员,391.0,53202.0,14,PRIMARY_KEYS,`__id`,,1,4,1,xbaK8DRSCc,ODS_用户分析项目(魔方内置DB)【迁移】,2026-07-09 14:00:53,392.0,1.0,0,,1,1,0,1,0,0,-1.0,ods,共享数据,表级行数非零；表级行数 7/30 天波动；最新日期字段 last_publish_time 及时；主键 `__id` 重复检查,被 1 个分析项目使用；有关联产出任务 1 个；任务下游数量 1；资源关系引用 1 次；存在 owner/任务负责人证据；有分区 1 个
P3,16.0,ods_db_cube_yuce_schedule_instance_exec_status,ODS_任务实例执行状态信息(魔方内置DB),管理员,管理员,225956.0,25750944.0,22,PRIMARY_KEYS,"`create_time`, `__id`",`create_time`,32,64,1,3wK8M0UF99,ODS_任务实例执行状态信息(魔方内置DB)【迁移】,2026-07-09 14:00:54,8607.0,2.0,0,,1,0,0,0,0,0,-1.0,ods,共享数据,"表级行数非零；表级行数 7/30 天波动；最新分区 `create_time` 非空/及时；主键 `create_time`, `__id` 重复检查",有关联产出任务 1 个；任务下游数量 2；资源关系引用 1 次；存在 owner/任务负责人证据；有分区 32 个
P3,16.0,ods_db_cube_yuce_schedule_task_dependency_info_f,ODS_调度任务依赖关系信息表(魔方内置DB),管理员,管理员,3749.0,333551.0,6,PRIMARY_KEYS,`__id`,,1,4,1,yrOYq6Tpfv,ODS_调度任务依赖关系信息表(魔方内置DB)【迁移】,2026-07-09 14:00:53,3710.0,2.0,0,,1,0,0,0,0,0,-1.0,ods,共享数据,表级行数非零；表级行数 7/30 天波动；最新日期字段 create_time 及时；主键 `__id` 重复检查,有关联产出任务 1 个；任务下游数量 2；资源关系引用 1 次；存在 owner/任务负责人证据；有分区 1 个
P3,16.0,ods_db_cube_yuce_schedule_task_info_f,ODS_调度任务定义表(魔方内置DB),管理员,管理员,3656.0,7392394.0,15,PRIMARY_KEYS,`__id`,,1,16,1,IFA5xhvoKM,ODS_调度任务定义表(魔方内置DB)【迁移】,2026-07-09 14:01:35,2643.0,2.0,0,,1,0,0,0,0,0,-1.0,ods,共享数据,表级行数非零；表级行数 7/30 天波动；最新日期字段 create_time 及时；主键 `__id` 重复检查；推广费/投放指标非负与日期完整性,有关联产出任务 1 个；任务下游数量 2；资源关系引用 1 次；存在 owner/任务负责人证据；有分区 1 个
P3,16.0,ods_db_cube_yuce_schedule_task_instance_info_f,ODS_任务执行实例信息表(魔方内置DB),管理员,管理员,225956.0,74255548.0,24,PRIMARY_KEYS,"`create_time`, `__id`",`create_time`,32,64,1,VIu2NlKh9u,ODS_任务执行实例信息表(魔方内置DB)【迁移】,2026-07-09 14:02:04,32158.0,2.0,0,,1,0,0,0,0,0,-1.0,ods,共享数据,"表级行数非零；表级行数 7/30 天波动；最新分区 `create_time` 非空/及时；主键 `create_time`, `__id` 重复检查；推广费/投放指标非负与日期完整性",有关联产出任务 1 个；任务下游数量 2；资源关系引用 1 次；存在 owner/任务负责人证据；有分区 32 个
P3,16.0,ods_db_cube_yuce_schedule_task_template,ODS_任务模板定义(魔方内置DB),管理员,管理员,39.0,15781.0,14,PRIMARY_KEYS,`__id`,,1,4,1,P4gPDDdFKN,ODS_任务模板定义(魔方内置DB)【迁移】,2026-07-09 14:00:31,39.0,2.0,0,,1,0,0,0,0,0,-1.0,ods,共享数据,表级行数非零；表级行数 7/30 天波动；最新日期字段 timeout 及时；主键 `__id` 重复检查,有关联产出任务 1 个；任务下游数量 2；资源关系引用 1 次；存在 owner/任务负责人证据；有分区 1 个
P3,16.0,ods_db_cube_yuce_schedule_triggle_config_info_f,ODS_调度触发配置(魔方内置DB),管理员,管理员,3119.0,307391.0,12,PRIMARY_KEYS,`__id`,,1,4,1,ehAfL64zA9,ODS_调度触发配置(魔方内置DB)【迁移】,2026-07-09 14:01:36,3092.0,2.0,0,,1,0,0,0,0,0,-1.0,ods,共享数据,表级行数非零；表级行数 7/30 天波动；最新日期字段 create_time 及时；主键 `__id` 重复检查,有关联产出任务 1 个；任务下游数量 2；资源关系引用 1 次；存在 owner/任务负责人证据；有分区 1 个
P3,16.0,ods_douyin_live_room_labor_cost_entry,ODS_抖音_直播间人力成本支出_填报,包彦,包彦,276.0,21496.0,13,PRIMARY_KEYS,`__id`,,1,4,1,xJeIQ69bSX,支出明细（钉钉表格）【在线表格接入】,2026-07-09 05:00:05,276.0,1.0,0,,1,1,0,1,0,0,0.0,ods,共享数据,表级行数非零；表级行数 7/30 天波动；主键 `__id` 重复检查；金额/费用字段非负与异常极值,被 1 个分析项目使用；有关联产出任务 1 个；任务下游数量 1；资源关系引用 1 次；存在 owner/任务负责人证据；有分区 1 个
P3,16.0,ods_douyinanshangpintuiguangshuju,ODS_抖音_全域投放推商品_RPA,包彦,陶林强,85275.0,6077022.0,16,PRIMARY_KEYS,`__id`,,1,16,1,00uSPqQxB9,ods-抖音全域按商品推广数据【迁移】,,0.0,1.0,0,,1,1,0,1,0,0,34.0,ods,共享数据,表级行数非零；表级行数 7/30 天波动；主键 `__id` 重复检查；金额/费用字段非负与异常极值；推广费/投放指标非负与日期完整性；商品编码/名称关键字段空值；店铺标识关键字段空值,被 1 个分析项目使用；有关联产出任务 1 个；任务下游数量 1；资源关系引用 1 次；存在 owner/任务负责人证据；有分区 1 个
P3,16.0,ODS_douyinchengfangtuiguanghuafei,ODS_抖音乘方推广花费表_填报,包彦,陶林强,64.0,43648.0,12,PRIMARY_KEYS,`__id`,,1,16,1,OgqA3SQ6bT,ODS_抖音乘方推广花费表【迁移】,,0.0,1.0,0,,1,1,0,1,0,0,34.0,不规范命名,共享数据,表级行数非零；表级行数 7/30 天波动；主键 `__id` 重复检查；金额/费用字段非负与异常极值；推广费/投放指标非负与日期完整性；店铺标识关键字段空值,被 1 个分析项目使用；有关联产出任务 1 个；任务下游数量 1；资源关系引用 1 次；存在 owner/任务负责人证据；有分区 1 个
P3,16.0,ods_dyhaopingshuju,ODS_抖音好评数据_填报,包彦,陶林强,1789.0,68387.0,8,PRIMARY_KEYS,`__id`,,1,16,1,Z3M1lFdITy,ods_抖音好评数据【迁移】,,0.0,1.0,0,,1,1,0,1,0,0,1.0,ods,共享数据,表级行数非零；表级行数 7/30 天波动；主键 `__id` 重复检查；金额/费用字段非负与异常极值,被 1 个分析项目使用；有关联产出任务 1 个；任务下游数量 1；资源关系引用 1 次；存在 owner/任务负责人证据；有分区 1 个
P3,16.0,ods_dyshuandanshuju,ODS_抖音刷单数据_填报,包彦,陶林强,1222.0,42640.0,7,PRIMARY_KEYS,`__id`,,1,16,1,JoeKH6qxcq,ods_抖音刷单数据【迁移】,,0.0,1.0,0,,1,1,0,1,0,0,1.0,ods,共享数据,表级行数非零；表级行数 7/30 天波动；主键 `__id` 重复检查；金额/费用字段非负与异常极值,被 1 个分析项目使用；有关联产出任务 1 个；任务下游数量 1；资源关系引用 1 次；存在 owner/任务负责人证据；有分区 1 个
P3,16.0,ODS_jihuaidduiyingshangpinid,ODS_抖音乘方计划id_链接id_映射_RPA,包彦,陶林强,13.0,11518.0,4,PRIMARY_KEYS,`__id`,,1,16,1,1beUE64XNH,ODS_抖音乘方计划id对应链接id表【迁移】,,0.0,1.0,0,,1,1,0,1,0,0,34.0,不规范命名,共享数据,表级行数非零；表级行数 7/30 天波动；主键 `__id` 重复检查；店铺标识关键字段空值,被 1 个分析项目使用；有关联产出任务 1 个；任务下游数量 1；资源关系引用 1 次；存在 owner/任务负责人证据；有分区 1 个
P3,16.0,ods_wbryxzibiao,ods_外包客服金额汇总表,包彦,陶林强,102.0,23587.0,6,PRIMARY_KEYS,`__id`,,1,16,1,oqOYcmC6tY,ods_外包客服金额汇总表【迁移】,,0.0,1.0,0,,1,1,0,1,0,0,85.0,ods,共享数据,表级行数非零；表级行数 7/30 天波动；主键 `__id` 重复检查；金额/费用字段非负与异常极值,被 1 个分析项目使用；有关联产出任务 1 个；任务下游数量 1；资源关系引用 1 次；存在 owner/任务负责人证据；有分区 1 个
P3,16.0,ODS_yuangongxinzibiao,ODS_员工薪资综合表,包彦,陶林强,1573.0,233816.0,39,PRIMARY_KEYS,`__id`,,1,16,1,XfQ7hsYBBL,ODS_员工薪资综合表【迁移】,,0.0,1.0,0,,1,1,0,1,0,0,49.0,不规范命名,共享数据,表级行数非零；表级行数 7/30 天波动；主键 `__id` 重复检查；金额/费用字段非负与异常极值,被 1 个分析项目使用；有关联产出任务 1 个；任务下游数量 1；资源关系引用 1 次；存在 owner/任务负责人证据；有分区 1 个
P3,16.0,ODS_zhinengbumenchaifenbiao,ODS_标准化职能部门拆分表,包彦,陶林强,2599.0,130561.0,5,PRIMARY_KEYS,`__id`,,1,16,1,pEOIk5aZtP,ODS_标准化职能部门拆分表【迁移】,,0.0,1.0,0,,1,1,0,1,0,0,85.0,不规范命名,共享数据,表级行数非零；表级行数 7/30 天波动；主键 `__id` 重复检查,被 1 个分析项目使用；有关联产出任务 1 个；任务下游数量 1；资源关系引用 1 次；存在 owner/任务负责人证据；有分区 1 个
P3,16.0,odsjingdongziyinghejingzaodanpinfanli,京东京造自营官方立减单品返利,包彦,陶林强,25862.0,734253.0,6,PRIMARY_KEYS,`__id`,,1,16,1,aG4m6S4w6P,京东京造自营官方立减单品返利【迁移】,,0.0,1.0,0,,1,1,0,1,0,0,62.0,不规范命名,共享数据,表级行数非零；表级行数 7/30 天波动；主键 `__id` 重复检查；商品编码/名称关键字段空值；店铺标识关键字段空值,被 1 个分析项目使用；有关联产出任务 1 个；任务下游数量 1；资源关系引用 1 次；存在 owner/任务负责人证据；有分区 1 个
P3,16.0,odsziyinghejingzaoshouhoushujubiao,京东售后数据,包彦,陶林强,214052.0,8719668.0,14,PRIMARY_KEYS,`__id`,,1,4,1,GwQTxmlYjX,京东售后数据【迁移】,2026-07-09 08:50:19,214052.0,1.0,0,,1,1,0,1,0,0,0.0,不规范命名,共享数据,表级行数非零；表级行数 7/30 天波动；主键 `__id` 重复检查；金额/费用字段非负与异常极值；退款/售后金额与数量范围；商品编码/名称关键字段空值；店铺标识关键字段空值,被 1 个分析项目使用；有关联产出任务 1 个；任务下游数量 1；资源关系引用 1 次；存在 owner/任务负责人证据；有分区 1 个
P3,16.0,pdd2023zhugongshuju,拼多多2023助攻数据,包彦,陶林强,92558.0,4517356.0,11,PRIMARY_KEYS,`__id`,,1,16,1,kl46re5o3z,拼多多2023助攻数据【迁移】,,0.0,1.0,0,,1,1,0,1,0,0,0.0,不规范命名,共享数据,表级行数非零；表级行数 7/30 天波动；主键 `__id` 重复检查；商品编码/名称关键字段空值；店铺标识关键字段空值,被 1 个分析项目使用；有关联产出任务 1 个；任务下游数量 1；资源关系引用 1 次；存在 owner/任务负责人证据；有分区 1 个
P3,16.0,pdd_product_promotion_whole_store_hosting,拼多多-商品推广全店托管,包彦,陶林强,95664.0,5558140.0,33,PRIMARY_KEYS,`__id`,,1,4,1,ip8eDwje09,拼多多-商品推广全店托管【迁移】,2026-07-09 11:35:52,95664.0,1.0,0,,1,1,0,1,0,0,0.0,不规范命名,共享数据,表级行数非零；表级行数 7/30 天波动；最新日期字段 business_date 及时；主键 `__id` 重复检查；金额/费用字段非负与异常极值；推广费/投放指标非负与日期完整性；商品编码/名称关键字段空值；店铺标识关键字段空值,被 1 个分析项目使用；有关联产出任务 1 个；任务下游数量 1；资源关系引用 1 次；存在 owner/任务负责人证据；有分区 1 个
P3,16.0,pdd_product_promotion_whole_store_hosting_overview,拼多多-商品推广概况全店托管,包彦,陶林强,2560.0,371488.0,26,PRIMARY_KEYS,`__id`,,1,4,1,cTcFjycErR,拼多多-商品推广概况全店托管【迁移】,2026-07-09 11:35:32,2560.0,1.0,0,,1,1,0,1,0,0,0.0,不规范命名,共享数据,表级行数非零；表级行数 7/30 天波动；最新日期字段 business_date 及时；主键 `__id` 重复检查；金额/费用字段非负与异常极值；推广费/投放指标非负与日期完整性；商品编码/名称关键字段空值；店铺标识关键字段空值,被 1 个分析项目使用；有关联产出任务 1 个；任务下游数量 1；资源关系引用 1 次；存在 owner/任务负责人证据；有分区 1 个
P3,16.0,pdd_promotion_reportproduct_promotion_dailyunit,拼多多推广报表商品推广日报单元,包彦,陶林强,628026.0,61265884.0,45,PRIMARY_KEYS,`__id`,,1,4,1,ZjaKsqKDhn,拼多多推广报表商品推广日报单元【迁移】,2026-07-09 11:36:49,628026.0,1.0,0,,1,1,0,1,0,0,0.0,不规范命名,共享数据,表级行数非零；表级行数 7/30 天波动；最新日期字段 business_date 及时；主键 `__id` 重复检查；金额/费用字段非负与异常极值；推广费/投放指标非负与日期完整性；商品编码/名称关键字段空值；店铺标识关键字段空值,被 1 个分析项目使用；有关联产出任务 1 个；任务下游数量 1；资源关系引用 1 次；存在 owner/任务负责人证据；有分区 1 个
P3,16.0,pingduoduodajianzonghebiao,拼多多大件综合表,包彦,陶林强,89.0,16336.0,5,PRIMARY_KEYS,`__id`,,1,16,1,bBqUvTnfTi,拼多多大件综合表【迁移】,,0.0,1.0,0,,1,1,0,1,0,0,57.0,不规范命名,共享数据,表级行数非零；表级行数 7/30 天波动；主键 `__id` 重复检查,被 1 个分析项目使用；有关联产出任务 1 个；任务下游数量 1；资源关系引用 1 次；存在 owner/任务负责人证据；有分区 1 个
P3,16.0,pingduoduoyingxiaofeiyong,拼多多营销数据拆分,包彦,陶林强,4984.0,372776.0,14,PRIMARY_KEYS,`__id`,,1,16,1,Ec4wPDmNF4,拼多多营销数据拆分【迁移】,,0.0,1.0,0,,1,1,0,1,0,0,0.0,不规范命名,共享数据,表级行数非零；表级行数 7/30 天波动；主键 `__id` 重复检查；金额/费用字段非负与异常极值；商品编码/名称关键字段空值；店铺标识关键字段空值,被 1 个分析项目使用；有关联产出任务 1 个；任务下游数量 1；资源关系引用 1 次；存在 owner/任务负责人证据；有分区 1 个
P3,16.0,quanzhantuiguang_pingtaigongyu,全站推广期-平台公域,包彦,陶林强,10903.0,820116.0,13,PRIMARY_KEYS,`__id`,,1,16,1,W1c92jXRZF,全站推广期-平台公域【迁移】,,0.0,1.0,0,,1,1,0,1,0,0,55.0,不规范命名,共享数据,表级行数非零；表级行数 7/30 天波动；主键 `__id` 重复检查；金额/费用字段非负与异常极值；推广费/投放指标非负与日期完整性；商品编码/名称关键字段空值,被 1 个分析项目使用；有关联产出任务 1 个；任务下游数量 1；资源关系引用 1 次；存在 owner/任务负责人证据；有分区 1 个
P3,16.0,renyuanhejichengbenzonghebiao,人员合计成本综合表,包彦,陶林强,1484.0,74671.0,6,PRIMARY_KEYS,`__id`,,1,16,1,0ggBWAZDvh,人员合计成本综合表【迁移】,,0.0,1.0,0,,1,3,0,1,0,0,85.0,不规范命名,共享数据,表级行数非零；表级行数 7/30 天波动；主键 `__id` 重复检查；金额/费用字段非负与异常极值,被 1 个分析项目使用；有关联产出任务 1 个；任务下游数量 1；资源关系引用 1 次；存在 owner/任务负责人证据；有分区 1 个
P3,16.0,sanjileimuxuqiudongcha,天猫-市场大盘-三级类目-需求洞察,包彦,李梦丽,27779.0,1057883.0,7,PRIMARY_KEYS,`__id`,,1,16,1,hHecozgeIA,天猫-市场大盘-三级类目-需求洞察【迁移】,,0.0,1.0,0,,1,1,0,1,0,0,85.0,不规范命名,共享数据,表级行数非零；表级行数 7/30 天波动；主键 `__id` 重复检查,被 1 个分析项目使用；有关联产出任务 1 个；任务下游数量 1；资源关系引用 1 次；存在 owner/任务负责人证据；有分区 1 个
P3,16.0,shangpinlanshoumingxi,天猫-商品揽收明细,包彦,李梦丽,15385.0,1106797.0,8,PRIMARY_KEYS,`__id`,,1,4,1,noeqZ7sy6C,天猫-商品揽收明细【迁移】,2026-07-09 12:01:41,15385.0,1.0,0,,1,1,0,1,0,0,-1.0,不规范命名,共享数据,表级行数非零；表级行数 7/30 天波动；主键 `__id` 重复检查；金额/费用字段非负与异常极值；商品编码/名称关键字段空值,被 1 个分析项目使用；有关联产出任务 1 个；任务下游数量 1；资源关系引用 1 次；存在 owner/任务负责人证据；有分区 1 个
P3,16.0,shangpintiyanfen,天猫-商品体验分,包彦,李梦丽,446200.0,12294371.0,8,PRIMARY_KEYS,`__id`,,1,4,1,oUuexw03Jd,天猫-商品体验分【迁移】,2026-07-09 12:01:06,444787.0,1.0,0,,1,1,0,1,0,0,-1.0,不规范命名,共享数据,表级行数非零；表级行数 7/30 天波动；主键 `__id` 重复检查；商品编码/名称关键字段空值,被 1 个分析项目使用；有关联产出任务 1 个；任务下游数量 1；资源关系引用 1 次；存在 owner/任务负责人证据；有分区 1 个
P3,16.0,shejizuchiafenmoban,设计组拆分模版,包彦,陶林强,5.0,9044.0,11,PRIMARY_KEYS,`__id`,,1,16,1,8IO4KS1gOC,设计组拆分模版【迁移】,,0.0,1.0,0,,1,1,0,1,0,0,85.0,不规范命名,共享数据,表级行数非零；表级行数 7/30 天波动；主键 `__id` 重复检查,被 1 个分析项目使用；有关联产出任务 1 个；任务下游数量 1；资源关系引用 1 次；存在 owner/任务负责人证据；有分区 1 个
P3,16.0,shoutaosousuo_liuliangdata_day,按日手淘搜索流量数据,包彦,陶林强,29626.0,3683705.0,33,PRIMARY_KEYS,`__id`,,1,16,1,eJaaISZlhL,按日手淘搜索流量数据【迁移】,2026-07-09 08:30:47,11846.0,1.0,0,,1,1,0,1,0,0,0.0,不规范命名,共享数据,表级行数非零；表级行数 7/30 天波动；主键 `__id` 重复检查；金额/费用字段非负与异常极值；商品编码/名称关键字段空值；店铺标识关键字段空值,被 1 个分析项目使用；有关联产出任务 1 个；任务下游数量 1；资源关系引用 1 次；存在 owner/任务负责人证据；有分区 1 个
P3,16.0,taobaoke_liuliangdata_day,按日淘宝客流量数据,包彦,陶林强,19503.0,1513634.0,33,PRIMARY_KEYS,`__id`,,1,4,1,d3QZcR5SPj,按日淘宝客流量数据【迁移】,2026-07-09 08:30:46,19503.0,1.0,0,,1,1,0,1,0,0,0.0,不规范命名,共享数据,表级行数非零；表级行数 7/30 天波动；主键 `__id` 重复检查；金额/费用字段非负与异常极值；商品编码/名称关键字段空值；店铺标识关键字段空值,被 1 个分析项目使用；有关联产出任务 1 个；任务下游数量 1；资源关系引用 1 次；存在 owner/任务负责人证据；有分区 1 个
P3,16.0,taobaokejiuban,按日淘宝客_旧版,包彦,陶林强,62184.0,5477365.0,28,PRIMARY_KEYS,`__id`,,1,4,1,VDaIPYslyR,按日淘宝客_旧版【迁移】,2026-07-09 08:18:43,62184.0,1.0,0,,1,1,0,1,0,0,0.0,不规范命名,共享数据,表级行数非零；表级行数 7/30 天波动；主键 `__id` 重复检查；金额/费用字段非负与异常极值；商品编码/名称关键字段空值；店铺标识关键字段空值,被 1 个分析项目使用；有关联产出任务 1 个；任务下游数量 1；资源关系引用 1 次；存在 owner/任务负责人证据；有分区 1 个
P3,16.0,taogongchangzhifubaozhangdanshuju,淘工厂_支付宝账单明细,包彦,陶林强,12099.0,1563511.0,24,PRIMARY_KEYS,`__id`,,1,16,1,DnK6bMKkfi,淘工厂_支付宝账单明细【迁移】,,0.0,1.0,0,,1,1,0,1,0,0,77.0,不规范命名,共享数据,表级行数非零；表级行数 7/30 天波动；主键 `__id` 重复检查；金额/费用字段非负与异常极值；退款/售后金额与数量范围；商品编码/名称关键字段空值,被 1 个分析项目使用；有关联产出任务 1 个；任务下游数量 1；资源关系引用 1 次；存在 owner/任务负责人证据；有分区 1 个
P3,16,test_sku,ODS_商品SKU信息表(聚水潭标准API)测试表,包彦,,79.0,155524.0,59,PRIMARY_KEYS,`__id`,,1,16,0,,,,0.0,0.0,0,,1,4,0,4,0,0,0.0,不规范命名,共享数据,表级行数非零；表级行数 7/30 天波动；最新日期字段 modified 及时；主键 `__id` 重复检查；金额/费用字段非负与异常极值；商品编码/名称关键字段空值；店铺标识关键字段空值；原始 API 记录落地完整性,被 4 个分析项目使用；资源关系引用 1 次；存在 owner/任务负责人证据；有分区 1 个；字段数 59
P3,16.0,tianmao_hangyepaimingshujuzhailu,天猫_行业排名数据摘录,包彦,李梦丽,105.0,43912.0,10,PRIMARY_KEYS,`__id`,,1,16,1,mz8aH0sZBm,天猫_行业排名数据摘录【迁移】,,0.0,1.0,0,,1,5,0,1,0,0,85.0,不规范命名,共享数据,表级行数非零；表级行数 7/30 天波动；主键 `__id` 重复检查；金额/费用字段非负与异常极值；商品编码/名称关键字段空值,被 1 个分析项目使用；有关联产出任务 1 个；任务下游数量 1；资源关系引用 1 次；存在 owner/任务负责人证据；有分区 1 个
P3,16.0,tianmaochaipinlvdingdanmingxibiao,天猫_商品差评订单明细,包彦,陶林强,774417.0,24786719.0,6,PRIMARY_KEYS,`__id`,,1,4,1,aKuSZUh727,天猫_商品差评订单明细【迁移】,2026-07-09 12:01:26,772137.0,1.0,0,,1,1,0,1,0,0,-1.0,不规范命名,共享数据,表级行数非零；表级行数 7/30 天波动；主键 `__id` 重复检查；商品编码/名称关键字段空值,被 1 个分析项目使用；有关联产出任务 1 个；任务下游数量 1；资源关系引用 1 次；存在 owner/任务负责人证据；有分区 1 个
P3,16.0,tianmaodamopanguanjianci,天猫-达摩盘-关键词,包彦,李梦丽,21944.0,1041303.0,6,PRIMARY_KEYS,`__id`,,1,4,1,774aE1672V,天猫-达摩盘-关键词【迁移】,2026-07-09 09:03:50,21944.0,1.0,0,,1,1,0,1,0,0,0.0,不规范命名,共享数据,表级行数非零；表级行数 7/30 天波动；主键 `__id` 重复检查,被 1 个分析项目使用；有关联产出任务 1 个；任务下游数量 1；资源关系引用 1 次；存在 owner/任务负责人证据；有分区 1 个
P3,16.0,tianmaohongbaohexiao,天猫-红包核销,包彦,李梦丽,801332.0,45005048.0,8,PRIMARY_KEYS,`__id`,,1,4,1,8da46yam1L,天猫-红包核销【迁移】,2026-07-09 15:00:47,801332.0,1.0,0,,1,1,0,1,0,0,-1.0,不规范命名,共享数据,表级行数非零；表级行数 7/30 天波动；主键 `__id` 重复检查；金额/费用字段非负与异常极值；店铺标识关键字段空值,被 1 个分析项目使用；有关联产出任务 1 个；任务下游数量 1；资源关系引用 1 次；存在 owner/任务负责人证据；有分区 1 个
P3,16.0,tianmaojingpinmingxi,天猫竞品明细,包彦,李梦丽,230.0,28941.0,6,PRIMARY_KEYS,`__id`,,1,16,1,XX8iROO4Ja,天猫竞品明细【迁移】,,0.0,1.0,0,,1,7,0,1,0,0,13.0,不规范命名,共享数据,表级行数非零；表级行数 7/30 天波动；主键 `__id` 重复检查；推广费/投放指标非负与日期完整性；商品编码/名称关键字段空值；店铺标识关键字段空值,被 1 个分析项目使用；有关联产出任务 1 个；任务下游数量 1；资源关系引用 1 次；存在 owner/任务负责人证据；有分区 1 个
P3,16.0,tianmaojingpinshujumingxibiao,天猫_竞品数据监控20250726版本,包彦,陶林强,17085.0,1483191.0,9,PRIMARY_KEYS,`__id`,,1,16,1,xV84YQ1EfN,天猫_竞品数据监控20250726版本【迁移】,,0.0,1.0,0,,1,1,0,1,0,0,85.0,不规范命名,共享数据,表级行数非零；表级行数 7/30 天波动；主键 `__id` 重复检查；金额/费用字段非负与异常极值；商品编码/名称关键字段空值,被 1 个分析项目使用；有关联产出任务 1 个；任务下游数量 1；资源关系引用 1 次；存在 owner/任务负责人证据；有分区 1 个
P3,16.0,tianmaopeifudakuan,天猫-赔付打款,包彦,李梦丽,10145.0,393805.0,5,PRIMARY_KEYS,`__id`,,1,4,1,KK69MCzfVu,天猫-赔付打款【迁移】,2026-07-09 12:00:59,10145.0,1.0,0,,1,1,0,1,0,0,-1.0,不规范命名,共享数据,表级行数非零；表级行数 7/30 天波动；主键 `__id` 重复检查；金额/费用字段非负与异常极值；商品编码/名称关键字段空值,被 1 个分析项目使用；有关联产出任务 1 个；任务下游数量 1；资源关系引用 1 次；存在 owner/任务负责人证据；有分区 1 个
P3,16.0,tianmaopinzhituikuan,品质退款,包彦,陶林强,812568.0,29829034.0,7,PRIMARY_KEYS,`__id`,,1,4,1,hwuwGnqt3o,品质退款【迁移】,2026-07-09 12:01:26,809882.0,1.0,0,,1,1,0,1,0,0,-1.0,不规范命名,共享数据,表级行数非零；表级行数 7/30 天波动；主键 `__id` 重复检查；退款/售后金额与数量范围；商品编码/名称关键字段空值,被 1 个分析项目使用；有关联产出任务 1 个；任务下游数量 1；资源关系引用 1 次；存在 owner/任务负责人证据；有分区 1 个
P3,16.0,tianmaoshichangdapanerjileimu,天猫-市场大盘-二级类目,包彦,李梦丽,51888.0,1977252.0,14,PRIMARY_KEYS,`__id`,,1,16,1,uVMVVbkDUH,天猫-市场大盘-二级类目【迁移】,,0.0,1.0,0,,1,1,0,1,0,0,85.0,不规范命名,共享数据,表级行数非零；表级行数 7/30 天波动；主键 `__id` 重复检查,被 1 个分析项目使用；有关联产出任务 1 个；任务下游数量 1；资源关系引用 1 次；存在 owner/任务负责人证据；有分区 1 个
P3,16.0,tianmaoshichangdapansanjileimu,天猫-市场大盘-三级类目,包彦,李梦丽,41412.0,1733995.0,13,PRIMARY_KEYS,`__id`,,1,16,1,ceagl7Xl9p,天猫-市场大盘-三级类目【迁移】,,0.0,1.0,0,,1,1,0,1,0,0,85.0,不规范命名,共享数据,表级行数非零；表级行数 7/30 天波动；主键 `__id` 重复检查,被 1 个分析项目使用；有关联产出任务 1 个；任务下游数量 1；资源关系引用 1 次；存在 owner/任务负责人证据；有分区 1 个
P3,16.0,tianmaoshichangdapanyijileimu,天猫-市场大盘-一级类目,包彦,李梦丽,5358.0,336755.0,14,PRIMARY_KEYS,`__id`,,1,16,1,DbeiPPLlzW,天猫-市场大盘-一级类目【迁移】,,0.0,1.0,0,,1,1,0,1,0,0,85.0,不规范命名,共享数据,表级行数非零；表级行数 7/30 天波动；主键 `__id` 重复检查,被 1 个分析项目使用；有关联产出任务 1 个；任务下游数量 1；资源关系引用 1 次；存在 owner/任务负责人证据；有分区 1 个
P3,16.0,tianmaosixiaoshishoutaotuijian,天猫四小时_手淘推荐,包彦,陶林强,16934.0,1847606.0,17,PRIMARY_KEYS,`__id`,,1,16,1,76eMoUZd6E,天猫四小时_手淘推荐【迁移】,,0.0,1.0,0,,1,1,0,1,0,0,0.0,不规范命名,共享数据,表级行数非零；表级行数 7/30 天波动；主键 `__id` 重复检查；金额/费用字段非负与异常极值；商品编码/名称关键字段空值,被 1 个分析项目使用；有关联产出任务 1 个；任务下游数量 1；资源关系引用 1 次；存在 owner/任务负责人证据；有分区 1 个
P3,16.0,tianmaosixiaoshoushangpinpaihang,天猫佑美_四小时_商品排行,包彦,陶林强,30772.0,2843390.0,20,PRIMARY_KEYS,`__id`,,1,16,1,986TEfYFbn,天猫佑美_四小时_商品排行【迁移】,,0.0,1.0,0,,1,1,0,1,0,0,0.0,不规范命名,共享数据,表级行数非零；表级行数 7/30 天波动；主键 `__id` 重复检查；金额/费用字段非负与异常极值；商品编码/名称关键字段空值,被 1 个分析项目使用；有关联产出任务 1 个；任务下游数量 1；资源关系引用 1 次；存在 owner/任务负责人证据；有分区 1 个
P3,16.0,tianmaosixiaoshoushoutaosousuo,天猫四小时_手淘搜索,包彦,陶林强,21726.0,2268447.0,16,PRIMARY_KEYS,`__id`,,1,16,1,D1QdARET2n,天猫四小时_手淘搜索【迁移】,,0.0,1.0,0,,1,1,0,1,0,0,0.0,不规范命名,共享数据,表级行数非零；表级行数 7/30 天波动；主键 `__id` 重复检查；金额/费用字段非负与异常极值；商品编码/名称关键字段空值,被 1 个分析项目使用；有关联产出任务 1 个；任务下游数量 1；资源关系引用 1 次；存在 owner/任务负责人证据；有分区 1 个
P3,16.0,tianmaosixiaoshouwangxiangtai,天猫四小时_万相台,包彦,陶林强,3101.0,408899.0,16,PRIMARY_KEYS,`__id`,,1,16,1,6TKieaZoyR,天猫四小时_万相台【迁移】,,0.0,1.0,0,,1,1,0,1,0,0,0.0,不规范命名,共享数据,表级行数非零；表级行数 7/30 天波动；主键 `__id` 重复检查；金额/费用字段非负与异常极值；商品编码/名称关键字段空值,被 1 个分析项目使用；有关联产出任务 1 个；任务下游数量 1；资源关系引用 1 次；存在 owner/任务负责人证据；有分区 1 个
P3,16.0,tianmaosixiaoshouyinglimofang,天猫四小时_引力魔方,包彦,陶林强,5746.0,645741.0,16,PRIMARY_KEYS,`__id`,,1,16,1,4GQFwkUVp7,天猫四小时_引力魔方【迁移】,,0.0,1.0,0,,1,1,0,1,0,0,0.0,不规范命名,共享数据,表级行数非零；表级行数 7/30 天波动；主键 `__id` 重复检查；金额/费用字段非负与异常极值；商品编码/名称关键字段空值,被 1 个分析项目使用；有关联产出任务 1 个；任务下游数量 1；资源关系引用 1 次；存在 owner/任务负责人证据；有分区 1 个
P3,16.0,tianmaosixiaoshouzhitongche,天猫四小时_直通车,包彦,陶林强,10068.0,1025934.0,16,PRIMARY_KEYS,`__id`,,1,16,1,JfqEHgRxf4,天猫四小时_直通车【迁移】,,0.0,1.0,0,,1,1,0,1,0,0,0.0,不规范命名,共享数据,表级行数非零；表级行数 7/30 天波动；主键 `__id` 重复检查；金额/费用字段非负与异常极值；商品编码/名称关键字段空值,被 1 个分析项目使用；有关联产出任务 1 个；任务下游数量 1；资源关系引用 1 次；存在 owner/任务负责人证据；有分区 1 个
P3,16.0,tianmaotuiguangduanzhiliandong,天猫推广-短直联动,包彦,李梦丽,723.0,69363.0,12,PRIMARY_KEYS,`__id`,,1,4,1,ETeKlnHukA,天猫推广-短直联动【迁移】,2026-07-09 08:41:56,723.0,1.0,0,,1,1,0,1,0,0,0.0,不规范命名,共享数据,表级行数非零；表级行数 7/30 天波动；主键 `__id` 重复检查；金额/费用字段非负与异常极值；推广费/投放指标非负与日期完整性,被 1 个分析项目使用；有关联产出任务 1 个；任务下游数量 1；资源关系引用 1 次；存在 owner/任务负责人证据；有分区 1 个
P3,16.0,tianmaoyingxiaofeiyongjinshitian,天猫-营销托管近十天,包彦,李梦丽,35572.0,1443217.0,5,PRIMARY_KEYS,`__id`,,1,4,1,theaP49FvI,天猫-营销托管近十天【迁移】,2026-07-09 12:00:56,35266.0,1.0,0,,1,1,0,1,0,0,-1.0,不规范命名,共享数据,表级行数非零；表级行数 7/30 天波动；主键 `__id` 重复检查；金额/费用字段非负与异常极值；商品编码/名称关键字段空值,被 1 个分析项目使用；有关联产出任务 1 个；任务下游数量 1；资源关系引用 1 次；存在 owner/任务负责人证据；有分区 1 个
P3,16.0,tianmaoyingxiaotuoguanfeiyong,天猫-营销托管,包彦,陶林强,387427.0,38990885.0,15,PRIMARY_KEYS,`__id`,,1,4,1,EIQDTb55i2,天猫-营销托管【迁移】,2026-07-09 08:30:48,387427.0,1.0,0,,1,1,0,1,0,0,0.0,不规范命名,共享数据,表级行数非零；表级行数 7/30 天波动；主键 `__id` 重复检查；金额/费用字段非负与异常极值；退款/售后金额与数量范围,被 1 个分析项目使用；有关联产出任务 1 个；任务下游数量 1；资源关系引用 1 次；存在 owner/任务负责人证据；有分区 1 个
P3,16.0,tinamaoyoumeiyizuzhongdianpinpaiming,天猫-佑美一组-重点品排名统计,包彦,李梦丽,1165.0,74630.0,7,PRIMARY_KEYS,`__id`,,1,16,1,UMcDqRnAk2,天猫-佑美一组-重点品排名统计【迁移】,,0.0,1.0,0,,1,1,0,1,0,0,85.0,不规范命名,共享数据,表级行数非零；表级行数 7/30 天波动；主键 `__id` 重复检查；商品编码/名称关键字段空值；店铺标识关键字段空值,被 1 个分析项目使用；有关联产出任务 1 个；任务下游数量 1；资源关系引用 1 次；存在 owner/任务负责人证据；有分区 1 个
P3,16.0,tuiguanghongbaofanhuan,拼多多-推广红包返还,包彦,李梦丽,75947.0,3284903.0,9,PRIMARY_KEYS,`__id`,,1,4,1,ufakHsRsfg,拼多多-推广红包返还【迁移】,2026-07-09 01:02:09,75947.0,1.0,0,,1,1,0,1,0,0,0.0,不规范命名,共享数据,表级行数非零；表级行数 7/30 天波动；主键 `__id` 重复检查；金额/费用字段非负与异常极值；推广费/投放指标非负与日期完整性；店铺标识关键字段空值,被 1 个分析项目使用；有关联产出任务 1 个；任务下游数量 1；资源关系引用 1 次；存在 owner/任务负责人证据；有分区 1 个
P3,16.0,UD_3418004512502203_1J5IT_jdzy,京东自营,包彦,陶林强,111.0,30024.0,5,PRIMARY_KEYS,`__id`,,1,16,1,cHOAuz2qA9,京东自营【EXCEL】,,0.0,1.0,0,,1,1,0,1,0,0,0.0,不规范命名,共享数据,表级行数非零；表级行数 7/30 天波动；主键 `__id` 重复检查；商品编码/名称关键字段空值,被 1 个分析项目使用；有关联产出任务 1 个；任务下游数量 1；资源关系引用 1 次；存在 owner/任务负责人证据；有分区 1 个
P3,16.0,UD_3418004512502203_7KMUN_s1sjyz,Sheet1-数据验证,陶林强,陶林强,9802.0,504394.0,2,PRIMARY_KEYS,`__id`,,1,16,1,lfsbEVHkzb,Sheet1-数据验证【EXCEL】,,0.0,1.0,0,,1,1,0,1,0,0,73.0,不规范命名,我的数据,表级行数非零；表级行数 7/30 天波动；主键 `__id` 重复检查,被 1 个分析项目使用；有关联产出任务 1 个；任务下游数量 1；资源关系引用 1 次；存在 owner/任务负责人证据；有分区 1 个
P3,16.0,UD_3418004512502203_8UKGJ_n24npddtgsj,24年拼多多推广数据,包彦,陶林强,49147.0,3941849.0,32,PRIMARY_KEYS,`__id`,,1,16,1,G8KAhqRyAJ,24年拼多多推广数据【EXCEL】,,0.0,1.0,0,,1,1,0,1,0,0,0.0,不规范命名,共享数据,表级行数非零；表级行数 7/30 天波动；主键 `__id` 重复检查；推广费/投放指标非负与日期完整性,被 1 个分析项目使用；有关联产出任务 1 个；任务下游数量 1；资源关系引用 1 次；存在 owner/任务负责人证据；有分区 1 个
P3,16.0,UD_3418004512502203_FKUC9_tghfsj202310,推广花费数据20231001-20240201-推广2023.9.25-2024.2.1,包彦,陶林强,37538.0,2481984.0,21,PRIMARY_KEYS,`__id`,,1,16,1,HHOmJTxkXh,推广花费数据20231001-20240201-推广2023.9.25-2024.2.1【EXCEL】,,0.0,1.0,0,,1,1,0,1,0,0,0.0,不规范命名,共享数据,表级行数非零；表级行数 7/30 天波动；主键 `__id` 重复检查；推广费/投放指标非负与日期完整性,被 1 个分析项目使用；有关联产出任务 1 个；任务下游数量 1；资源关系引用 1 次；存在 owner/任务负责人证据；有分区 1 个
P3,16.0,ud_3418004512502203_rsgzbhjcbcfh,人事工资表合计成本拆分后数据,包彦,陶林强,600.0,272090.0,46,PRIMARY_KEYS,`__id`,,1,16,1,M8cdRd8Gk0,2.dwd人事数据清洗-人事工资表合计成本拆分后数据【刷新】,,0.0,1.0,0,,1,3,0,1,0,0,85.0,不规范命名,共享数据,表级行数非零；表级行数 7/30 天波动；主键 `__id` 重复检查；金额/费用字段非负与异常极值,被 1 个分析项目使用；有关联产出任务 1 个；任务下游数量 1；资源关系引用 1 次；存在 owner/任务负责人证据；有分区 1 个
P3,16.0,ud_3418004512502203_xhsdppcsj,小红书DWD_品牌词数据,包彦,陶林强,733.0,78714.0,10,PRIMARY_KEYS,`__id`,,1,16,1,QCwrFGoXV2,小红书STD_品牌词数据清洗-小红书DWD_品牌词数据【刷新】,,0.0,1.0,0,,1,1,0,1,0,0,35.0,不规范命名,共享数据,表级行数非零；表级行数 7/30 天波动；主键 `__id` 重复检查,被 1 个分析项目使用；有关联产出任务 1 个；任务下游数量 1；资源关系引用 1 次；存在 owner/任务负责人证据；有分区 1 个
P3,16.0,UD_4971200913022541_BN8N5_dyrlcbtbxs1,ODS_抖音_部门每日人力成本_填报,包彦,包彦,3.0,2887.0,4,PRIMARY_KEYS,`__id`,,1,4,1,9OsVTMiWWO,抖音人力成本填报.xlsx【钉盘接入】,2026-07-09 00:15:06,0.0,1.0,0,,1,1,0,1,0,0,0.0,不规范命名,共享数据,表级行数非零；表级行数 7/30 天波动；主键 `__id` 重复检查；金额/费用字段非负与异常极值,被 1 个分析项目使用；有关联产出任务 1 个；任务下游数量 1；资源关系引用 1 次；存在 owner/任务负责人证据；有分区 1 个
P3,16.0,UD_4971200913022541_J1K92_tmyccb,天猫异常成本,包彦,包彦,127.0,10135.0,5,PRIMARY_KEYS,`__id`,,1,4,1,IqsFDPu3rC,天猫异常成本【EXCEL】,,0.0,1.0,0,,1,1,0,1,0,0,0.0,不规范命名,我的数据,表级行数非零；表级行数 7/30 天波动；主键 `__id` 重复检查；金额/费用字段非负与异常极值；推广费/投放指标非负与日期完整性,被 1 个分析项目使用；有关联产出任务 1 个；任务下游数量 1；资源关系引用 1 次；存在 owner/任务负责人证据；有分区 1 个
P3,16.0,UD_4971200913022541_RP1FX_tmymqjdwxzd,天猫佑美旗舰店-微信账单,包彦,包彦,100694.0,11793008.0,16,PRIMARY_KEYS,`__id`,,1,4,1,VHANe7Z8fx,天猫佑美旗舰店-微信账单【EXCEL】,2026-06-25 13:51:07,100694.0,1.0,0,,1,1,0,1,0,0,13.0,不规范命名,共享数据,表级行数非零；表级行数 7/30 天波动；主键 `__id` 重复检查；推广费/投放指标非负与日期完整性,被 1 个分析项目使用；有关联产出任务 1 个；任务下游数量 1；资源关系引用 1 次；存在 owner/任务负责人证据；有分区 1 个
P3,16.0,UD_4971200913022541_U4YGS_tmymqjdwxzd2,天猫佑美旗舰店-微信账单(2),包彦,包彦,108652.0,12736028.0,16,PRIMARY_KEYS,`__id`,,1,4,1,YjKAJ2oDWU,天猫佑美旗舰店-微信账单(2)【EXCEL】,2026-06-25 13:54:07,108652.0,1.0,0,,1,1,0,1,0,0,13.0,不规范命名,共享数据,表级行数非零；表级行数 7/30 天波动；主键 `__id` 重复检查；推广费/投放指标非负与日期完整性,被 1 个分析项目使用；有关联产出任务 1 个；任务下游数量 1；资源关系引用 1 次；存在 owner/任务负责人证据；有分区 1 个
P3,16.0,UD_4971200913022541_WE26N_tmymqjdwxzd1,天猫佑美旗舰店-微信账单(1),包彦,包彦,107197.0,11967958.0,16,PRIMARY_KEYS,`__id`,,1,4,1,zP6ZNkrtLi,天猫佑美旗舰店-微信账单(1)【EXCEL】,2026-06-25 13:50:57,107197.0,1.0,0,,1,1,0,1,0,0,13.0,不规范命名,共享数据,表级行数非零；表级行数 7/30 天波动；主键 `__id` 重复检查；推广费/投放指标非负与日期完整性,被 1 个分析项目使用；有关联产出任务 1 个；任务下游数量 1；资源关系引用 1 次；存在 owner/任务负责人证据；有分区 1 个
P3,16.0,UD_5179579576634064_7K5LO_pddymzgsjxpd,拼多多佑美助攻数据.xlsx-拼多多助攻数据,李梦丽,李梦丽,511.0,69868.0,9,PRIMARY_KEYS,`__id`,,1,16,1,GuaYTuK1ju,拼多多佑美助攻数据.xlsx【钉盘接入】,2026-07-09 11:00:36,0.0,1.0,0,,1,1,0,1,0,0,0.0,不规范命名,共享数据,表级行数非零；表级行数 7/30 天波动；主键 `__id` 重复检查；商品编码/名称关键字段空值,被 1 个分析项目使用；有关联产出任务 1 个；任务下游数量 1；资源关系引用 1 次；存在 owner/任务负责人证据；有分区 1 个
P3,16.0,UD_5179579576634064_89GSE_pddkzgsjxpdd,拼多多KUS助攻数据.xlsx-拼多多助攻数据,李梦丽,李梦丽,5172.0,378367.0,9,PRIMARY_KEYS,`__id`,,1,16,1,bl8KDRRXZF,拼多多KUS助攻数据.xlsx【钉盘接入】,2026-07-09 11:00:38,0.0,1.0,0,,1,1,0,1,0,0,0.0,不规范命名,共享数据,表级行数非零；表级行数 7/30 天波动；主键 `__id` 重复检查；商品编码/名称关键字段空值,被 1 个分析项目使用；有关联产出任务 1 个；任务下游数量 1；资源关系引用 1 次；存在 owner/任务负责人证据；有分区 1 个
P3,16.0,UD_5179579576634064_GOJLX_jdjzzygfljhd,京东京造自营官方立减和单品返利.xlsx-京东京造自营官方立减单品返利,李梦丽,李梦丽,33020.0,1343066.0,6,PRIMARY_KEYS,`__id`,,1,16,1,C24ErlkvOM,京东京造自营官方立减和单品返利.xlsx【钉盘接入】,2026-07-09 11:00:39,0.0,1.0,0,,1,1,0,1,0,0,0.0,不规范命名,共享数据,表级行数非零；表级行数 7/30 天波动；主键 `__id` 重复检查；商品编码/名称关键字段空值,被 1 个分析项目使用；有关联产出任务 1 个；任务下游数量 1；资源关系引用 1 次；存在 owner/任务负责人证据；有分区 1 个
P3,16.0,UD_5179579576634064_H0A4O_pdddjzhbxpdd,拼多多大件综合表.xlsx-拼多多大件综合表,李梦丽,李梦丽,89.0,20498.0,5,PRIMARY_KEYS,`__id`,,1,16,1,QDq6r1Ee0P,拼多多大件综合表.xlsx【钉盘接入】,2026-07-09 13:00:12,0.0,1.0,0,,1,1,0,1,0,0,0.0,不规范命名,共享数据,表级行数非零；表级行数 7/30 天波动；主键 `__id` 重复检查,被 1 个分析项目使用；有关联产出任务 1 个；任务下游数量 1；资源关系引用 1 次；存在 owner/任务负责人证据；有分区 1 个
P3,16,ud_5179579576634064_ssxszbx,std_四小时总表-新,包彦,,97549.0,24842416.0,113,PRIMARY_KEYS,`__id`,,1,16,0,,,,0.0,0.0,0,,1,6,0,0,0,0,85.0,不规范命名,共享数据,表级行数非零；表级行数 7/30 天波动；主键 `__id` 重复检查；金额/费用字段非负与异常极值；退款/售后金额与数量范围；推广费/投放指标非负与日期完整性；商品编码/名称关键字段空值,资源关系引用 1 次；存在 owner/任务负责人证据；有分区 1 个；宽表字段数 113
P3,16.0,UD_5179579576634064_VMPYM_dyzhbxs2,抖音综合表.xlsx-Sheet2,李梦丽,李梦丽,1359.0,130586.0,10,PRIMARY_KEYS,`__id`,,1,4,1,LkqMfbyv8e,抖音综合表.xlsx【钉盘接入】,2026-07-09 11:00:35,0.0,2.0,0,,1,0,0,0,0,0,0.0,不规范命名,共享数据,表级行数非零；表级行数 7/30 天波动；主键 `__id` 重复检查；商品编码/名称关键字段空值,有关联产出任务 1 个；任务下游数量 2；资源关系引用 1 次；存在 owner/任务负责人证据；有分区 1 个
P3,16.0,UD_6816162936700995_HP4G4_djspbmgxfbjf,大件商品编码干线费保价费.xlsx-Sheet1,蒋秀坤,蒋秀坤,360.0,20694.0,6,PRIMARY_KEYS,`__id`,,1,4,1,H4wtwC5jv4,大件商品编码干线费保价费.xlsx【钉盘接入】,2026-07-09 02:01:05,0.0,1.0,0,,1,1,0,1,0,0,0.0,不规范命名,共享数据,表级行数非零；表级行数 7/30 天波动；主键 `__id` 重复检查；商品编码/名称关键字段空值,被 1 个分析项目使用；有关联产出任务 1 个；任务下游数量 1；资源关系引用 1 次；存在 owner/任务负责人证据；有分区 1 个
P3,16.0,UD_6816162936700995_J1888_zyjzyfnpfwhb,自营京造运费内配费维护表.xlsx-Sheet1,蒋秀坤,蒋秀坤,10.0,6105.0,6,PRIMARY_KEYS,`__id`,,1,4,1,VTqURg6DoQ,自营京造运费内配费维护表.xlsx【钉盘接入】,2026-07-09 09:00:08,0.0,1.0,0,,1,1,0,1,0,0,0.0,不规范命名,共享数据,表级行数非零；表级行数 7/30 天波动；主键 `__id` 重复检查；商品编码/名称关键字段空值,被 1 个分析项目使用；有关联产出任务 1 个；任务下游数量 1；资源关系引用 1 次；存在 owner/任务负责人证据；有分区 1 个
P3,16.0,xiaohongshupinpaici_shoutaosousuoxiangguan,小红书品牌词数据,包彦,陶林强,87943.0,3498673.0,15,PRIMARY_KEYS,`__id`,,1,16,1,a4s7tMYvgJ,小红书品牌词数据【迁移】,,0.0,1.0,0,,1,1,0,1,0,0,85.0,不规范命名,共享数据,表级行数非零；表级行数 7/30 天波动；主键 `__id` 重复检查；商品编码/名称关键字段空值,被 1 个分析项目使用；有关联产出任务 1 个；任务下游数量 1；资源关系引用 1 次；存在 owner/任务负责人证据；有分区 1 个
P3,16.0,xiaohongshupinpaicituiguangxiangguan,小红书品牌词数据_关键词推广,包彦,陶林强,11573.0,527666.0,15,PRIMARY_KEYS,`__id`,,1,16,1,xxuOt7K1XN,小红书品牌词数据_关键词推广【迁移】,,0.0,1.0,0,,1,1,0,1,0,0,85.0,不规范命名,共享数据,表级行数非零；表级行数 7/30 天波动；主键 `__id` 重复检查；推广费/投放指标非负与日期完整性；商品编码/名称关键字段空值,被 1 个分析项目使用；有关联产出任务 1 个；任务下游数量 1；资源关系引用 1 次；存在 owner/任务负责人证据；有分区 1 个
P3,16.0,xiaohongshuyuedujihuabiao,小红书月度计划表,包彦,陶林强,182.0,30483.0,9,PRIMARY_KEYS,`__id`,,1,16,1,X7Mp7d7ixH,小红书月度计划表【迁移】,,0.0,1.0,0,,1,1,0,1,0,0,72.0,不规范命名,共享数据,表级行数非零；表级行数 7/30 天波动；主键 `__id` 重复检查,被 1 个分析项目使用；有关联产出任务 1 个；任务下游数量 1；资源关系引用 1 次；存在 owner/任务负责人证据；有分区 1 个
P3,16.0,xinicangmingcheng,虚拟仓名称,包彦,陶林强,17671.0,886602.0,4,PRIMARY_KEYS,`__id`,,1,16,1,yyQ58Qut6w,虚拟仓名称【迁移】,,0.0,1.0,0,,1,1,0,1,0,0,0.0,不规范命名,共享数据,表级行数非零；表级行数 7/30 天波动；主键 `__id` 重复检查；商品编码/名称关键字段空值,被 1 个分析项目使用；有关联产出任务 1 个；任务下游数量 1；资源关系引用 1 次；存在 owner/任务负责人证据；有分区 1 个
P3,16.0,xuyaocahifendianpu,需要拆分店铺,包彦,陶林强,16182.0,190412.0,3,PRIMARY_KEYS,`__id`,,1,16,1,9As5uymur5,需要拆分店铺【迁移】,,0.0,1.0,0,,1,1,0,1,0,0,29.0,不规范命名,共享数据,表级行数非零；表级行数 7/30 天波动；主键 `__id` 重复检查；店铺标识关键字段空值,被 1 个分析项目使用；有关联产出任务 1 个；任务下游数量 1；资源关系引用 1 次；存在 owner/任务负责人证据；有分区 1 个
P3,16.0,youmeizhugong,拼多多佑美助攻数据,包彦,陶林强,1210.0,96412.0,12,PRIMARY_KEYS,`__id`,,1,16,1,aFcz2q540E,拼多多佑美助攻数据【迁移】,,0.0,1.0,0,,1,1,0,1,0,0,84.0,不规范命名,共享数据,表级行数非零；表级行数 7/30 天波动；主键 `__id` 重复检查；商品编码/名称关键字段空值；店铺标识关键字段空值,被 1 个分析项目使用；有关联产出任务 1 个；任务下游数量 1；资源关系引用 1 次；存在 owner/任务负责人证据；有分区 1 个
P3,16.0,yuangongxinzizonghebiao,人事_员工薪资综合表,包彦,陶林强,289.0,136378.0,37,PRIMARY_KEYS,`__id`,,1,16,1,Xwgn1sQYNb,人事_员工薪资综合表【迁移】,,0.0,1.0,0,,1,1,0,1,0,0,85.0,不规范命名,共享数据,表级行数非零；表级行数 7/30 天波动；主键 `__id` 重复检查；金额/费用字段非负与异常极值,被 1 个分析项目使用；有关联产出任务 1 个；任务下游数量 1；资源关系引用 1 次；存在 owner/任务负责人证据；有分区 1 个
P3,16.0,zhinnegbumencahifenbiao,人事_职能部门拆分表,包彦,陶林强,508.0,52419.0,9,PRIMARY_KEYS,`__id`,,1,16,1,ga4Efyqb7g,人事_职能部门拆分表【迁移】,,0.0,1.0,0,,1,1,0,1,0,0,85.0,不规范命名,共享数据,表级行数非零；表级行数 7/30 天波动；主键 `__id` 重复检查,被 1 个分析项目使用；有关联产出任务 1 个；任务下游数量 1；资源关系引用 1 次；存在 owner/任务负责人证据；有分区 1 个
P3,16.0,zhongdianpinpaimingtongji,天猫-重点品排名统计-日排名,包彦,李梦丽,111113.0,2966935.0,14,PRIMARY_KEYS,`__id`,,1,4,1,kRaOyaiXTH,天猫-重点品排名统计-日排名【迁移】,2026-07-09 11:15:37,111113.0,1.0,0,,1,2,0,1,0,0,0.0,不规范命名,共享数据,表级行数非零；表级行数 7/30 天波动；主键 `__id` 重复检查；商品编码/名称关键字段空值,被 1 个分析项目使用；有关联产出任务 1 个；任务下游数量 1；资源关系引用 1 次；存在 owner/任务负责人证据；有分区 1 个
P3,15,caiwukustianmaoweixinzhangdan,财务天猫kus微信账单,包彦,李梦丽,60542.0,5351132.0,9,PRIMARY_KEYS,`__id`,,1,16,1,ik40p4CIIX,财务天猫kus微信账单【迁移】,,0.0,0.0,0,,1,1,0,1,0,0,85.0,不规范命名,共享数据,表级行数非零；表级行数 7/30 天波动；主键 `__id` 重复检查；金额/费用字段非负与异常极值,被 1 个分析项目使用；有关联产出任务 1 个；资源关系引用 1 次；存在 owner/任务负责人证据；有分区 1 个
P3,15,caiwukustianmaozhifubaochengyuyou,财务天猫kus支付宝账单-橙与柚,包彦,李梦丽,636756.0,104476342.0,24,PRIMARY_KEYS,`__id`,,1,16,1,hHe4KW7LJq,财务天猫kus支付宝账单-橙与柚【迁移】,,0.0,0.0,0,,1,1,0,1,0,0,85.0,不规范命名,共享数据,表级行数非零；表级行数 7/30 天波动；主键 `__id` 重复检查；金额/费用字段非负与异常极值；退款/售后金额与数量范围；商品编码/名称关键字段空值,被 1 个分析项目使用；有关联产出任务 1 个；资源关系引用 1 次；存在 owner/任务负责人证据；有分区 1 个
P3,15,caiwutianmaokusbaozhengjin,财务天猫kus保证金账单,包彦,李梦丽,20281.0,1306150.0,11,PRIMARY_KEYS,`__id`,,1,16,1,sR69qZ1iGd,财务天猫kus保证金账单【迁移】,,0.0,0.0,0,,1,1,0,1,0,0,33.0,不规范命名,共享数据,表级行数非零；表级行数 7/30 天波动；主键 `__id` 重复检查；金额/费用字段非负与异常极值,被 1 个分析项目使用；有关联产出任务 1 个；资源关系引用 1 次；存在 owner/任务负责人证据；有分区 1 个
P3,15,caiwutianmaokuszhifubaozhangdanhanbo,财务天猫kus支付宝账单-翰博,包彦,李梦丽,94.0,68389.0,21,PRIMARY_KEYS,`__id`,,1,16,1,OOQV2ZFBsR,财务天猫kus支付宝账单-翰博【迁移】,,0.0,0.0,0,,1,1,0,1,0,0,85.0,不规范命名,共享数据,表级行数非零；表级行数 7/30 天波动；主键 `__id` 重复检查；金额/费用字段非负与异常极值；退款/售后金额与数量范围；商品编码/名称关键字段空值,被 1 个分析项目使用；有关联产出任务 1 个；资源关系引用 1 次；存在 owner/任务负责人证据；有分区 1 个
P3,15,douyinqaunyutoufangtuizhibo,ODS_抖音_全域投放推直播_RPA,李梦丽,李梦丽,1750.0,81152.0,20,PRIMARY_KEYS,`__id`,,1,4,1,cB673YnZBd,抖音-全域投放推直播【迁移】,2026-07-09 00:00:05,0.0,0.0,0,,1,1,0,1,0,0,36.0,不规范命名,共享数据,表级行数非零；表级行数 7/30 天波动；主键 `__id` 重复检查；金额/费用字段非负与异常极值；退款/售后金额与数量范围；推广费/投放指标非负与日期完整性,被 1 个分析项目使用；有关联产出任务 1 个；资源关系引用 1 次；存在 owner/任务负责人证据；有分区 1 个
P3,15.0,gfYhTdt_b67c2e1078694ddab8da778be6d9578d,指标字典,包彦,包彦,1818.0,238823.0,18,PRIMARY_KEYS,`__id`,,1,4,1,0Kg582Zpxb,指标字典（钉钉表格）【在线表格接入】,2026-07-09 04:45:33,1818.0,1.0,0,,1,0,0,0,0,0,0.0,不规范命名,共享数据,表级行数非零；表级行数 7/30 天波动；主键 `__id` 重复检查,有关联产出任务 1 个；任务下游数量 1；资源关系引用 1 次；存在 owner/任务负责人证据；有分区 1 个
P3,15.0,iuPndoH_c12c668276684b14a61ee53e2af017ad,数仓字典,包彦,包彦,47.0,35932.0,14,PRIMARY_KEYS,`__id`,,1,4,1,UlMr0SMMeP,数仓字典（钉钉表格）【在线表格接入】,2026-07-09 04:45:17,47.0,1.0,0,,1,0,0,0,0,0,37.0,不规范命名,共享数据,表级行数非零；表级行数 7/30 天波动；主键 `__id` 重复检查；推广费/投放指标非负与日期完整性,有关联产出任务 1 个；任务下游数量 1；资源关系引用 1 次；存在 owner/任务负责人证据；有分区 1 个
P3,15.0,ods_api_dingtalk_dept_info_du,ODS_部门信息表(钉钉API),管理员,管理员,28845.0,4635972.0,15,PRIMARY_KEYS,"`dt`, `__id`",`dt`,219,438,1,LwwtcWiARk,ODS_部门信息表(钉钉API)【连接器】,2026-07-09 02:01:37,153.0,1.0,0,,1,0,0,0,0,0,0.0,ods,共享数据,"表级行数非零；表级行数 7/30 天波动；最新分区 `dt` 非空/及时；主键 `dt`, `__id` 重复检查；推广费/投放指标非负与日期完整性；店铺标识关键字段空值；原始 API 记录落地完整性",有关联产出任务 1 个；任务下游数量 1；资源关系引用 1 次；存在 owner/任务负责人证据；有分区 219 个
P3,15.0,ods_api_jingdong_aftersale_apply_order_info_du,ODS_退款审核单信息表(京东API),管理员,陶林强,28504.0,13788302.0,19,PRIMARY_KEYS,"`dt`, `__id`",`dt`,495,990,1,JkaIHLpQHr,ODS_退款审核单信息表(京东API)【连接器】,2026-07-09 02:10:28,85.0,1.0,0,,1,0,0,0,0,0,0.0,ods,共享数据,"表级行数非零；表级行数 7/30 天波动；最新分区 `dt` 非空/及时；主键 `dt`, `__id` 重复检查；退款/售后金额与数量范围；店铺标识关键字段空值；原始 API 记录落地完整性",有关联产出任务 1 个；任务下游数量 1；资源关系引用 1 次；存在 owner/任务负责人证据；有分区 495 个
P3,15.0,ods_api_jingdong_aftersale_apply_order_list_info_du,ODS_退款审核单列表信息表(京东API),管理员,陶林强,9683.0,6130584.0,21,PRIMARY_KEYS,"`dt`, `__id`",`dt`,271,542,1,TjeGZZTJXc,ODS_退款审核单列表信息表(京东API)【连接器】,2026-07-09 02:02:47,84.0,1.0,0,,1,0,0,0,0,0,85.0,ods,共享数据,"表级行数非零；表级行数 7/30 天波动；最新分区 `dt` 非空/及时；主键 `dt`, `__id` 重复检查；退款/售后金额与数量范围；店铺标识关键字段空值；原始 API 记录落地完整性",有关联产出任务 1 个；任务下游数量 1；资源关系引用 1 次；存在 owner/任务负责人证据；有分区 271 个
P3,15.0,ods_api_jingdong_aftersale_cancel_order_detail_du,ODS_取消订单退款审核单详情信息表(京东API),管理员,管理员,9040.0,6887558.0,21,PRIMARY_KEYS,"`dt`, `__id`",`dt`,218,436,1,Odc1Z9DrJi,ODS_取消订单退款审核单详情信息表(京东API)【连接器】,2026-07-09 10:06:29,82.0,1.0,0,,1,0,0,0,0,0,0.0,ods,共享数据,"表级行数非零；表级行数 7/30 天波动；最新分区 `dt` 非空/及时；主键 `dt`, `__id` 重复检查；退款/售后金额与数量范围；商品编码/名称关键字段空值；店铺标识关键字段空值；原始 API 记录落地完整性",有关联产出任务 1 个；任务下游数量 1；资源关系引用 1 次；存在 owner/任务负责人证据；有分区 218 个
P3,15.0,ods_api_jingdong_aftersale_order_detail_info_du,ODS_查询售后退款详情接口信息表(京东API),管理员,陶林强,19148.0,6051726.0,10,PRIMARY_KEYS,"`dt`, `__id`",`dt`,495,990,1,6Fg1AAybwA,ODS_查询售后退款详情接口信息表(京东API)【连接器】,2026-07-09 10:05:18,72.0,1.0,0,,1,0,0,0,0,0,0.0,ods,共享数据,"表级行数非零；表级行数 7/30 天波动；最新分区 `dt` 非空/及时；主键 `dt`, `__id` 重复检查；退款/售后金额与数量范围；店铺标识关键字段空值；原始 API 记录落地完整性",有关联产出任务 1 个；任务下游数量 1；资源关系引用 1 次；存在 owner/任务负责人证据；有分区 495 个
P3,15.0,ods_api_jingdong_asc_query_list_info_du,ODS_售后服务单列表信息表(京东API),管理员,陶林强,19661.0,31336089.0,49,PRIMARY_KEYS,"`dt`, `__id`",`dt`,494,988,1,H0aM3iCUSu,ODS_售后服务单列表信息表(京东API)【连接器】,2026-07-09 02:11:18,75.0,1.0,0,,1,0,0,0,0,0,0.0,ods,共享数据,"表级行数非零；表级行数 7/30 天波动；最新分区 `dt` 非空/及时；主键 `dt`, `__id` 重复检查；金额/费用字段非负与异常极值；退款/售后金额与数量范围；推广费/投放指标非负与日期完整性；商品编码/名称关键字段空值；店铺标识关键字段空值；原始 API 记录落地完整性",有关联产出任务 1 个；任务下游数量 1；资源关系引用 1 次；存在 owner/任务负责人证据；有分区 494 个
P3,15.0,ods_api_jingdong_shop_info_du,ODS_店铺信息表(京东API),管理员,陶林强,271.0,493361.0,11,PRIMARY_KEYS,"`dt`, `__id`",`dt`,271,542,1,ldusMaNUnC,ODS_店铺信息表(京东API)【连接器】,2026-07-09 02:11:33,1.0,1.0,0,,1,0,0,0,0,0,85.0,ods,共享数据,"表级行数非零；表级行数 7/30 天波动；最新分区 `dt` 非空/及时；主键 `dt`, `__id` 重复检查；店铺标识关键字段空值；原始 API 记录落地完整性",有关联产出任务 1 个；任务下游数量 1；资源关系引用 1 次；存在 owner/任务负责人证据；有分区 271 个
P3,15.0,ods_api_jingdong_vender_category_get_full_valid_category_result_info_du,ODS_查询商家所有有效经营类目信息表(京东API),管理员,陶林强,103272.0,12903430.0,19,PRIMARY_KEYS,"`dt`, `__id`",`dt`,271,542,1,nCgN4WXJw4,ODS_查询商家所有有效经营类目信息表(京东API)【连接器】,2026-07-09 02:01:33,457.0,1.0,0,,1,0,0,0,0,0,85.0,ods,共享数据,"表级行数非零；表级行数 7/30 天波动；最新分区 `dt` 非空/及时；主键 `dt`, `__id` 重复检查；店铺标识关键字段空值；原始 API 记录落地完整性",有关联产出任务 1 个；任务下游数量 1；资源关系引用 1 次；存在 owner/任务负责人证据；有分区 271 个
P3,15,ods_api_jlqc_account_balance_info_du,ODS_账户余额信息表(巨量千川API),李梦丽,李梦丽,1458.0,350289.0,19,PRIMARY_KEYS,"`dt`, `__id`",`dt`,28,28,1,opekYdkHm5,ODS_账户余额信息表(巨量千川API)【连接器】,2026-07-09 02:07:17,44.0,0.0,0,,1,1,0,1,0,0,0.0,ods,共享数据,"表级行数非零；表级行数 7/30 天波动；最新分区 `dt` 非空/及时；主键 `dt`, `__id` 重复检查；推广费/投放指标非负与日期完整性；店铺标识关键字段空值；原始 API 记录落地完整性",被 1 个分析项目使用；有关联产出任务 1 个；资源关系引用 1 次；存在 owner/任务负责人证据；有分区 28 个
P3,15,ods_api_jlqc_account_wallet_info_du,ODS_账户钱包信息表(巨量千川API),李梦丽,李梦丽,1468.0,594709.0,37,PRIMARY_KEYS,"`dt`, `__id`",`dt`,29,29,1,dz4ia55eXe,ODS_账户钱包信息表(巨量千川API)【连接器】,2026-07-09 02:07:18,44.0,0.0,0,,1,1,0,1,0,0,0.0,ods,共享数据,"表级行数非零；表级行数 7/30 天波动；最新分区 `dt` 非空/及时；主键 `dt`, `__id` 重复检查；推广费/投放指标非负与日期完整性；店铺标识关键字段空值；原始 API 记录落地完整性",被 1 个分析项目使用；有关联产出任务 1 个；资源关系引用 1 次；存在 owner/任务负责人证据；有分区 29 个
P3,15,ods_api_jlqc_douyin_account_info_du_old,ODS_抖音账号信息表(巨量千川API)_旧,包彦,陶林强,21842.0,7472516.0,18,PRIMARY_KEYS,"`dt`, `__id`",`dt`,371,742,1,ky67Hch9PL,ODS_抖音账号信息表(巨量千川API)【连接器】,2026-07-09 10:00:38,31.0,0.0,0,,1,1,0,1,0,0,27.0,ods,共享数据,"表级行数非零；表级行数 7/30 天波动；最新分区 `dt` 非空/及时；主键 `dt`, `__id` 重复检查；推广费/投放指标非负与日期完整性；店铺标识关键字段空值；原始 API 记录落地完整性",被 1 个分析项目使用；有关联产出任务 1 个；资源关系引用 1 次；存在 owner/任务负责人证据；有分区 371 个
P3,15,ods_api_jlqc_shop_adv_account_info_du,ODS_店铺广告账号信息表(巨量千川API),包彦,包彦,2260.0,299570.0,9,PRIMARY_KEYS,"`dt`, `__id`",`dt`,43,43,1,VG6hTgH8ep,ODS_店铺广告账号信息表(巨量千川API)【连接器】,2026-07-09 01:06:02,44.0,0.0,0,,1,1,0,1,0,0,0.0,ods,共享数据,"表级行数非零；表级行数 7/30 天波动；最新分区 `dt` 非空/及时；主键 `dt`, `__id` 重复检查；推广费/投放指标非负与日期完整性；店铺标识关键字段空值；原始 API 记录落地完整性",被 1 个分析项目使用；有关联产出任务 1 个；资源关系引用 1 次；存在 owner/任务负责人证据；有分区 43 个
P3,15.0,ods_api_jstbz_check_info_du,ODS_盘点信息表(聚水潭标准API),管理员,管理员,1640.0,4213206.0,20,PRIMARY_KEYS,"`dt`, `__id`",`dt`,206,412,1,6BQb1EK2vg,ODS_盘点信息表(聚水潭标准API)【连接器】,2026-07-09 02:05:11,12.0,1.0,0,,1,0,0,0,0,0,0.0,ods,共享数据,"表级行数非零；表级行数 7/30 天波动；最新分区 `dt` 非空/及时；主键 `dt`, `__id` 重复检查；店铺标识关键字段空值；原始 API 记录落地完整性",有关联产出任务 1 个；任务下游数量 1；资源关系引用 1 次；存在 owner/任务负责人证据；有分区 206 个
P3,15.0,ods_api_jstbz_distributor_info_du,ODS_分销商信息表(新)(聚水潭标准API),管理员,管理员,654.0,1794704.0,22,PRIMARY_KEYS,"`dt`, `__id`",`dt`,218,436,1,o4QpIYi9z1,ODS_分销商信息表(新)(聚水潭标准API)【连接器】,2026-07-09 02:01:12,3.0,1.0,0,,1,0,0,0,0,0,0.0,ods,共享数据,"表级行数非零；表级行数 7/30 天波动；最新分区 `dt` 非空/及时；主键 `dt`, `__id` 重复检查；店铺标识关键字段空值；原始 API 记录落地完整性",有关联产出任务 1 个；任务下游数量 1；资源关系引用 1 次；存在 owner/任务负责人证据；有分区 218 个
P3,15.0,ods_api_jstbz_logistics_info_du,ODS_物流档案信息表(聚水潭标准API),管理员,管理员,119173.0,12718259.0,9,PRIMARY_KEYS,"`dt`, `__id`",`dt`,218,436,1,QugXPtERNB,ODS_物流档案信息表(聚水潭标准API)【连接器】,2026-07-09 02:04:27,639.0,1.0,0,,1,0,0,0,0,0,0.0,ods,共享数据,"表级行数非零；表级行数 7/30 天波动；最新分区 `dt` 非空/及时；主键 `dt`, `__id` 重复检查；店铺标识关键字段空值；原始 API 记录落地完整性",有关联产出任务 1 个；任务下游数量 1；资源关系引用 1 次；存在 owner/任务负责人证据；有分区 218 个
P3,15.0,ods_api_jstbz_other_iostock_info_du,ODS_其他出入库信息表(聚水潭标准API),管理员,管理员,17389.0,11071550.0,37,PRIMARY_KEYS,"`dt`, `__id`",`dt`,211,422,1,14eIM5K5CX,ODS_其他出入库信息表(聚水潭标准API)【连接器】,2026-07-09 02:11:17,417.0,1.0,0,,1,0,0,0,0,0,0.0,ods,共享数据,"表级行数非零；表级行数 7/30 天波动；最新分区 `dt` 非空/及时；主键 `dt`, `__id` 重复检查；推广费/投放指标非负与日期完整性；店铺标识关键字段空值；原始 API 记录落地完整性",有关联产出任务 1 个；任务下游数量 1；资源关系引用 1 次；存在 owner/任务负责人证据；有分区 211 个
P3,15.0,ods_api_jstbz_pre_purchase_instock_info_du,ODS_预约采购入库信息表(聚水潭标准API),管理员,管理员,672.0,744845.0,20,PRIMARY_KEYS,"`dt`, `__id`",`dt`,64,128,1,ZReqtHGc8n,ODS_预约采购入库信息表(聚水潭标准API)【连接器】,2026-07-09 02:01:37,0.0,1.0,0,,1,0,0,0,0,0,0.0,ods,共享数据,"表级行数非零；表级行数 7/30 天波动；最新分区 `dt` 非空/及时；主键 `dt`, `__id` 重复检查；推广费/投放指标非负与日期完整性；店铺标识关键字段空值；原始 API 记录落地完整性",有关联产出任务 1 个；任务下游数量 1；资源关系引用 1 次；存在 owner/任务负责人证据；有分区 64 个
P3,15.0,ods_api_jstbz_product_category_info_du,ODS_商品类目信息表(聚水潭标准API),管理员,管理员,847.0,957863.0,10,PRIMARY_KEYS,"`dt`, `__id`",`dt`,218,436,1,3GMd3r9HVW,ODS_商品类目信息表(聚水潭标准API)【连接器】,2026-07-09 02:05:12,10.0,1.0,0,,1,0,0,0,0,0,0.0,ods,共享数据,"表级行数非零；表级行数 7/30 天波动；最新分区 `dt` 非空/及时；主键 `dt`, `__id` 重复检查；商品编码/名称关键字段空值；店铺标识关键字段空值；原始 API 记录落地完整性",有关联产出任务 1 个；任务下游数量 1；资源关系引用 1 次；存在 owner/任务负责人证据；有分区 218 个
P3,15.0,ods_api_jstbz_product_item_info_du,ODS_商品款式信息表(聚水潭标准API),管理员,管理员,11350.0,100662998.0,34,PRIMARY_KEYS,"`dt`, `__id`",`dt`,190,380,1,NNwdwfi3qc,ODS_商品款式信息表(聚水潭标准API)【连接器】,2026-07-09 02:20:17,188.0,1.0,0,,1,0,0,0,0,0,0.0,ods,共享数据,"表级行数非零；表级行数 7/30 天波动；最新分区 `dt` 非空/及时；主键 `dt`, `__id` 重复检查；金额/费用字段非负与异常极值；商品编码/名称关键字段空值；店铺标识关键字段空值；原始 API 记录落地完整性",有关联产出任务 1 个；任务下游数量 1；资源关系引用 1 次；存在 owner/任务负责人证据；有分区 190 个
P3,15.0,ods_api_jstbz_provider_info_du,ODS_供应商信息表(聚水潭标准API),管理员,管理员,164093.0,29302894.0,19,PRIMARY_KEYS,"`dt`, `__id`",`dt`,218,436,1,3LqIzyM6dE,ODS_供应商信息表(聚水潭标准API)【连接器】,2026-07-09 02:02:46,813.0,1.0,0,,1,0,0,0,0,0,0.0,ods,共享数据,"表级行数非零；表级行数 7/30 天波动；最新分区 `dt` 非空/及时；主键 `dt`, `__id` 重复检查；店铺标识关键字段空值；原始 API 记录落地完整性",有关联产出任务 1 个；任务下游数量 1；资源关系引用 1 次；存在 owner/任务负责人证据；有分区 218 个
P3,15.0,ods_api_jstbz_purchase_return_info_du,ODS_采购退货信息表(聚水潭标准API),管理员,管理员,3319.0,8009692.0,33,PRIMARY_KEYS,"`dt`, `__id`",`dt`,182,364,1,0DAftT2P6k,ODS_采购退货信息表(聚水潭标准API)【连接器】,2026-07-09 02:11:32,190.0,1.0,0,,1,0,0,0,0,0,0.0,ods,共享数据,"表级行数非零；表级行数 7/30 天波动；最新分区 `dt` 非空/及时；主键 `dt`, `__id` 重复检查；金额/费用字段非负与异常极值；退款/售后金额与数量范围；推广费/投放指标非负与日期完整性；店铺标识关键字段空值；原始 API 记录落地完整性",有关联产出任务 1 个；任务下游数量 1；资源关系引用 1 次；存在 owner/任务负责人证据；有分区 182 个
P3,15.0,ods_api_jstbz_sale_withdrawal_info_du,ODS_销售退仓信息表(聚水潭标准API),管理员,管理员,810288.0,334044580.0,30,PRIMARY_KEYS,"`dt`, `__id`",`dt`,218,436,1,4QKKuZtL0m,ODS_销售退仓信息表(聚水潭标准API)【连接器】,2026-07-09 02:08:37,8167.0,1.0,0,,1,0,0,0,0,0,0.0,ods,共享数据,"表级行数非零；表级行数 7/30 天波动；最新分区 `dt` 非空/及时；主键 `dt`, `__id` 重复检查；退款/售后金额与数量范围；店铺标识关键字段空值；原始 API 记录落地完整性",有关联产出任务 1 个；任务下游数量 1；资源关系引用 1 次；存在 owner/任务负责人证据；有分区 218 个
P3,15.0,ods_api_jstbz_shop_info_du,ODS_店铺信息表(聚水潭标准API),管理员,管理员,23762.0,8883001.0,19,PRIMARY_KEYS,"`dt`, `__id`",`dt`,218,436,1,nZ4ySu9LGK,ODS_店铺信息表(聚水潭标准API)【连接器】,2026-07-09 02:01:12,106.0,1.0,0,,1,0,0,0,0,0,0.0,ods,共享数据,"表级行数非零；表级行数 7/30 天波动；最新分区 `dt` 非空/及时；主键 `dt`, `__id` 重复检查；店铺标识关键字段空值；原始 API 记录落地完整性",有关联产出任务 1 个；任务下游数量 1；资源关系引用 1 次；存在 owner/任务负责人证据；有分区 218 个
P3,15.0,ods_api_jstbz_suite_product_info_du,ODS_组合商品信息表(聚水潭标准API),管理员,管理员,5266.0,3345206.0,25,PRIMARY_KEYS,"`dt`, `__id`",`dt`,170,340,1,mZ88vVf1yI,ODS_组合商品信息表(聚水潭标准API)【连接器】,2026-07-09 01:00:26,125.0,1.0,0,,1,0,0,0,0,0,0.0,ods,共享数据,"表级行数非零；表级行数 7/30 天波动；最新分区 `dt` 非空/及时；主键 `dt`, `__id` 重复检查；金额/费用字段非负与异常极值；商品编码/名称关键字段空值；店铺标识关键字段空值；原始 API 记录落地完整性",有关联产出任务 1 个；任务下游数量 1；资源关系引用 1 次；存在 owner/任务负责人证据；有分区 170 个
P3,15.0,ods_api_jstbz_transfer_info_du,ODS_调拨信息表(聚水潭标准API),管理员,管理员,24286.0,36111556.0,38,PRIMARY_KEYS,"`dt`, `__id`",`dt`,218,436,1,TtaqMDnfy8,ODS_调拨信息表(聚水潭标准API)【连接器】,2026-07-09 02:01:42,236.0,1.0,0,,1,0,0,0,0,0,0.0,ods,共享数据,"表级行数非零；表级行数 7/30 天波动；最新分区 `dt` 非空/及时；主键 `dt`, `__id` 重复检查；推广费/投放指标非负与日期完整性；店铺标识关键字段空值；原始 API 记录落地完整性",有关联产出任务 1 个；任务下游数量 1；资源关系引用 1 次；存在 owner/任务负责人证据；有分区 218 个
P3,15.0,ods_api_jstbz_user_info_du,ODS_商家用户信息表(聚水潭标准API),管理员,管理员,63695.0,12187992.0,11,PRIMARY_KEYS,"`dt`, `__id`",`dt`,218,436,1,fHaIt0Ud10,ODS_商家用户信息表(聚水潭标准API)【连接器】,2026-07-09 02:03:12,312.0,1.0,0,,1,0,0,0,0,0,0.0,ods,共享数据,"表级行数非零；表级行数 7/30 天波动；最新分区 `dt` 非空/及时；主键 `dt`, `__id` 重复检查；店铺标识关键字段空值；原始 API 记录落地完整性",有关联产出任务 1 个；任务下游数量 1；资源关系引用 1 次；存在 owner/任务负责人证据；有分区 218 个
P3,15.0,ods_api_jstbz_virtual_warehouse_info_du,ODS_虚拟仓库信息表(聚水潭标准API),管理员,管理员,2905.0,1275002.0,11,PRIMARY_KEYS,"`dt`, `__id`",`dt`,218,436,1,z9OUWZA9Nb,ODS_虚拟仓库信息表(聚水潭标准API)【连接器】,2026-07-09 02:11:23,14.0,1.0,0,,1,0,0,0,0,0,0.0,ods,共享数据,"表级行数非零；表级行数 7/30 天波动；最新分区 `dt` 非空/及时；主键 `dt`, `__id` 重复检查；店铺标识关键字段空值；原始 API 记录落地完整性",有关联产出任务 1 个；任务下游数量 1；资源关系引用 1 次；存在 owner/任务负责人证据；有分区 218 个
P3,15.0,ods_api_jstbz_virtualwh_stock_info_du,ODS_虚拟仓库存信息表(聚水潭标准API),管理员,管理员,743880.0,96287323.0,8,PRIMARY_KEYS,"`dt`, `__id`",`dt`,218,436,1,jAeKNi0xYr,ODS_虚拟仓库存信息表(聚水潭标准API)【连接器】,2026-07-09 02:13:52,4038.0,1.0,0,,1,0,0,0,0,0,0.0,ods,共享数据,"表级行数非零；表级行数 7/30 天波动；最新分区 `dt` 非空/及时；主键 `dt`, `__id` 重复检查；商品编码/名称关键字段空值；店铺标识关键字段空值；原始 API 记录落地完整性",有关联产出任务 1 个；任务下游数量 1；资源关系引用 1 次；存在 owner/任务负责人证据；有分区 218 个
P3,15.0,ods_api_jstbz_virtualwh_transfer_info_du,ODS_虚拟仓调拨信息表(聚水潭标准API),管理员,管理员,3289.0,9046218.0,21,PRIMARY_KEYS,"`dt`, `__id`",`dt`,217,434,1,lnuOD1VBfW,ODS_虚拟仓调拨信息表(聚水潭标准API)【连接器】,2026-07-09 14:00:23,9.0,1.0,0,,1,0,0,0,0,0,0.0,ods,共享数据,"表级行数非零；表级行数 7/30 天波动；最新分区 `dt` 非空/及时；主键 `dt`, `__id` 重复检查；店铺标识关键字段空值；原始 API 记录落地完整性",有关联产出任务 1 个；任务下游数量 1；资源关系引用 1 次；存在 owner/任务负责人证据；有分区 217 个
P3,15.0,ods_api_jstbz_warehouse_info_du,ODS_仓库信息表(聚水潭标准API),管理员,管理员,3773.0,1610394.0,13,PRIMARY_KEYS,"`dt`, `__id`",`dt`,218,436,1,eB6dDRNwGN,ODS_仓库信息表(聚水潭标准API)【连接器】,2026-07-09 01:00:16,20.0,1.0,0,,1,0,0,0,0,0,0.0,ods,共享数据,"表级行数非零；表级行数 7/30 天波动；最新分区 `dt` 非空/及时；主键 `dt`, `__id` 重复检查；店铺标识关键字段空值；原始 API 记录落地完整性",有关联产出任务 1 个；任务下游数量 1；资源关系引用 1 次；存在 owner/任务负责人证据；有分区 218 个
P3,15,ods_api_jstqm_shop_product_info_du,ODS_店铺商品信息表(聚水潭奇门API),李梦丽,李梦丽,458467.0,130713372.0,26,PRIMARY_KEYS,"`dt`, `__id`",`dt`,37,37,1,pKKkJ3hGrh,ODS_店铺商品信息表(聚水潭奇门API)【连接器】,2026-07-09 02:14:04,16873.0,0.0,0,,1,1,0,1,0,0,0.0,ods,共享数据,"表级行数非零；表级行数 7/30 天波动；最新分区 `dt` 非空/及时；主键 `dt`, `__id` 重复检查；商品编码/名称关键字段空值；店铺标识关键字段空值；原始 API 记录落地完整性",被 1 个分析项目使用；有关联产出任务 1 个；资源关系引用 1 次；存在 owner/任务负责人证据；有分区 37 个
P3,15.0,ods_api_tb_onsale_item_list_info_du,ODS_在售商品列表信息表(淘宝API),管理员,陶林强,388469.0,318615920.0,34,PRIMARY_KEYS,"`dt`, `__id`",`dt`,370,740,1,WKaExE8n7p,ODS_在售商品列表信息表(淘宝API)【连接器】,2026-07-09 01:03:37,2197.0,1.0,0,,1,0,0,0,0,0,0.0,ods,共享数据,"表级行数非零；表级行数 7/30 天波动；最新分区 `dt` 非空/及时；主键 `dt`, `__id` 重复检查；金额/费用字段非负与异常极值；商品编码/名称关键字段空值；店铺标识关键字段空值；原始 API 记录落地完整性",有关联产出任务 1 个；任务下游数量 1；资源关系引用 1 次；存在 owner/任务负责人证据；有分区 370 个
P3,15.0,ods_api_tb_shop_cats_info_du,ODS_店铺类目信息表(淘宝API),管理员,陶林强,22376.0,4460656.0,12,PRIMARY_KEYS,"`dt`, `__id`",`dt`,453,906,1,J7a0UHCOrR,ODS_店铺类目信息表(淘宝API)【连接器】,2026-07-09 01:00:22,34.0,1.0,0,,1,0,0,0,0,0,0.0,ods,共享数据,"表级行数非零；表级行数 7/30 天波动；最新分区 `dt` 非空/及时；主键 `dt`, `__id` 重复检查；店铺标识关键字段空值；原始 API 记录落地完整性",有关联产出任务 1 个；任务下游数量 1；资源关系引用 1 次；存在 owner/任务负责人证据；有分区 453 个
P3,15.0,ods_api_tb_shop_info_du,ODS_店铺信息表(淘宝API),管理员,陶林强,826.0,1541568.0,9,PRIMARY_KEYS,"`dt`, `__id`",`dt`,453,906,1,b0qolxU0FB,ODS_店铺信息表(淘宝API)【连接器】,2026-07-09 01:00:22,1.0,1.0,0,,1,0,0,0,0,0,0.0,ods,共享数据,"表级行数非零；表级行数 7/30 天波动；最新分区 `dt` 非空/及时；主键 `dt`, `__id` 重复检查；店铺标识关键字段空值；原始 API 记录落地完整性",有关联产出任务 1 个；任务下游数量 1；资源关系引用 1 次；存在 owner/任务负责人证据；有分区 453 个
P3,15.0,ods_api_tb_wxtwjb_adgroup_report_info_du,ODS_单元报告信息表(淘宝万相台无界API),包彦,陶林强,228561.0,112643876.0,6,PRIMARY_KEYS,"`dt`, `__id`",`dt`,395,790,1,ZVeUaFYozP,ODS_单元报告信息表(淘宝万相台无界API)【连接器】,2026-07-09 09:20:39,572.0,1.0,0,,1,0,0,0,0,0,0.0,ods,共享数据,"表级行数非零；表级行数 7/30 天波动；最新分区 `dt` 非空/及时；主键 `dt`, `__id` 重复检查；推广费/投放指标非负与日期完整性；店铺标识关键字段空值；原始 API 记录落地完整性",有关联产出任务 1 个；任务下游数量 1；资源关系引用 1 次；存在 owner/任务负责人证据；有分区 395 个
P3,15.0,ods_api_tmall_exchange_receive_get_list_info_du,ODS_卖家查询换货列表信息表(淘宝API),管理员,陶林强,185131.0,111807906.0,37,PRIMARY_KEYS,"`dt`, `__id`",`dt`,452,904,1,jAcR9U4Vh1,ODS_卖家查询换货列表信息表(淘宝API)【连接器】,2026-07-09 01:02:32,932.0,1.0,0,,1,0,0,0,0,0,0.0,ods,共享数据,"表级行数非零；表级行数 7/30 天波动；最新分区 `dt` 非空/及时；主键 `dt`, `__id` 重复检查；金额/费用字段非负与异常极值；推广费/投放指标非负与日期完整性；商品编码/名称关键字段空值；店铺标识关键字段空值；原始 API 记录落地完整性",有关联产出任务 1 个；任务下游数量 1；资源关系引用 1 次；存在 owner/任务负责人证据；有分区 452 个
P3,15.0,ods_db_cube_be_metrics,ODS_数仓元数据_be节点,管理员,管理员,565.0,37252.0,5,PRIMARY_KEYS,`__id`,,1,4,1,VEwz9mVnlR,ODS_数仓元数据_be节点【迁移】,2026-07-09 14:01:07,565.0,1.0,0,,1,0,0,0,0,0,-1.0,ods,共享数据,表级行数非零；表级行数 7/30 天波动；主键 `__id` 重复检查,有关联产出任务 1 个；任务下游数量 1；资源关系引用 1 次；存在 owner/任务负责人证据；有分区 1 个
P3,15.0,ods_db_cube_be_tablets,ODS_数仓元数据_分桶,管理员,管理员,85484.0,3733534.0,21,PRIMARY_KEYS,`__id`,,1,4,1,Z6AFkAsaiL,ODS_数仓元数据_分桶【迁移】,2026-07-09 00:08:01,85484.0,1.0,0,,1,0,0,0,0,0,0.0,ods,共享数据,表级行数非零；表级行数 7/30 天波动；最新日期字段 CREATE_TIME 及时；主键 `__id` 重复检查,有关联产出任务 1 个；任务下游数量 1；资源关系引用 1 次；存在 owner/任务负责人证据；有分区 1 个
P3,15.0,ods_db_cube_etl_schedule_config,ODS_etl调度配置(魔方内置DB),管理员,管理员,1388.0,168001.0,15,PRIMARY_KEYS,`__id`,,1,4,1,RXaikRK4uU,ODS_etl调度配置(魔方内置DB)【迁移】,2026-07-09 00:07:45,1388.0,1.0,0,,1,0,0,0,0,0,0.0,ods,共享数据,表级行数非零；表级行数 7/30 天波动；最新日期字段 update_strategy 及时；主键 `__id` 重复检查；推广费/投放指标非负与日期完整性,有关联产出任务 1 个；任务下游数量 1；资源关系引用 1 次；存在 owner/任务负责人证据；有分区 1 个
P3,15.0,ods_db_cube_partitions_meta,ODS_数仓元数据_分区,管理员,管理员,40495.0,2493115.0,26,PRIMARY_KEYS,`__id`,,1,4,1,7nwlq7oyeb,ODS_数仓元数据_分区【迁移】,2026-07-09 00:07:52,40495.0,1.0,0,,1,0,0,0,0,0,0.0,ods,共享数据,表级行数非零；表级行数 7/30 天波动；最新日期字段 VISIBLE_VERSION_TIME 及时；主键 `__id` 重复检查,有关联产出任务 1 个；任务下游数量 1；资源关系引用 1 次；存在 owner/任务负责人证据；有分区 1 个
P3,15.0,ods_db_cube_report_form,ODS_报表表(魔方内置DB),管理员,管理员,58.0,26164.0,24,PRIMARY_KEYS,`__id`,,1,4,1,wAQL16wzau,ODS_报表表(魔方内置DB)【迁移】,2026-07-09 14:01:52,58.0,1.0,0,,1,0,0,0,0,0,-1.0,ods,共享数据,表级行数非零；表级行数 7/30 天波动；最新日期字段 last_data_update_time 及时；主键 `__id` 重复检查,有关联产出任务 1 个；任务下游数量 1；资源关系引用 1 次；存在 owner/任务负责人证据；有分区 1 个
P3,15.0,ods_db_cube_report_form_distribution,ODS_报表中子项的分布(魔方内置DB),管理员,管理员,954.0,378760.0,25,PRIMARY_KEYS,`__id`,,1,4,1,CnMtHRDRps,ODS_报表中子项的分布(魔方内置DB)【迁移】,2026-07-09 14:00:53,954.0,1.0,0,,1,0,0,0,0,0,-1.0,ods,共享数据,表级行数非零；表级行数 7/30 天波动；最新日期字段 width 及时；主键 `__id` 重复检查,有关联产出任务 1 个；任务下游数量 1；资源关系引用 1 次；存在 owner/任务负责人证据；有分区 1 个
P3,15.0,ods_db_cube_report_form_item,ODS_报表卡片信息表(魔方内置DB),管理员,管理员,834.0,971768.0,22,PRIMARY_KEYS,`__id`,,1,4,1,PpMvsiLyn4,ODS_报表卡片信息表(魔方内置DB)【迁移】,2026-07-09 14:01:40,834.0,1.0,0,,1,0,0,0,0,0,-1.0,ods,共享数据,表级行数非零；表级行数 7/30 天波动；最新日期字段 last_data_update_time 及时；主键 `__id` 重复检查,有关联产出任务 1 个；任务下游数量 1；资源关系引用 1 次；存在 owner/任务负责人证据；有分区 1 个
P3,15.0,ods_db_cube_schedule_persist_info,ODS_物化信息表(魔方内置DB),管理员,管理员,5228.0,4337278.0,19,PRIMARY_KEYS,`__id`,,1,4,1,2DMJtud32V,ODS_物化信息表(魔方内置DB)【迁移】,2026-07-09 14:01:27,5205.0,1.0,0,,1,0,0,0,0,0,0.0,ods,共享数据,表级行数非零；表级行数 7/30 天波动；最新日期字段 last_persist_time 及时；主键 `__id` 重复检查；物化表与来源 collection 完整性,有关联产出任务 1 个；任务下游数量 1；资源关系引用 1 次；存在 owner/任务负责人证据；有分区 1 个
P3,15.0,ods_db_cube_tables,ODS_数仓元数据_表,管理员,管理员,5411.0,417426.0,22,PRIMARY_KEYS,`__id`,,1,4,1,uLQbFvy42V,ODS_数仓元数据_表【迁移】,2026-07-09 00:08:07,5411.0,1.0,0,,1,0,0,0,0,0,0.0,ods,共享数据,表级行数非零；表级行数 7/30 天波动；最新日期字段 CREATE_TIME 及时；主键 `__id` 重复检查,有关联产出任务 1 个；任务下游数量 1；资源关系引用 1 次；存在 owner/任务负责人证据；有分区 1 个
P3,15.0,ods_db_cube_tables_config,ODS_数仓元数据_表配置,管理员,管理员,5415.0,283485.0,13,PRIMARY_KEYS,`__id`,,1,4,1,1k6fwQ0U4n,ODS_数仓元数据_表配置【迁移】,2026-07-09 00:07:53,5415.0,1.0,0,,1,0,0,0,0,0,0.0,ods,共享数据,表级行数非零；表级行数 7/30 天波动；主键 `__id` 重复检查,有关联产出任务 1 个；任务下游数量 1；资源关系引用 1 次；存在 owner/任务负责人证据；有分区 1 个
P3,15.0,ods_db_data_filling,ODS_数据填报(魔方内置DB),管理员,管理员,48.0,21727.0,18,PRIMARY_KEYS,`__id`,,1,4,1,wxQvlB1671,ODS_数据填报(魔方内置DB)【迁移】,2026-07-09 14:01:34,48.0,1.0,0,,1,0,0,0,0,0,-1.0,ods,共享数据,表级行数非零；表级行数 7/30 天波动；最新日期字段 update_id 及时；主键 `__id` 重复检查,有关联产出任务 1 个；任务下游数量 1；资源关系引用 1 次；存在 owner/任务负责人证据；有分区 1 个
P3,15.0,ods_db_etl_develop_node_info,ODS_节点信息(魔方内置DB),管理员,管理员,142.0,29826.0,15,PRIMARY_KEYS,`__id`,,1,4,1,XnAd6NxqvQ,ODS_节点信息(魔方内置DB)【迁移】,2026-07-09 14:01:35,142.0,1.0,0,,1,0,0,0,0,0,-1.0,ods,共享数据,表级行数非零；表级行数 7/30 天波动；最新日期字段 last_publish_time 及时；主键 `__id` 重复检查,有关联产出任务 1 个；任务下游数量 1；资源关系引用 1 次；存在 owner/任务负责人证据；有分区 1 个
P3,15.0,ods_db_etl_develop_project,ODS_etl分析(魔方内置DB),管理员,管理员,22.0,8559.0,8,PRIMARY_KEYS,`__id`,,1,4,1,Nbe08FJkDf,ODS_etl分析(魔方内置DB)【迁移】,2026-07-09 14:00:53,22.0,1.0,0,,1,0,0,0,0,0,-1.0,ods,共享数据,表级行数非零；表级行数 7/30 天波动；最新日期字段 create_time 及时；主键 `__id` 重复检查,有关联产出任务 1 个；任务下游数量 1；资源关系引用 1 次；存在 owner/任务负责人证据；有分区 1 个
P3,15,ods_jingcaishunjian,ods_天猫佑美旗舰店精彩瞬间支付宝数据,包彦,陶林强,1367.0,193594.0,13,PRIMARY_KEYS,`__id`,,1,16,1,1SKIBPtsaG,ods_天猫佑美旗舰店精彩瞬间支付宝数据【迁移】,,0.0,0.0,0,,1,1,0,1,0,0,49.0,ods,共享数据,表级行数非零；表级行数 7/30 天波动；主键 `__id` 重复检查；商品编码/名称关键字段空值,被 1 个分析项目使用；有关联产出任务 1 个；资源关系引用 1 次；存在 owner/任务负责人证据；有分区 1 个
P3,15,ods_ningbozhifubaoshuju,ods_天猫佑美旗舰店宁波支付宝数据,包彦,陶林强,2080.0,315527.0,14,PRIMARY_KEYS,`__id`,,1,16,1,yi67zYtbSS,ods_天猫佑美旗舰店宁波支付宝数据【迁移】,,0.0,0.0,0,,1,1,0,1,0,0,84.0,ods,共享数据,表级行数非零；表级行数 7/30 天波动；主键 `__id` 重复检查；商品编码/名称关键字段空值,被 1 个分析项目使用；有关联产出任务 1 个；资源关系引用 1 次；存在 owner/任务负责人证据；有分区 1 个
P3,15,ods_tianmaoyoumeiqijiandianbaozhengjin,ods_天猫佑美旗舰店保证金,包彦,陶林强,90100.0,5741772.0,11,PRIMARY_KEYS,`__id`,,1,16,1,pgsnYiLaOH,ods_天猫佑美旗舰店保证金【迁移】,,0.0,0.0,0,,1,1,0,1,0,0,85.0,ods,共享数据,表级行数非零；表级行数 7/30 天波动；主键 `__id` 重复检查；金额/费用字段非负与异常极值,被 1 个分析项目使用；有关联产出任务 1 个；资源关系引用 1 次；存在 owner/任务负责人证据；有分区 1 个
P3,15,ods_weixinshuju,ods_天猫佑美旗舰店微信数据,包彦,陶林强,978139.0,138145614.0,15,PRIMARY_KEYS,`__id`,,1,16,1,1mgxC9RL5H,ods_天猫佑美旗舰店微信数据【迁移】,,0.0,0.0,0,,1,1,0,1,0,0,84.0,ods,共享数据,表级行数非零；表级行数 7/30 天波动；主键 `__id` 重复检查；金额/费用字段非负与异常极值,被 1 个分析项目使用；有关联产出任务 1 个；资源关系引用 1 次；存在 owner/任务负责人证据；有分区 1 个
P3,15,ods_yongkangzhifubao,ods_天猫佑美旗舰店永康支付宝,包彦,陶林强,2.0,6641.0,21,PRIMARY_KEYS,`__id`,,1,16,1,5EqQZR7v55,ods_天猫佑美旗舰店永康支付宝【迁移】,,0.0,0.0,0,,1,1,0,1,0,0,85.0,ods,共享数据,表级行数非零；表级行数 7/30 天波动；主键 `__id` 重复检查；金额/费用字段非负与异常极值；退款/售后金额与数量范围；商品编码/名称关键字段空值,被 1 个分析项目使用；有关联产出任务 1 个；资源关系引用 1 次；存在 owner/任务负责人证据；有分区 1 个
P3,15,ods_zhejiangzhifubaoshuju,ods_天猫佑美旗舰店浙江佑美支付宝数据,包彦,陶林强,168.0,101260.0,23,PRIMARY_KEYS,`__id`,,1,16,1,5EQDZ15mnh,ods_天猫佑美旗舰店浙江佑美支付宝数据【迁移】,,0.0,0.0,0,,1,1,0,1,0,0,84.0,ods,共享数据,表级行数非零；表级行数 7/30 天波动；主键 `__id` 重复检查；商品编码/名称关键字段空值,被 1 个分析项目使用；有关联产出任务 1 个；资源关系引用 1 次；存在 owner/任务负责人证据；有分区 1 个
P3,15,osd_tianmaoyoumeiqijaindianzhifushuju,osd_天猫佑美旗舰店南靖支付宝数据,包彦,陶林强,13.0,21327.0,9,PRIMARY_KEYS,`__id`,,1,16,1,jkQLd37JQS,osd_天猫佑美旗舰店南靖支付宝数据【迁移】,,0.0,0.0,0,,1,1,0,1,0,0,84.0,不规范命名,共享数据,表级行数非零；表级行数 7/30 天波动；主键 `__id` 重复检查；金额/费用字段非负与异常极值；商品编码/名称关键字段空值,被 1 个分析项目使用；有关联产出任务 1 个；资源关系引用 1 次；存在 owner/任务负责人证据；有分区 1 个
P3,15,UD_1710427031420386_GM2PI_ybbzt15d2bbz,源_宝贝主体_15d-2_宝贝主体_15d-kiki,章圣泉,章圣泉,131209.0,7279816.0,34,PRIMARY_KEYS,`__id`,,1,16,1,ilqaKM4Pjz,源_宝贝主体_15d-2_宝贝主体_15d-kiki【EXCEL】,,0.0,0.0,0,,1,1,0,1,0,0,13.0,不规范命名,我的数据,表级行数非零；表级行数 7/30 天波动；最新日期字段 jdtk 及时；主键 `__id` 重复检查,被 1 个分析项目使用；有关联产出任务 1 个；资源关系引用 1 次；存在 owner/任务负责人证据；有分区 1 个
P3,15,UD_1710427031420386_XBX0O_ydsp3d2bbzt1,源_短视频_3d-2_宝贝主体_1d-圣泉,章圣泉,章圣泉,4908.0,145555.0,23,PRIMARY_KEYS,`__id`,,1,16,1,7yA1chGJEJ,源_短视频_3d-2_宝贝主体_1d-圣泉【EXCEL】,,0.0,0.0,0,,1,1,0,1,0,0,0.0,不规范命名,我的数据,表级行数非零；表级行数 7/30 天波动；主键 `__id` 重复检查,被 1 个分析项目使用；有关联产出任务 1 个；资源关系引用 1 次；存在 owner/任务负责人证据；有分区 1 个
P3,15,UD_1_0MCZT_n12y,1、2页,管理员,管理员,14070.0,1527233.0,24,PRIMARY_KEYS,`__id`,,1,16,1,SW6JpkoJzF,1、2页【EXCEL】,,0.0,0.0,0,,1,1,0,1,0,0,0.0,不规范命名,我的数据,表级行数非零；表级行数 7/30 天波动；主键 `__id` 重复检查；商品编码/名称关键字段空值,被 1 个分析项目使用；有关联产出任务 1 个；资源关系引用 1 次；存在 owner/任务负责人证据；有分区 1 个
P3,15,UD_1_518F8_wppcgddd,未匹配成功的订单,管理员,管理员,15.0,26028.0,8,PRIMARY_KEYS,`__id`,,1,16,1,xschPw9Inv,未匹配成功的订单【EXCEL】,,0.0,0.0,0,,1,1,0,1,0,0,0.0,不规范命名,我的数据,表级行数非零；表级行数 7/30 天波动；主键 `__id` 重复检查；商品编码/名称关键字段空值,被 1 个分析项目使用；有关联产出任务 1 个；资源关系引用 1 次；存在 owner/任务负责人证据；有分区 1 个
P3,15,UD_1_JRO0S_wppcgddd1,未匹配成功的订单 (1),管理员,管理员,58.0,30446.0,8,PRIMARY_KEYS,`__id`,,1,16,1,r2gLrIVpfQ,未匹配成功的订单 (1)【EXCEL】,,0.0,0.0,0,,1,1,0,1,0,0,0.0,不规范命名,我的数据,表级行数非零；表级行数 7/30 天波动；主键 `__id` 重复检查；商品编码/名称关键字段空值,被 1 个分析项目使用；有关联产出任务 1 个；资源关系引用 1 次；存在 owner/任务负责人证据；有分区 1 个
P3,15,UD_1_P30ES_spzlt,商品资料_test,管理员,管理员,18983.0,755283.0,8,PRIMARY_KEYS,`__id`,,1,16,1,eeeuDQ946k,商品资料_test【EXCEL】,,0.0,0.0,0,,1,1,0,1,0,0,0.0,不规范命名,我的数据,表级行数非零；表级行数 7/30 天波动；主键 `__id` 重复检查；商品编码/名称关键字段空值,被 1 个分析项目使用；有关联产出任务 1 个；资源关系引用 1 次；存在 owner/任务负责人证据；有分区 1 个
P3,15,UD_3418004512502203_0DARH_xtsj12yytcfh,系统数据-12月圆通仓发货数据(1),陶林强,陶林强,314849.0,43598552.0,44,PRIMARY_KEYS,`__id`,,1,16,1,6JwPrpTDTG,系统数据-12月圆通仓发货数据(1)【EXCEL】,,0.0,0.0,0,,1,1,0,1,0,0,55.0,不规范命名,我的数据,表级行数非零；表级行数 7/30 天波动；主键 `__id` 重复检查；商品编码/名称关键字段空值,被 1 个分析项目使用；有关联产出任务 1 个；资源关系引用 1 次；存在 owner/任务负责人证据；有分区 1 个
P3,15,UD_3418004512502203_D5C8M_n1yytcczfbcf,1月圆通仓操作费&包材费汇总 - 副本,陶林强,陶林强,247853.0,36000630.0,44,PRIMARY_KEYS,`__id`,,1,16,1,Jcw7ER74Bl,1月圆通仓操作费&包材费汇总 - 副本【EXCEL】,,0.0,0.0,0,,1,1,0,1,0,0,55.0,不规范命名,我的数据,表级行数非零；表级行数 7/30 天波动；主键 `__id` 重复检查；商品编码/名称关键字段空值,被 1 个分析项目使用；有关联产出任务 1 个；资源关系引用 1 次；存在 owner/任务负责人证据；有分区 1 个
P3,15,UD_3418004512502203_F9A32_jjsj,计件数据,陶林强,陶林强,401308.0,51967693.0,43,PRIMARY_KEYS,`__id`,,1,16,1,umMpNY2pTl,计件数据【EXCEL】,,0.0,0.0,0,,1,1,0,1,0,0,55.0,不规范命名,我的数据,表级行数非零；表级行数 7/30 天波动；主键 `__id` 重复检查；商品编码/名称关键字段空值,被 1 个分析项目使用；有关联产出任务 1 个；资源关系引用 1 次；存在 owner/任务负责人证据；有分区 1 个
P3,15,UD_3418004512502203_Q8CWK_smcsmc,skid名称-sku名称,包彦,陶林强,13961.0,772223.0,4,PRIMARY_KEYS,`__id`,,1,16,1,vdOaDD5Kic,skid名称-sku名称【EXCEL】,,0.0,0.0,0,,1,1,0,1,0,0,0.0,不规范命名,共享数据,表级行数非零；表级行数 7/30 天波动；主键 `__id` 重复检查；商品编码/名称关键字段空值,被 1 个分析项目使用；有关联产出任务 1 个；资源关系引用 1 次；存在 owner/任务负责人证据；有分区 1 个
P3,15,UD_3418004512502203_QJOTP_n12yxjcbcfts,12月 小件仓包材分摊数据,陶林强,陶林强,450951.0,57132283.0,43,PRIMARY_KEYS,`__id`,,1,16,1,Npquc4HKWv,12月 小件仓包材分摊数据【EXCEL】,,0.0,0.0,0,,1,1,0,1,0,0,55.0,不规范命名,我的数据,表级行数非零；表级行数 7/30 天波动；主键 `__id` 重复检查；商品编码/名称关键字段空值,被 1 个分析项目使用；有关联产出任务 1 个；资源关系引用 1 次；存在 owner/任务负责人证据；有分区 1 个
P3,15,UD_4971200913022541_8LLQZ_mx5ytmympjyl,明细-5月天猫佑美评价有礼AI工具使用明细,包彦,包彦,12622.0,2103136.0,13,PRIMARY_KEYS,`__id`,,1,4,1,exug0pfO9A,明细-5月天猫佑美评价有礼AI工具使用明细【EXCEL】,2026-06-18 11:19:52,12622.0,0.0,0,,1,1,0,1,0,0,20.0,不规范命名,共享数据,表级行数非零；表级行数 7/30 天波动；主键 `__id` 重复检查；推广费/投放指标非负与日期完整性,被 1 个分析项目使用；有关联产出任务 1 个；资源关系引用 1 次；存在 owner/任务负责人证据；有分区 1 个
P3,15,UD_4971200913022541_9N87I_o20260415,ordertid-20260415,包彦,包彦,32418.0,2944034.0,13,PRIMARY_KEYS,`__id`,,1,16,1,IsaCWYS6Pv,ordertid-20260415【EXCEL】,,0.0,0.0,0,,1,1,0,1,0,0,63.0,不规范命名,我的数据,表级行数非零；表级行数 7/30 天波动；主键 `__id` 重复检查,被 1 个分析项目使用；有关联产出任务 1 个；资源关系引用 1 次；存在 owner/任务负责人证据；有分区 1 个
P3,15,UD_4971200913022541_DGSZ6_xjcbcftsj,小件仓包材分摊数据,包彦,包彦,475430.0,68201792.0,42,PRIMARY_KEYS,`__id`,,1,16,1,yDaAp3vnUO,小件仓包材分摊数据【EXCEL】,,0.0,0.0,0,,1,1,0,1,0,0,55.0,不规范命名,共享数据,表级行数非零；表级行数 7/30 天波动；主键 `__id` 重复检查；商品编码/名称关键字段空值,被 1 个分析项目使用；有关联产出任务 1 个；资源关系引用 1 次；存在 owner/任务负责人证据；有分区 1 个
P3,15,UD_4971200913022541_WY232_cpffsjydpjyl,产品发放数据-影刀评价有礼数据（4月）,包彦,包彦,521.0,61176.0,6,PRIMARY_KEYS,`__id`,,1,4,1,MhwRiHi87G,产品发放数据-影刀评价有礼数据（4月）【EXCEL】,,0.0,0.0,0,,1,1,0,1,0,0,20.0,不规范命名,共享数据,表级行数非零；表级行数 7/30 天波动；主键 `__id` 重复检查；推广费/投放指标非负与日期完整性,被 1 个分析项目使用；有关联产出任务 1 个；资源关系引用 1 次；存在 owner/任务负责人证据；有分区 1 个
P3,15,UD_8514836938733626_4ERI4_ggxsehlhsb,各国销售额汇率换算表,尹建辉,尹建辉,15.0,4671.0,5,PRIMARY_KEYS,`__id`,,1,4,1,63M3tfjchp,各国销售额汇率换算表【EXCEL】,2026-06-30 15:35:52,15.0,0.0,0,,1,1,0,1,0,0,7.0,不规范命名,我的数据,表级行数非零；表级行数 7/30 天波动；主键 `__id` 重复检查；推广费/投放指标非负与日期完整性,被 1 个分析项目使用；有关联产出任务 1 个；资源关系引用 1 次；存在 owner/任务负责人证据；有分区 1 个
P3,15,weixinhuiyuanzhongxinzhangdan,财务账单拆分_ods_微信会员中心,包彦,陶林强,432.0,87964.0,12,PRIMARY_KEYS,`__id`,,1,16,1,hMuqXdPXt1,财务账单拆分_ods_微信会员中心【迁移】,,0.0,0.0,0,,1,1,0,1,0,0,27.0,不规范命名,共享数据,表级行数非零；表级行数 7/30 天波动；主键 `__id` 重复检查；金额/费用字段非负与异常极值,被 1 个分析项目使用；有关联产出任务 1 个；资源关系引用 1 次；存在 owner/任务负责人证据；有分区 1 个
P3,14,_persist_TABLE_O5shHU3Po9,,,,0.0,0.0,3,DUP_KEYS,,,1,4,0,,,,0.0,0.0,0,,0,0,0,0,0,0,0.0,正式态物化表,共享数据,表级行数非零；表级行数 7/30 天波动；物化表与来源 collection 完整性,元数据行数为 0；有分区 1 个；未识别到物理主键配置
P3,14,_tmp_1783499255291__persist_COLLECTION_YWuQoPIQWz_WORKING,,,,0.0,0.0,29,DUP_KEYS,,,1,4,0,,,,0.0,0.0,0,,0,0,0,0,0,0,0.0,草稿态物化表,共享数据,表级行数非零；表级行数 7/30 天波动；最新日期字段 bndts 及时；物化表与来源 collection 完整性,元数据行数为 0；有分区 1 个；未识别到物理主键配置
P3,14,_tmp_1783499489362__persist_COLLECTION_YWuQoPIQWz_WORKING,,,,0.0,0.0,30,DUP_KEYS,,,1,4,0,,,,0.0,0.0,0,,0,0,0,0,0,0,0.0,草稿态物化表,共享数据,表级行数非零；表级行数 7/30 天波动；最新日期字段 bndts 及时；物化表与来源 collection 完整性,元数据行数为 0；有分区 1 个；未识别到物理主键配置
P3,14,_tmp_1783499512439__persist_COLLECTION_YWuQoPIQWz_WORKING,,,,0.0,0.0,30,DUP_KEYS,,,1,4,0,,,,0.0,0.0,0,,0,0,0,0,0,0,0.0,草稿态物化表,共享数据,表级行数非零；表级行数 7/30 天波动；最新日期字段 bndts 及时；物化表与来源 collection 完整性,元数据行数为 0；有分区 1 个；未识别到物理主键配置
P3,14,_tmp_1783499551454__persist_COLLECTION_YWuQoPIQWz_WORKING,,,,0.0,0.0,31,DUP_KEYS,,,1,4,0,,,,0.0,0.0,0,,0,0,0,0,0,0,0.0,草稿态物化表,共享数据,表级行数非零；表级行数 7/30 天波动；最新日期字段 bndts 及时；物化表与来源 collection 完整性,元数据行数为 0；有分区 1 个；未识别到物理主键配置
P3,14,_tmp_1783499570401__persist_COLLECTION_YWuQoPIQWz_WORKING,,,,0.0,0.0,31,DUP_KEYS,,,1,4,0,,,,0.0,0.0,0,,0,0,0,0,0,0,0.0,草稿态物化表,共享数据,表级行数非零；表级行数 7/30 天波动；最新日期字段 bndts 及时；物化表与来源 collection 完整性,元数据行数为 0；有分区 1 个；未识别到物理主键配置
P3,14,_tmp_1783499588719__persist_COLLECTION_YWuQoPIQWz_WORKING,,,,0.0,0.0,31,DUP_KEYS,,,1,4,0,,,,0.0,0.0,0,,0,0,0,0,0,0,0.0,草稿态物化表,共享数据,表级行数非零；表级行数 7/30 天波动；最新日期字段 bndts 及时；物化表与来源 collection 完整性,元数据行数为 0；有分区 1 个；未识别到物理主键配置
P3,14,bak_ods_api_jstbz_box_bin_info_f,,,,0.0,0.0,17,DUP_KEYS,,,1,1,0,,,,0.0,0.0,0,,0,0,0,0,0,0,0.0,bak,共享数据,表级行数非零；表级行数 7/30 天波动；最新日期字段 modified 及时；候选业务键 sku_id 重复检查；商品编码/名称关键字段空值；店铺标识关键字段空值；原始 API 记录落地完整性,元数据行数为 0；有分区 1 个；未识别到物理主键配置
P3,14,bak_ods_api_jstbz_distributor_info_f,,,,0.0,0.0,22,DUP_KEYS,,,1,1,0,,,,0.0,0.0,0,,0,0,0,0,0,0,0.0,bak,共享数据,表级行数非零；表级行数 7/30 天波动；最新日期字段 apply_time 及时；店铺标识关键字段空值；原始 API 记录落地完整性,元数据行数为 0；有分区 1 个；未识别到物理主键配置
P3,14,bak_ods_api_jstbz_inout_flow_info_f,,,,0.0,0.0,27,DUP_KEYS,,,1,1,0,,,,0.0,0.0,0,,0,0,0,0,0,0,0.0,bak,共享数据,表级行数非零；表级行数 7/30 天波动；最新日期字段 io_date 及时；候选业务键 so_id 重复检查；店铺标识关键字段空值；原始 API 记录落地完整性,元数据行数为 0；有分区 1 个；未识别到物理主键配置
P3,14,bak_ods_api_jstbz_process_info_f,,,,0.0,0.0,26,DUP_KEYS,,,1,1,0,,,,0.0,0.0,0,,0,0,0,0,0,0,0.0,bak,共享数据,表级行数非零；表级行数 7/30 天波动；最新日期字段 po_date 及时；推广费/投放指标非负与日期完整性；店铺标识关键字段空值；原始 API 记录落地完整性,元数据行数为 0；有分区 1 个；未识别到物理主键配置
P3,14,bak_ods_api_jstbz_product_bom_info_f,,,,0.0,0.0,8,DUP_KEYS,,,1,1,0,,,,0.0,0.0,0,,0,0,0,0,0,0,0.0,bak,共享数据,表级行数非零；表级行数 7/30 天波动；最新日期字段 dt 及时；候选业务键 sku_id 重复检查；商品编码/名称关键字段空值；店铺标识关键字段空值；原始 API 记录落地完整性,元数据行数为 0；有分区 1 个；未识别到物理主键配置
P3,14,bak_ods_api_jstbz_product_category_info_f,,,,0.0,0.0,8,DUP_KEYS,,,1,1,0,,,,0.0,0.0,0,,0,0,0,0,0,0,0.0,bak,共享数据,表级行数非零；表级行数 7/30 天波动；最新日期字段 modified 及时；商品编码/名称关键字段空值；店铺标识关键字段空值；原始 API 记录落地完整性,元数据行数为 0；有分区 1 个；未识别到物理主键配置
P3,14,bak_ods_api_jstbz_product_history_cost_price_info_f,,,,0.0,0.0,6,DUP_KEYS,,,1,1,0,,,,0.0,0.0,0,,0,0,0,0,0,0,0.0,bak,共享数据,表级行数非零；表级行数 7/30 天波动；最新日期字段 dt 及时；候选业务键 sku_id 重复检查；金额/费用字段非负与异常极值；商品编码/名称关键字段空值；店铺标识关键字段空值；原始 API 记录落地完整性,元数据行数为 0；有分区 1 个；未识别到物理主键配置
P3,14,bak_ods_api_jstbz_skusn_query_info_f,,,,0.0,0.0,48,DUP_KEYS,,,1,1,0,,,,0.0,0.0,0,,0,0,0,0,0,0,0.0,bak,共享数据,表级行数非零；表级行数 7/30 天波动；最新日期字段 pay_date 及时；候选业务键 sku_id 重复检查；商品编码/名称关键字段空值；店铺标识关键字段空值；原始 API 记录落地完整性,元数据行数为 0；有分区 1 个；未识别到物理主键配置
P3,14,banniu_beiyongjindakuan,班牛_备用金打款,包彦,陶林强,10389.0,2353464.0,38,PRIMARY_KEYS,`__id`,,1,16,1,jcA702wSAz,班牛_备用金打款【迁移】,,0.0,0.0,0,,1,0,0,0,0,0,0.0,不规范命名,共享数据,表级行数非零；表级行数 7/30 天波动；主键 `__id` 重复检查；金额/费用字段非负与异常极值；商品编码/名称关键字段空值；店铺标识关键字段空值,有关联产出任务 1 个；资源关系引用 1 次；存在 owner/任务负责人证据；有分区 1 个
P3,14,banniu_zhifubaodakuan,班牛_支付宝打款,包彦,陶林强,121760.0,25423146.0,48,PRIMARY_KEYS,`__id`,,1,16,1,uUe0eKdqYC,班牛_支付宝打款【迁移】,,0.0,0.0,0,,1,0,0,0,0,0,0.0,不规范命名,共享数据,表级行数非零；表级行数 7/30 天波动；主键 `__id` 重复检查；金额/费用字段非负与异常极值；商品编码/名称关键字段空值；店铺标识关键字段空值,有关联产出任务 1 个；资源关系引用 1 次；存在 owner/任务负责人证据；有分区 1 个
P3,14,bwd_api_tb_wxtwjb_campaign_list_info_f,BWD_计划列表信息表(淘宝万相台无界API),管理员,,0.0,0.0,16,PRIMARY_KEYS,`__id`,,1,4,0,,,,0.0,0.0,0,,1,0,0,0,0,0,0.0,bwd,共享数据,表级行数非零；表级行数 7/30 天波动；最新日期字段 dt 及时；主键 `__id` 重复检查；推广费/投放指标非负与日期完整性；店铺标识关键字段空值；原始 API 记录落地完整性,资源关系引用 1 次；存在 owner/任务负责人证据；元数据行数为 0；有分区 1 个
P3,14,dajianbuhuojihuajingdongwuliukucun,大件补货计划-京东物流库存,包彦,李梦丽,462.0,82474.0,10,PRIMARY_KEYS,`__id`,,1,16,1,50MHEAfYOw,大件补货计划-京东物流库存【迁移】,,0.0,0.0,0,,1,0,0,0,0,0,0.0,不规范命名,共享数据,表级行数非零；表级行数 7/30 天波动；主键 `__id` 重复检查；商品编码/名称关键字段空值,有关联产出任务 1 个；资源关系引用 1 次；存在 owner/任务负责人证据；有分区 1 个
P3,14,feiyong,费用明细表,包彦,陶林强,187.0,12436.0,12,PRIMARY_KEYS,`__id`,,1,2,1,fKKKyxi14s,费用明细表【迁移】,,0.0,0.0,0,,1,0,0,0,0,0,0.0,不规范命名,共享数据,表级行数非零；表级行数 7/30 天波动；主键 `__id` 重复检查；金额/费用字段非负与异常极值,有关联产出任务 1 个；资源关系引用 1 次；存在 owner/任务负责人证据；有分区 1 个
P3,14,hangzhoumaizhuandianzhifubaozhangdnachaifen,杭州专卖店_支付宝账单拆分,包彦,陶林强,28.0,69557.0,24,PRIMARY_KEYS,`__id`,,1,16,1,ikOkKuIm97,杭州专卖店_支付宝账单拆分【迁移】,,0.0,0.0,0,,1,0,0,0,0,0,85.0,不规范命名,共享数据,表级行数非零；表级行数 7/30 天波动；主键 `__id` 重复检查；金额/费用字段非负与异常极值；退款/售后金额与数量范围；商品编码/名称关键字段空值,有关联产出任务 1 个；资源关系引用 1 次；存在 owner/任务负责人证据；有分区 1 个
P3,14,jingdongziyinghejingzaoshouhoushuju,京东京造售后数据,包彦,陶林强,62.0,22905.0,7,PRIMARY_KEYS,`__id`,,1,16,1,NO4i0ot0NY,京东京造售后数据【迁移】,,0.0,0.0,0,,1,0,0,0,0,0,85.0,不规范命名,共享数据,表级行数非零；表级行数 7/30 天波动；主键 `__id` 重复检查；金额/费用字段非负与异常极值；退款/售后金额与数量范围,有关联产出任务 1 个；资源关系引用 1 次；存在 owner/任务负责人证据；有分区 1 个
P3,14,kuaidilanshou,快递揽收时效统计-1,陶林强,陶林强,490800.0,118816767.0,38,PRIMARY_KEYS,`__id`,,1,16,1,6ca2puZWlt,快递揽收时效统计-1【迁移】,,0.0,0.0,0,,1,0,0,0,0,0,0.0,不规范命名,我的数据,表级行数非零；表级行数 7/30 天波动；主键 `__id` 重复检查；商品编码/名称关键字段空值；店铺标识关键字段空值,有关联产出任务 1 个；资源关系引用 1 次；存在 owner/任务负责人证据；有分区 1 个
P3,14,ods_api_dingtalk_sp_approval_list_info_du,ODS_审批实例信息表(钉钉API),管理员,,0.0,0.0,24,PRIMARY_KEYS,"`dt`, `__id`",`dt`,1,2,0,,,,0.0,0.0,0,,1,0,0,0,0,0,0.0,ods,共享数据,"表级行数非零；表级行数 7/30 天波动；最新分区 `dt` 非空/及时；主键 `dt`, `__id` 重复检查；店铺标识关键字段空值；原始 API 记录落地完整性",资源关系引用 1 次；存在 owner/任务负责人证据；元数据行数为 0；有分区 1 个
P3,14,ods_api_jingdong_consumption_record_query_info_du,ODS_消费记录查询信息表(京东API),管理员,,0.0,0.0,9,PRIMARY_KEYS,"`dt`, `__id`",`dt`,1,2,0,,,,0.0,0.0,0,,1,0,0,0,0,0,0.0,ods,共享数据,"表级行数非零；表级行数 7/30 天波动；最新分区 `dt` 非空/及时；主键 `dt`, `__id` 重复检查；金额/费用字段非负与异常极值；店铺标识关键字段空值；原始 API 记录落地完整性",资源关系引用 1 次；存在 owner/任务负责人证据；元数据行数为 0；有分区 1 个
P3,14,ods_api_jingdong_shop_info_f,ODS_店铺信息表(京东API),管理员,管理员,2.0,3132.0,9,PRIMARY_KEYS,`__id`,,1,16,1,B0gloFCcHG,ods_api_jingdong_shop_info_f【EtlDevelop任务】,,0.0,0.0,0,,1,0,0,0,0,0,85.0,ods,共享数据,表级行数非零；表级行数 7/30 天波动；最新日期字段 dt 及时；主键 `__id` 重复检查；店铺标识关键字段空值；原始 API 记录落地完整性,有关联产出任务 1 个；资源关系引用 1 次；存在 owner/任务负责人证据；有分区 1 个
P3,14,ods_api_jingdong_shop_order_page_query_info_du,ODS_订单列表查询接口信息表(京东API),管理员,,0.0,0.0,47,PRIMARY_KEYS,"`dt`, `__id`",`dt`,1,2,0,,,,0.0,0.0,0,,1,0,0,0,0,0,0.0,ods,共享数据,"表级行数非零；表级行数 7/30 天波动；最新分区 `dt` 非空/及时；主键 `dt`, `__id` 重复检查；金额/费用字段非负与异常极值；推广费/投放指标非负与日期完整性；商品编码/名称关键字段空值；店铺标识关键字段空值；原始 API 记录落地完整性",资源关系引用 1 次；存在 owner/任务负责人证据；元数据行数为 0；有分区 1 个
P3,14,ods_api_jlqc_account_info_du,ODS_账号信息表(巨量千川API),包彦,包彦,903.0,239185.0,11,PRIMARY_KEYS,"`dt`, `__id`",`dt`,43,43,1,uhQNSIvNVF,ODS_账号信息表(巨量千川API)【连接器】,2026-07-09 00:15:16,17.0,0.0,0,,1,0,0,0,0,0,0.0,ods,共享数据,"表级行数非零；表级行数 7/30 天波动；最新分区 `dt` 非空/及时；主键 `dt`, `__id` 重复检查；推广费/投放指标非负与日期完整性；店铺标识关键字段空值；原始 API 记录落地完整性",有关联产出任务 1 个；资源关系引用 1 次；存在 owner/任务负责人证据；有分区 43 个
P3,14,ods_api_jlqc_account_type_info_du,ODS_账户类型信息表(巨量千川API),李梦丽,李梦丽,1425.0,194767.0,10,PRIMARY_KEYS,"`dt`, `__id`",`dt`,29,29,1,eZek8n0nEm,ODS_账户类型信息表(巨量千川API)【连接器】,2026-07-09 02:01:42,44.0,0.0,0,,1,0,0,0,0,0,0.0,ods,共享数据,"表级行数非零；表级行数 7/30 天波动；最新分区 `dt` 非空/及时；主键 `dt`, `__id` 重复检查；推广费/投放指标非负与日期完整性；店铺标识关键字段空值；原始 API 记录落地完整性",有关联产出任务 1 个；资源关系引用 1 次；存在 owner/任务负责人证据；有分区 29 个
P3,14,ods_api_jlqc_adv_account_basic_info_du,ODS_广告账号基础信息表(巨量千川API),包彦,包彦,2220.0,554058.0,13,PRIMARY_KEYS,"`dt`, `__id`",`dt`,43,43,1,fGwLTpZ6EU,ODS_广告账号基础信息表(巨量千川API)【连接器】,2026-07-09 01:22:41,44.0,0.0,0,,1,0,0,0,0,0,0.0,ods,共享数据,"表级行数非零；表级行数 7/30 天波动；最新分区 `dt` 非空/及时；主键 `dt`, `__id` 重复检查；推广费/投放指标非负与日期完整性；店铺标识关键字段空值；原始 API 记录落地完整性",有关联产出任务 1 个；资源关系引用 1 次；存在 owner/任务负责人证据；有分区 43 个
P3,14,ods_api_jlqc_agent_adv_account_info_du,ODS_代理商广告账号信息表(巨量千川API),包彦,,0.0,0.0,8,PRIMARY_KEYS,`__id`,,1,16,0,,,,0.0,0.0,0,,1,0,0,0,0,0,0.0,ods,共享数据,表级行数非零；表级行数 7/30 天波动；最新日期字段 dt 及时；主键 `__id` 重复检查；推广费/投放指标非负与日期完整性；店铺标识关键字段空值；原始 API 记录落地完整性,资源关系引用 1 次；存在 owner/任务负责人证据；元数据行数为 0；有分区 1 个
P3,14,ods_api_jlqc_uni_promition_report_info_du,ODS_全域推广报告信息表(巨量千川API),包彦,包彦,2220.0,607813.0,17,PRIMARY_KEYS,"`dt`, `__id`",`dt`,43,43,1,mbOokVFxIa,ODS_全域推广报告信息表(巨量千川API)【连接器】,2026-07-09 10:03:34,44.0,0.0,0,,1,0,0,0,0,0,36.0,ods,共享数据,"表级行数非零；表级行数 7/30 天波动；最新分区 `dt` 非空/及时；主键 `dt`, `__id` 重复检查；金额/费用字段非负与异常极值；推广费/投放指标非负与日期完整性；店铺标识关键字段空值；原始 API 记录落地完整性",有关联产出任务 1 个；资源关系引用 1 次；存在 owner/任务负责人证据；有分区 43 个
P3,14,ods_api_jlqc_uni_promition_video_report_info_du,ODS_全域推广推商品报告信息表(巨量千川API),包彦,陶林强,12301.0,5643844.0,15,PRIMARY_KEYS,"`dt`, `__id`",`dt`,400,800,1,H0cfw3LQQJ,ODS_全域推广推商品报告信息表(巨量千川API)【连接器】,2026-07-09 10:02:19,11.0,0.0,0,,1,0,0,0,0,0,85.0,ods,共享数据,"表级行数非零；表级行数 7/30 天波动；最新分区 `dt` 非空/及时；主键 `dt`, `__id` 重复检查；金额/费用字段非负与异常极值；推广费/投放指标非负与日期完整性；商品编码/名称关键字段空值；店铺标识关键字段空值；原始 API 记录落地完整性",有关联产出任务 1 个；资源关系引用 1 次；存在 owner/任务负责人证据；有分区 400 个
P3,14,ods_api_jstbz_distributor_supplier_info_f,ODS_分销供应商信息表(聚水潭标准API),管理员,管理员,38.0,23335.0,7,PRIMARY_KEYS,`__id`,,1,16,1,6LesyTtRSY,ods_api_jstbz_distributor_supplier_info_f【EtlDevelop任务】,,0.0,0.0,0,,1,0,0,0,0,0,85.0,ods,共享数据,表级行数非零；表级行数 7/30 天波动；最新日期字段 dt 及时；主键 `__id` 重复检查；店铺标识关键字段空值；原始 API 记录落地完整性,有关联产出任务 1 个；资源关系引用 1 次；存在 owner/任务负责人证据；有分区 1 个
P3,14,ods_api_jstbz_pick_batch_info_du,ODS_拣货批次信息表(聚水潭标准API),管理员,管理员,107922.0,101529127.0,43,PRIMARY_KEYS,"`dt`, `__id`",`dt`,214,428,1,yTMZV1w1la,ODS_拣货批次信息表(聚水潭标准API)【连接器】,2026-07-09 02:08:47,1744.0,0.0,0,,1,0,0,0,0,0,85.0,ods,共享数据,"表级行数非零；表级行数 7/30 天波动；最新分区 `dt` 非空/及时；主键 `dt`, `__id` 重复检查；商品编码/名称关键字段空值；店铺标识关键字段空值；原始 API 记录落地完整性",有关联产出任务 1 个；资源关系引用 1 次；存在 owner/任务负责人证据；有分区 214 个
P3,14,ods_api_jstbz_purchase_instock_old_info_du,ODS_旧版采购入库信息表(聚水潭标准API),管理员,管理员,31100.0,18997790.0,29,PRIMARY_KEYS,"`dt`, `__id`",`dt`,212,424,1,8fKgb9Ovnm,ODS_旧版采购入库信息表(聚水潭标准API)【连接器】,2026-07-09 02:01:28,2420.0,0.0,0,,1,0,0,0,0,0,85.0,ods,共享数据,"表级行数非零；表级行数 7/30 天波动；最新分区 `dt` 非空/及时；主键 `dt`, `__id` 重复检查；店铺标识关键字段空值；原始 API 记录落地完整性",有关联产出任务 1 个；资源关系引用 1 次；存在 owner/任务负责人证据；有分区 212 个
P3,14,ods_api_tb_item_sku_info_du,ODS_商品SKU信息表(淘宝API),管理员,,0.0,0.0,19,PRIMARY_KEYS,"`dt`, `__id`",`dt`,1,2,0,,,,0.0,0.0,0,,1,0,0,0,0,0,0.0,ods,共享数据,"表级行数非零；表级行数 7/30 天波动；最新分区 `dt` 非空/及时；主键 `dt`, `__id` 重复检查；金额/费用字段非负与异常极值；商品编码/名称关键字段空值；店铺标识关键字段空值；原始 API 记录落地完整性",资源关系引用 1 次；存在 owner/任务负责人证据；元数据行数为 0；有分区 1 个
P3,14,ods_api_tb_trade_full_info_du,ODS_交易详细信息表(淘宝API),管理员,,0.0,0.0,9,PRIMARY_KEYS,"`dt`, `__id`",`dt`,1,2,0,,,,0.0,0.0,0,,1,0,0,0,0,0,0.0,ods,共享数据,"表级行数非零；表级行数 7/30 天波动；最新分区 `dt` 非空/及时；主键 `dt`, `__id` 重复检查；推广费/投放指标非负与日期完整性；店铺标识关键字段空值；原始 API 记录落地完整性",资源关系引用 1 次；存在 owner/任务负责人证据；元数据行数为 0；有分区 1 个
P3,14,ods_api_tb_wxtwjb_use_bizcode_info_du,ODS_账户bizcode信息表(淘宝万相台无界API),包彦,,0.0,0.0,4,PRIMARY_KEYS,`__id`,,1,16,0,,,,0.0,0.0,0,,1,0,0,0,0,0,0.0,ods,共享数据,表级行数非零；表级行数 7/30 天波动；最新日期字段 dt 及时；主键 `__id` 重复检查；店铺标识关键字段空值；原始 API 记录落地完整性,资源关系引用 1 次；存在 owner/任务负责人证据；元数据行数为 0；有分区 1 个
P3,14,ods_api_xhsjg_account_flow_info_du_xhsjg,ODS_账户流水信息表(小红书聚光API)	,包彦,陶林强,830.0,1477672.0,10,PRIMARY_KEYS,"`dt`, `__id`",`dt`,357,714,1,QWAj9165Y7,ODS_账户流水信息表(小红书聚光API)	【连接器】,2026-07-09 10:01:33,2.0,0.0,0,,1,0,0,0,0,0,85.0,ods,共享数据,"表级行数非零；表级行数 7/30 天波动；最新分区 `dt` 非空/及时；主键 `dt`, `__id` 重复检查；推广费/投放指标非负与日期完整性；店铺标识关键字段空值；原始 API 记录落地完整性",有关联产出任务 1 个；资源关系引用 1 次；存在 owner/任务负责人证据；有分区 357 个
P3,14,ODS_doyintuizhibo,ODS_抖音乘方推广花费推直播,包彦,陶林强,11.0,25098.0,13,PRIMARY_KEYS,`__id`,,1,16,1,Y1wfVmL5mB,ODS_抖音乘方推广花费推直播【迁移】,,0.0,0.0,0,,1,0,0,0,0,0,85.0,不规范命名,共享数据,表级行数非零；表级行数 7/30 天波动；主键 `__id` 重复检查；金额/费用字段非负与异常极值；推广费/投放指标非负与日期完整性,有关联产出任务 1 个；资源关系引用 1 次；存在 owner/任务负责人证据；有分区 1 个
P3,14,ontology_dimension_field_enum_value_table,,,,0.0,0.0,7,DUP_KEYS,,`yuce_tenant_id`,1,1,0,,,,0.0,0.0,0,,0,0,0,0,0,0,0.0,业务库的其他表,共享数据,表级行数非零；表级行数 7/30 天波动；最新分区 `yuce_tenant_id` 非空/及时,元数据行数为 0；有分区 1 个；未识别到物理主键配置
P3,14,pdd_promotion_reportproduct_promotion_dailytotal,拼多多推广报表商品推广日报合计,包彦,陶林强,6546.0,1256841.0,45,PRIMARY_KEYS,`__id`,,1,16,1,urgjpDdmyE,拼多多推广报表商品推广日报合计【迁移】,,0.0,0.0,0,,1,0,0,0,0,0,0.0,不规范命名,共享数据,表级行数非零；表级行数 7/30 天波动；最新日期字段 business_date 及时；主键 `__id` 重复检查；金额/费用字段非负与异常极值；推广费/投放指标非负与日期完整性；商品编码/名称关键字段空值；店铺标识关键字段空值,有关联产出任务 1 个；资源关系引用 1 次；存在 owner/任务负责人证据；有分区 1 个
P3,14,pdd_tgzx_promotion_report_store_promotion_total,拼多多推广中心推广报表店铺推广明星店铺合计,包彦,陶林强,63.0,101830.0,25,PRIMARY_KEYS,`__id`,,1,16,1,0Eqc1YZP4d,拼多多推广中心推广报表店铺推广明星店铺合计【迁移】,,0.0,0.0,0,,1,0,0,0,0,0,85.0,不规范命名,共享数据,表级行数非零；表级行数 7/30 天波动；最新日期字段 business_date 及时；主键 `__id` 重复检查；金额/费用字段非负与异常极值；推广费/投放指标非负与日期完整性；商品编码/名称关键字段空值；店铺标识关键字段空值,有关联产出任务 1 个；资源关系引用 1 次；存在 owner/任务负责人证据；有分区 1 个
P3,14,shangpinzhutifenxi_dajianbuhuojihua,商品主题分析_大件补货计划,包彦,李梦丽,497981.0,23164940.0,11,PRIMARY_KEYS,`__id`,,1,16,1,pDeUetyHbD,商品主题分析_大件补货计划【迁移】,,0.0,0.0,0,,1,0,0,0,0,0,0.0,不规范命名,共享数据,表级行数非零；表级行数 7/30 天波动；主键 `__id` 重复检查；商品编码/名称关键字段空值,有关联产出任务 1 个；资源关系引用 1 次；存在 owner/任务负责人证据；有分区 1 个
P3,14,shield_user,权限用户表,包彦,管理员,432.0,88678.0,16,PRIMARY_KEYS,`__id`,,1,16,1,jWsPuycQWf,权限用户表【迁移】,,0.0,0.0,0,,1,0,0,0,0,0,85.0,不规范命名,共享数据,表级行数非零；表级行数 7/30 天波动；最新日期字段 expiration_date 及时；主键 `__id` 重复检查,有关联产出任务 1 个；资源关系引用 1 次；存在 owner/任务负责人证据；有分区 1 个
P3,14,std_api_tb_wxtwjb_mot_adv_fee_share_result_info_f,STD_广告费用分摊结果信息表(淘宝万相台无界API),管理员,,0.0,0.0,16,PRIMARY_KEYS,`__id`,,1,4,0,,,,0.0,0.0,0,,1,0,0,0,0,0,0.0,std,共享数据,表级行数非零；表级行数 7/30 天波动；最新日期字段 bill_date 及时；主键 `__id` 重复检查；金额/费用字段非负与异常极值；推广费/投放指标非负与日期完整性；商品编码/名称关键字段空值；店铺标识关键字段空值；原始 API 记录落地完整性,资源关系引用 1 次；存在 owner/任务负责人证据；元数据行数为 0；有分区 1 个
P3,14,tianmaodamopanshuju,天猫-达摩盘数据,包彦,李梦丽,33657.0,3713979.0,24,PRIMARY_KEYS,`__id`,,1,16,1,CngduYfCi2,天猫-达摩盘数据【迁移】,,0.0,0.0,0,,1,0,0,0,0,0,85.0,不规范命名,共享数据,表级行数非零；表级行数 7/30 天波动；主键 `__id` 重复检查；金额/费用字段非负与异常极值；推广费/投放指标非负与日期完整性,有关联产出任务 1 个；资源关系引用 1 次；存在 owner/任务负责人证据；有分区 1 个
P3,14,tianmaotuiguanggequdaohuizong,天猫推广各渠道汇总,包彦,李梦丽,245.0,55904.0,11,PRIMARY_KEYS,`__id`,,1,16,1,GFuuXrQyK2,天猫推广各渠道汇总【迁移】,,0.0,0.0,0,,1,0,0,0,0,0,85.0,不规范命名,共享数据,表级行数非零；表级行数 7/30 天波动；主键 `__id` 重复检查；金额/费用字段非负与异常极值；推广费/投放指标非负与日期完整性,有关联产出任务 1 个；资源关系引用 1 次；存在 owner/任务负责人证据；有分区 1 个
P3,14,UD_1_1ICA4_n20250417182,2025-04-17-18-22-01--74006363,管理员,管理员,1055.0,437658.0,49,PRIMARY_KEYS,`__id`,,1,16,1,P2KOIVTij0,2025-04-17-18-22-01--74006363【EXCEL】,,0.0,0.0,0,,1,0,0,0,0,0,0.0,不规范命名,我的数据,表级行数非零；表级行数 7/30 天波动；主键 `__id` 重复检查,有关联产出任务 1 个；资源关系引用 1 次；存在 owner/任务负责人证据；有分区 1 个
P3,14,UD_1_2WKFV_ajd20250401s,api-京东20250401售后数据验证,管理员,管理员,37.0,57432.0,16,PRIMARY_KEYS,`__id`,,1,16,1,iCaQ3rcuxW,api-京东20250401售后数据验证【EXCEL】,,0.0,0.0,0,,1,0,0,0,0,0,0.0,不规范命名,我的数据,表级行数非零；表级行数 7/30 天波动；主键 `__id` 重复检查；退款/售后金额与数量范围；商品编码/名称关键字段空值,有关联产出任务 1 个；资源关系引用 1 次；存在 owner/任务负责人证据；有分区 1 个
P3,14,UD_1_84I4D_shdcjd202504,售后导出-京东20250401售后数据验证,管理员,管理员,84.0,192258.0,49,PRIMARY_KEYS,`__id`,,1,16,1,rEg5VOHQUD,售后导出-京东20250401售后数据验证【EXCEL】,,0.0,0.0,0,,1,0,0,0,0,0,0.0,不规范命名,我的数据,表级行数非零；表级行数 7/30 天波动；主键 `__id` 重复检查；退款/售后金额与数量范围,有关联产出任务 1 个；资源关系引用 1 次；存在 owner/任务负责人证据；有分区 1 个
P3,14,UD_1_IQAAT_n20250417182,2025-04-17-18-22-01--74006363 3,管理员,管理员,1055.0,437658.0,49,PRIMARY_KEYS,`__id`,,1,16,1,E28oWkEwbd,2025-04-17-18-22-01--74006363 3【EXCEL】,,0.0,0.0,0,,1,0,0,0,0,0,0.0,不规范命名,我的数据,表级行数非零；表级行数 7/30 天波动；主键 `__id` 重复检查,有关联产出任务 1 个；资源关系引用 1 次；存在 owner/任务负责人证据；有分区 1 个
P3,14,UD_1_N090K_n20250417182,2025-04-17-18-22-01--74006363 3,管理员,管理员,1054.0,436640.0,49,PRIMARY_KEYS,`__id`,,1,16,1,V7KE7kqGn9,2025-04-17-18-22-01--74006363 3【EXCEL】,,0.0,0.0,0,,1,0,0,0,0,0,0.0,不规范命名,我的数据,表级行数非零；表级行数 7/30 天波动；主键 `__id` 重复检查,有关联产出任务 1 个；资源关系引用 1 次；存在 owner/任务负责人证据；有分区 1 个
P3,14,UD_1_W2TVD_spxxwdb,商品信息维度表,管理员,管理员,23.0,2880.0,4,PRIMARY_KEYS,`__id`,,1,2,1,bQwZM42nCN,商品信息维度表【EXCEL】,,0.0,0.0,0,,1,1,0,0,0,0,0.0,不规范命名,我的数据,表级行数非零；表级行数 7/30 天波动；主键 `__id` 重复检查；商品编码/名称关键字段空值,有关联产出任务 1 个；资源关系引用 1 次；存在 owner/任务负责人证据；有分区 1 个
P3,14,UD_1_YJ3LL_spxsmxb,商品销售明细表,管理员,管理员,40514.0,798910.0,8,PRIMARY_KEYS,`__id`,,1,2,1,LSMV3VvHBx,商品销售明细表【EXCEL】,,0.0,0.0,0,,1,1,0,0,0,0,0.0,不规范命名,我的数据,表级行数非零；表级行数 7/30 天波动；主键 `__id` 重复检查；商品编码/名称关键字段空值,有关联产出任务 1 个；资源关系引用 1 次；存在 owner/任务负责人证据；有分区 1 个
P3,14,UD_1_ZY4IM_mdxxwdb,门店信息维度表,管理员,管理员,312.0,13448.0,5,PRIMARY_KEYS,`__id`,,1,2,1,Svg3Gvcmcq,门店信息维度表【EXCEL】,,0.0,0.0,0,,1,1,0,0,0,0,0.0,不规范命名,我的数据,表级行数非零；表级行数 7/30 天波动；主键 `__id` 重复检查,有关联产出任务 1 个；资源关系引用 1 次；存在 owner/任务负责人证据；有分区 1 个
P3,14,UD_3418004512502203_2AERW_xtfhsj10yyty,系统发货数据-10月圆通云仓发货数据(1),包彦,陶林强,473716.0,37385995.0,27,PRIMARY_KEYS,`__id`,,1,16,1,2Suazzsn4a,系统发货数据-10月圆通云仓发货数据(1)【EXCEL】,,0.0,0.0,0,,1,0,0,0,0,0,85.0,不规范命名,共享数据,表级行数非零；表级行数 7/30 天波动；主键 `__id` 重复检查；商品编码/名称关键字段空值,有关联产出任务 1 个；资源关系引用 1 次；存在 owner/任务负责人证据；有分区 1 个
P3,14,UD_3418004512502203_7FJY7_n10yxjcygsj,10月 小件仓用工数据,包彦,陶林强,350803.0,18237601.0,16,PRIMARY_KEYS,`__id`,,1,16,1,A1MVBK7dIH,10月 小件仓用工数据【EXCEL】,,0.0,0.0,0,,1,0,0,0,0,0,85.0,不规范命名,共享数据,表级行数非零；表级行数 7/30 天波动；主键 `__id` 重复检查；商品编码/名称关键字段空值,有关联产出任务 1 个；资源关系引用 1 次；存在 owner/任务负责人证据；有分区 1 个
P3,14,UD_3418004512502203_9MH8X_hz10yytycfhs,汇总-10月圆通云仓发货数据(1),包彦,陶林强,9.0,14026.0,7,PRIMARY_KEYS,`__id`,,1,16,1,vDApUu3jyc,汇总-10月圆通云仓发货数据(1)【EXCEL】,,0.0,0.0,0,,1,0,0,0,0,0,85.0,不规范命名,共享数据,表级行数非零；表级行数 7/30 天波动；主键 `__id` 重复检查,有关联产出任务 1 个；资源关系引用 1 次；存在 owner/任务负责人证据；有分区 1 个
P3,14,ud_3418004512502203_dryhjcbcfzhb,dwd_人员合计成本拆分综合表,包彦,陶林强,7139.0,864446.0,27,PRIMARY_KEYS,`__id`,,1,16,1,3rKGsCxtdI,BI人员合计成本制作-dwd_人员合计成本拆分综合表【刷新】,,0.0,0.0,0,,1,0,0,0,0,0,85.0,不规范命名,共享数据,表级行数非零；表级行数 7/30 天波动；主键 `__id` 重复检查；金额/费用字段非负与异常极值,有关联产出任务 1 个；资源关系引用 1 次；存在 owner/任务负责人证据；有分区 1 个
P3,14,UD_3418004512502203_IQJHA_cgcbhd1,采购成本核对(1),包彦,陶林强,99.0,38777.0,11,PRIMARY_KEYS,`__id`,,1,16,1,IEw3v5US2M,采购成本核对(1)【EXCEL】,,0.0,0.0,0,,1,0,0,0,0,0,85.0,不规范命名,共享数据,表级行数非零；表级行数 7/30 天波动；主键 `__id` 重复检查；金额/费用字段非负与异常极值；商品编码/名称关键字段空值,有关联产出任务 1 个；资源关系引用 1 次；存在 owner/任务负责人证据；有分区 1 个
P3,14,UD_3418004512502203_KFX12_tghfsj202401,推广花费数据20240101-20240201-推广2023.9.25-2024.2.1,包彦,陶林强,10669.0,829102.0,21,PRIMARY_KEYS,`__id`,,1,16,1,OfaSO71A04,推广花费数据20240101-20240201-推广2023.9.25-2024.2.1【EXCEL】,,0.0,0.0,0,,1,0,0,0,0,0,0.0,不规范命名,共享数据,表级行数非零；表级行数 7/30 天波动；主键 `__id` 重复检查；推广费/投放指标非负与日期完整性,有关联产出任务 1 个；资源关系引用 1 次；存在 owner/任务负责人证据；有分区 1 个
P3,14,ud_3418004512502203_n14pddptyfx,1.4拼多多平台运费险,包彦,陶林强,194682.0,9056663.0,7,PRIMARY_KEYS,`__id`,,1,4,1,iKQ37bik0i,1.4推广、流量数据数据-1.4拼多多平台运费险【刷新】,2026-06-15 16:59:36,194682.0,0.0,0,,1,0,0,0,0,0,27.0,不规范命名,共享数据,表级行数非零；表级行数 7/30 天波动；最新日期字段 business_date 及时；主键 `__id` 重复检查；金额/费用字段非负与异常极值；店铺标识关键字段空值,有关联产出任务 1 个；资源关系引用 1 次；存在 owner/任务负责人证据；有分区 1 个
P3,14,ud_3418004512502203_n14pddptzhkd,1.4拼多多平台综合扣点,包彦,陶林强,26725.0,1476234.0,7,PRIMARY_KEYS,`__id`,,1,4,1,PyeunR8t6s,1.4推广、流量数据数据-1.4拼多多平台综合扣点【刷新】,2026-06-15 16:59:40,26725.0,0.0,0,,1,0,0,0,0,0,27.0,不规范命名,共享数据,表级行数非零；表级行数 7/30 天波动；最新日期字段 business_date 及时；主键 `__id` 重复检查；金额/费用字段非负与异常极值；店铺标识关键字段空值,有关联产出任务 1 个；资源关系引用 1 次；存在 owner/任务负责人证据；有分区 1 个
P3,14,ud_3418004512502203_rszztbdsj,人事制作图标的数据,包彦,陶林强,600.0,290939.0,49,PRIMARY_KEYS,`__id`,,1,16,1,35e4AYgOob,3.人事看板搭建-人事制作图标的数据【刷新】,,0.0,0.0,0,,1,2,0,0,0,0,85.0,不规范命名,共享数据,表级行数非零；表级行数 7/30 天波动；主键 `__id` 重复检查；金额/费用字段非负与异常极值,有关联产出任务 1 个；资源关系引用 1 次；存在 owner/任务负责人证据；有分区 1 个
P3,14,UD_4971200913022541_1JNM1_n20883414595,2088341459563581016_202604_账务明细_1,包彦,包彦,500000.0,88131141.0,25,PRIMARY_KEYS,`__id`,,1,4,1,MsA1KOEW8B,2088341459563581016_202604_账务明细_1【EXCEL】,,0.0,0.0,0,,1,0,0,0,0,0,54.0,不规范命名,我的数据,表级行数非零；表级行数 7/30 天波动；主键 `__id` 重复检查；推广费/投放指标非负与日期完整性,有关联产出任务 1 个；资源关系引用 1 次；存在 owner/任务负责人证据；有分区 1 个
P3,14,UD_4971200913022541_51HB5_n20883414595,20883414595635810156_202604_账务明细_3,包彦,包彦,500000.0,84699775.0,25,PRIMARY_KEYS,`__id`,,1,4,1,d26rMdMycB,20883414595635810156_202604_账务明细_3【EXCEL】,,0.0,0.0,0,,1,0,0,0,0,0,54.0,不规范命名,我的数据,表级行数非零；表级行数 7/30 天波动；主键 `__id` 重复检查；推广费/投放指标非负与日期完整性,有关联产出任务 1 个；资源关系引用 1 次；存在 owner/任务负责人证据；有分区 1 个
P3,14,UD_4971200913022541_9RPYF_n20883414595,20883414595635810156_202604_账务明细_2,包彦,包彦,500000.0,88082479.0,25,PRIMARY_KEYS,`__id`,,1,4,1,9oKSQ4zTI7,20883414595635810156_202604_账务明细_2【EXCEL】,,0.0,0.0,0,,1,0,0,0,0,0,54.0,不规范命名,我的数据,表级行数非零；表级行数 7/30 天波动；主键 `__id` 重复检查；推广费/投放指标非负与日期完整性,有关联产出任务 1 个；资源关系引用 1 次；存在 owner/任务负责人证据；有分区 1 个
P3,14,UD_4971200913022541_LIL4S_n20883414595,20883414595635810156_202604_账务明细_4,包彦,包彦,500000.0,84854831.0,25,PRIMARY_KEYS,`__id`,,1,4,1,PxqasUgEKL,20883414595635810156_202604_账务明细_4【EXCEL】,,0.0,0.0,0,,1,0,0,0,0,0,54.0,不规范命名,我的数据,表级行数非零；表级行数 7/30 天波动；主键 `__id` 重复检查；推广费/投放指标非负与日期完整性,有关联产出任务 1 个；资源关系引用 1 次；存在 owner/任务负责人证据；有分区 1 个
P3,14,UD_4971200913022541_S4Z7O_n20883414595,20883414595635810156_202604_账务明细_5,包彦,包彦,500000.0,85704839.0,25,PRIMARY_KEYS,`__id`,,1,4,1,u2e8ZhoMy7,20883414595635810156_202604_账务明细_5【EXCEL】,,0.0,0.0,0,,1,0,0,0,0,0,54.0,不规范命名,我的数据,表级行数非零；表级行数 7/30 天波动；主键 `__id` 重复检查；推广费/投放指标非负与日期完整性,有关联产出任务 1 个；资源关系引用 1 次；存在 owner/任务负责人证据；有分区 1 个
P3,14,UD_4971200913022541_UVWVS_n20883414595,20883414595635810156_202604_账务明细_6,包彦,包彦,228315.0,35368113.0,25,PRIMARY_KEYS,`__id`,,1,4,1,JSaQfwyjQ1,20883414595635810156_202604_账务明细_6【EXCEL】,,0.0,0.0,0,,1,0,0,0,0,0,54.0,不规范命名,我的数据,表级行数非零；表级行数 7/30 天波动；主键 `__id` 重复检查；推广费/投放指标非负与日期完整性,有关联产出任务 1 个；资源关系引用 1 次；存在 owner/任务负责人证据；有分区 1 个
P3,14,UD_5179579576634064_XFY1Q_ydtgyscfb111,月度推广预算拆分表11111,李梦丽,李梦丽,241.0,17764.0,14,PRIMARY_KEYS,`__id`,,1,2,1,kdQv1wb6Pr,月度推广预算拆分表11111【EXCEL】,,0.0,0.0,0,,1,0,0,0,0,0,0.0,不规范命名,我的数据,表级行数非零；表级行数 7/30 天波动；主键 `__id` 重复检查；推广费/投放指标非负与日期完整性,有关联产出任务 1 个；资源关系引用 1 次；存在 owner/任务负责人证据；有分区 1 个
P3,14,yuantongyuncangbaocaizhangdanchaifen,圆通云仓包材账单拆分,包彦,陶林强,473716.0,44524724.0,32,PRIMARY_KEYS,`__id`,,1,16,1,q36jOODEYb,圆通云仓包材账单拆分【迁移】,,0.0,0.0,0,,1,0,0,0,0,0,55.0,不规范命名,共享数据,表级行数非零；表级行数 7/30 天波动；主键 `__id` 重复检查；金额/费用字段非负与异常极值；商品编码/名称关键字段空值；店铺标识关键字段空值,有关联产出任务 1 个；资源关系引用 1 次；存在 owner/任务负责人证据；有分区 1 个
P3,13,_persist_COLLECTION_2b0DOi3BgT_WORKING,,陶林强,,310945.0,16011332.0,29,DUP_KEYS,,,1,4,0,,,,0.0,0.0,0,,0,0,0,0,0,1,30.0,草稿态物化表,共享数据,表级行数非零；表级行数 7/30 天波动；候选业务键 spbm 重复检查；退款/售后金额与数量范围；商品编码/名称关键字段空值；物化表与来源 collection 完整性,存在 owner/任务负责人证据；有分区 1 个；未识别到物理主键配置；被物化关系引用 1 次
P3,13,_persist_COLLECTION_2wugEergFy,,陶林强,,910203.0,89601493.0,39,DUP_KEYS,,,1,4,0,,,,0.0,0.0,0,,0,0,0,0,0,1,0.0,正式态物化表,共享数据,表级行数非零；表级行数 7/30 天波动；最新日期字段 thedate 及时；推广费/投放指标非负与日期完整性；店铺标识关键字段空值；物化表与来源 collection 完整性,存在 owner/任务负责人证据；有分区 1 个；未识别到物理主键配置；被物化关系引用 1 次
P3,13,_persist_COLLECTION_4leupceWeP,,陶林强,,90.0,20418.0,5,DUP_KEYS,,,1,16,0,,,,0.0,0.0,0,,0,0,0,0,0,1,0.0,正式态物化表,共享数据,表级行数非零；表级行数 7/30 天波动；候选业务键 spbm 重复检查；商品编码/名称关键字段空值；物化表与来源 collection 完整性,存在 owner/任务负责人证据；有分区 1 个；未识别到物理主键配置；被物化关系引用 1 次
P3,13,_persist_COLLECTION_7BQ7WfcfVs,,陶林强,,96.0,24150.0,6,DUP_KEYS,,,1,16,0,,,,0.0,0.0,0,,0,0,0,0,0,1,0.0,正式态物化表,共享数据,表级行数非零；表级行数 7/30 天波动；候选业务键 spbm 重复检查；商品编码/名称关键字段空值；物化表与来源 collection 完整性,存在 owner/任务负责人证据；有分区 1 个；未识别到物理主键配置；被物化关系引用 1 次
P3,13,_persist_COLLECTION_8J6H6rrLlD,,李梦丽,,112.0,17608.0,4,DUP_KEYS,,,1,16,0,,,,0.0,0.0,0,,0,0,0,0,0,1,0.0,正式态物化表,共享数据,表级行数非零；表级行数 7/30 天波动；物化表与来源 collection 完整性,存在 owner/任务负责人证据；有分区 1 个；未识别到物理主键配置；被物化关系引用 1 次
P3,13,_persist_COLLECTION_8su24TuiMk,,陶林强,,10188.0,417576.0,6,DUP_KEYS,,,1,4,0,,,,0.0,0.0,0,,0,0,0,0,0,1,0.0,正式态物化表,共享数据,表级行数非零；表级行数 7/30 天波动；商品编码/名称关键字段空值；物化表与来源 collection 完整性,存在 owner/任务负责人证据；有分区 1 个；未识别到物理主键配置；被物化关系引用 1 次
P3,13,_persist_COLLECTION_a1A7zg3BdL,,包彦,,7.0,5065.0,5,DUP_KEYS,,,1,4,0,,,,0.0,0.0,0,,0,0,0,0,0,1,0.0,正式态物化表,共享数据,表级行数非零；表级行数 7/30 天波动；物化表与来源 collection 完整性,存在 owner/任务负责人证据；有分区 1 个；未识别到物理主键配置；被物化关系引用 1 次
P3,13,_persist_COLLECTION_cV4qEN3i7d,,陶林强,,79.0,13726.0,11,DUP_KEYS,,,1,4,0,,,,0.0,0.0,0,,0,0,0,0,0,1,48.0,正式态物化表,共享数据,表级行数非零；表级行数 7/30 天波动；物化表与来源 collection 完整性,存在 owner/任务负责人证据；有分区 1 个；未识别到物理主键配置；被物化关系引用 1 次
P3,13,_persist_COLLECTION_cV4qEN3i7d_WORKING,,陶林强,,79.0,14114.0,11,DUP_KEYS,,,1,4,0,,,,0.0,0.0,0,,0,0,0,0,0,1,14.0,草稿态物化表,共享数据,表级行数非零；表级行数 7/30 天波动；物化表与来源 collection 完整性,存在 owner/任务负责人证据；有分区 1 个；未识别到物理主键配置；被物化关系引用 1 次
P3,13,_persist_COLLECTION_D1O002ZbXR,,李梦丽,,32094.0,1268624.0,15,DUP_KEYS,,,1,4,0,,,,0.0,0.0,0,,0,0,0,0,0,1,85.0,正式态物化表,共享数据,表级行数非零；表级行数 7/30 天波动；物化表与来源 collection 完整性,存在 owner/任务负责人证据；有分区 1 个；未识别到物理主键配置；被物化关系引用 1 次
P3,13,_persist_COLLECTION_Dn4SsTmI84,,陶林强,,508.0,57536.0,10,DUP_KEYS,,,1,16,0,,,,0.0,0.0,0,,0,0,0,0,0,1,0.0,正式态物化表,共享数据,表级行数非零；表级行数 7/30 天波动；金额/费用字段非负与异常极值；物化表与来源 collection 完整性,存在 owner/任务负责人证据；有分区 1 个；未识别到物理主键配置；被物化关系引用 1 次
P3,13,_persist_COLLECTION_Ebsl78ETV3,,陶林强,,551.0,63684.0,8,DUP_KEYS,,,1,4,0,,,,0.0,0.0,0,,0,0,0,0,0,1,9.0,正式态物化表,共享数据,表级行数非零；表级行数 7/30 天波动；商品编码/名称关键字段空值；物化表与来源 collection 完整性,存在 owner/任务负责人证据；有分区 1 个；未识别到物理主键配置；被物化关系引用 1 次
P3,13,_persist_COLLECTION_EMuAiVt4qs,,李梦丽,,11765.0,642626.0,16,DUP_KEYS,,,1,4,0,,,,0.0,0.0,0,,0,0,0,0,0,1,85.0,正式态物化表,共享数据,表级行数非零；表级行数 7/30 天波动；物化表与来源 collection 完整性,存在 owner/任务负责人证据；有分区 1 个；未识别到物理主键配置；被物化关系引用 1 次
P3,13,_persist_COLLECTION_fVOcGYSBY0,,包彦,,21.0,5386.0,4,DUP_KEYS,,,1,4,0,,,,0.0,0.0,0,,0,0,0,0,0,1,0.0,正式态物化表,共享数据,表级行数非零；表级行数 7/30 天波动；物化表与来源 collection 完整性,存在 owner/任务负责人证据；有分区 1 个；未识别到物理主键配置；被物化关系引用 1 次
P3,13,_persist_COLLECTION_HdaYLSZ0jU_WORKING,,陶林强,,192926.0,19746672.0,28,DUP_KEYS,,,1,4,0,,,,0.0,0.0,0,,0,0,0,0,0,1,15.0,草稿态物化表,共享数据,表级行数非零；表级行数 7/30 天波动；最新日期字段 apply_time 及时；候选业务键 spbm 重复检查；金额/费用字段非负与异常极值；退款/售后金额与数量范围；推广费/投放指标非负与日期完整性；商品编码/名称关键字段空值；店铺标识关键字段空值；物化表与来源 collection 完整性,存在 owner/任务负责人证据；有分区 1 个；未识别到物理主键配置；被物化关系引用 1 次
P3,13,_persist_COLLECTION_hzAX76b5yx,,李梦丽,,618102.0,47460000.0,30,DUP_KEYS,,,1,4,0,,,,0.0,0.0,0,,0,0,0,0,0,1,9.0,正式态物化表,共享数据,表级行数非零；表级行数 7/30 天波动；物化表与来源 collection 完整性,存在 owner/任务负责人证据；有分区 1 个；未识别到物理主键配置；被物化关系引用 1 次
P3,13,_persist_COLLECTION_losxrPn6Qu,,李梦丽,,103.0,63208.0,15,DUP_KEYS,,,1,16,0,,,,0.0,0.0,0,,0,0,0,0,0,1,0.0,正式态物化表,共享数据,表级行数非零；表级行数 7/30 天波动；物化表与来源 collection 完整性,存在 owner/任务负责人证据；有分区 1 个；未识别到物理主键配置；被物化关系引用 1 次
P3,13,_persist_COLLECTION_ngqcH54MlA,,管理员,,1.0,1959.0,9,DUP_KEYS,,,1,4,0,,,,0.0,0.0,0,,0,0,0,0,0,1,0.0,正式态物化表,共享数据,表级行数非零；表级行数 7/30 天波动；最新日期字段 update_id 及时；物化表与来源 collection 完整性,存在 owner/任务负责人证据；有分区 1 个；未识别到物理主键配置；被物化关系引用 1 次
P3,13,_persist_COLLECTION_nzKIDkQRST,,陶林强,,51054.0,1774649.0,11,DUP_KEYS,,,1,4,0,,,,0.0,0.0,0,,0,0,0,0,0,1,0.0,正式态物化表,共享数据,表级行数非零；表级行数 7/30 天波动；候选业务键 sku_id 重复检查；商品编码/名称关键字段空值；物化表与来源 collection 完整性,存在 owner/任务负责人证据；有分区 1 个；未识别到物理主键配置；被物化关系引用 1 次
P3,13,_persist_COLLECTION_owQDNV3zg4,,李梦丽,,103.0,50233.0,10,DUP_KEYS,,,1,16,0,,,,0.0,0.0,0,,0,0,0,0,0,1,0.0,正式态物化表,共享数据,表级行数非零；表级行数 7/30 天波动；物化表与来源 collection 完整性,存在 owner/任务负责人证据；有分区 1 个；未识别到物理主键配置；被物化关系引用 1 次
P3,13,_persist_COLLECTION_ox4O0bcvjq,,陶林强,,4528.0,216335.0,9,DUP_KEYS,,,1,4,0,,,,0.0,0.0,0,,0,0,0,0,0,1,6.0,正式态物化表,共享数据,表级行数非零；表级行数 7/30 天波动；候选业务键 spbm 重复检查；商品编码/名称关键字段空值；物化表与来源 collection 完整性,存在 owner/任务负责人证据；有分区 1 个；未识别到物理主键配置；被物化关系引用 1 次
P3,13,_persist_COLLECTION_P1q0PpYmnu,,管理员,,1.0,649.0,3,DUP_KEYS,,,1,4,0,,,,0.0,0.0,0,,0,0,0,0,0,1,0.0,正式态物化表,共享数据,表级行数非零；表级行数 7/30 天波动；候选业务键 sku_id 重复检查；商品编码/名称关键字段空值；物化表与来源 collection 完整性,存在 owner/任务负责人证据；有分区 1 个；未识别到物理主键配置；被物化关系引用 1 次
P3,13,_persist_COLLECTION_pAacPdq5L6,,李梦丽,,45743.0,3885992.0,30,DUP_KEYS,,,1,4,0,,,,0.0,0.0,0,,0,0,0,0,0,1,85.0,正式态物化表,共享数据,表级行数非零；表级行数 7/30 天波动；物化表与来源 collection 完整性,存在 owner/任务负责人证据；有分区 1 个；未识别到物理主键配置；被物化关系引用 1 次
P3,13,_persist_COLLECTION_PcqUpdfTKk,,陶林强,,711.0,14144.0,9,DUP_KEYS,,,1,4,0,,,,0.0,0.0,0,,0,0,0,0,0,1,48.0,正式态物化表,共享数据,表级行数非零；表级行数 7/30 天波动；物化表与来源 collection 完整性,存在 owner/任务负责人证据；有分区 1 个；未识别到物理主键配置；被物化关系引用 1 次
P3,13,_persist_COLLECTION_PcqUpdfTKk_WORKING,,陶林强,,711.0,14119.0,9,DUP_KEYS,,,1,4,0,,,,0.0,0.0,0,,0,0,0,0,0,1,14.0,草稿态物化表,共享数据,表级行数非零；表级行数 7/30 天波动；物化表与来源 collection 完整性,存在 owner/任务负责人证据；有分区 1 个；未识别到物理主键配置；被物化关系引用 1 次
P3,13,_persist_COLLECTION_PIKauGm3DC,,李梦丽,,9653.0,459412.0,17,DUP_KEYS,,,1,4,0,,,,0.0,0.0,0,,0,0,0,0,0,1,1.0,正式态物化表,共享数据,表级行数非零；表级行数 7/30 天波动；商品编码/名称关键字段空值；物化表与来源 collection 完整性,存在 owner/任务负责人证据；有分区 1 个；未识别到物理主键配置；被物化关系引用 1 次
P3,13,_persist_COLLECTION_S8QrbnZV2P,,李梦丽,,11776.0,506736.0,15,DUP_KEYS,,,1,4,0,,,,0.0,0.0,0,,0,0,0,0,0,1,85.0,正式态物化表,共享数据,表级行数非零；表级行数 7/30 天波动；物化表与来源 collection 完整性,存在 owner/任务负责人证据；有分区 1 个；未识别到物理主键配置；被物化关系引用 1 次
P3,13,_persist_COLLECTION_s9Apa7nuXH_WORKING,,李梦丽,,13577.0,1387220.0,37,DUP_KEYS,,,1,4,0,,,,0.0,0.0,0,,0,0,0,0,0,1,0.0,草稿态物化表,共享数据,表级行数非零；表级行数 7/30 天波动；物化表与来源 collection 完整性,存在 owner/任务负责人证据；有分区 1 个；未识别到物理主键配置；被物化关系引用 1 次
P3,13,_persist_COLLECTION_TtAV6mQAqk,,陶林强,,321.0,36288.0,8,DUP_KEYS,,,1,16,0,,,,0.0,0.0,0,,0,0,0,0,0,1,0.0,正式态物化表,共享数据,表级行数非零；表级行数 7/30 天波动；物化表与来源 collection 完整性,存在 owner/任务负责人证据；有分区 1 个；未识别到物理主键配置；被物化关系引用 1 次
P3,13,_persist_COLLECTION_Uf69WRELLl,,陶林强,,132.0,27855.0,8,DUP_KEYS,,,1,16,0,,,,0.0,0.0,0,,0,0,0,0,0,1,0.0,正式态物化表,共享数据,表级行数非零；表级行数 7/30 天波动；物化表与来源 collection 完整性,存在 owner/任务负责人证据；有分区 1 个；未识别到物理主键配置；被物化关系引用 1 次
P3,13,_persist_COLLECTION_vdQ1otiSuh,,陶林强,,12361.0,402879.0,6,DUP_KEYS,,,1,4,0,,,,0.0,0.0,0,,0,0,0,0,0,1,0.0,正式态物化表,共享数据,表级行数非零；表级行数 7/30 天波动；物化表与来源 collection 完整性,存在 owner/任务负责人证据；有分区 1 个；未识别到物理主键配置；被物化关系引用 1 次
P3,13,_persist_COLLECTION_WG80CIdl4A,,陶林强,,51054.0,1784264.0,10,DUP_KEYS,,,1,4,0,,,,0.0,0.0,0,,0,0,0,0,0,1,0.0,正式态物化表,共享数据,表级行数非零；表级行数 7/30 天波动；候选业务键 sku_id 重复检查；商品编码/名称关键字段空值；物化表与来源 collection 完整性,存在 owner/任务负责人证据；有分区 1 个；未识别到物理主键配置；被物化关系引用 1 次
P3,13,_persist_COLLECTION_x9KoHb3969,,李梦丽,,4884.0,236583.0,15,DUP_KEYS,,,1,4,0,,,,0.0,0.0,0,,0,0,0,0,0,1,85.0,正式态物化表,共享数据,表级行数非零；表级行数 7/30 天波动；物化表与来源 collection 完整性,存在 owner/任务负责人证据；有分区 1 个；未识别到物理主键配置；被物化关系引用 1 次
P3,13,_persist_COLLECTION_ZgqoLyvIVx,,陶林强,,112068.0,21106750.0,39,DUP_KEYS,,,1,4,0,,,,0.0,0.0,0,,0,0,0,0,0,1,2.0,正式态物化表,共享数据,表级行数非零；表级行数 7/30 天波动；最新日期字段 paymentconfirmtime 及时；候选业务键 spbm 重复检查；金额/费用字段非负与异常极值；商品编码/名称关键字段空值；物化表与来源 collection 完整性,存在 owner/任务负责人证据；有分区 1 个；未识别到物理主键配置；被物化关系引用 1 次
P3,13,_persist_COLLECTION_zh86yfnY1E,,,,5832688.0,7230788194.0,83,DUP_KEYS,,,4,16,0,,,,0.0,0.0,0,,0,0,0,0,0,0,183.0,正式态物化表,共享数据,表级行数非零；表级行数 7/30 天波动；最新日期字段 modified 及时；候选业务键 so_id 重复检查；金额/费用字段非负与异常极值；推广费/投放指标非负与日期完整性；商品编码/名称关键字段空值；店铺标识关键字段空值；物化表与来源 collection 完整性；原始 API 记录落地完整性,百万级表行数约 5832688；存储统计超过 1GB；有分区 4 个；字段数 83；未识别到物理主键配置；长期未使用 183 天且无消费证据
P3,13,_persist_COLLECTION_ZrcnQ7aDRM,,陶林强,,1726.0,47211.0,8,DUP_KEYS,,,1,4,0,,,,0.0,0.0,0,,0,0,0,0,0,1,0.0,正式态物化表,共享数据,表级行数非零；表级行数 7/30 天波动；推广费/投放指标非负与日期完整性；商品编码/名称关键字段空值；物化表与来源 collection 完整性,存在 owner/任务负责人证据；有分区 1 个；未识别到物理主键配置；被物化关系引用 1 次
P3,13,_persist_TABLE_6baCW1egXE,,李梦丽,,32109.0,835148.0,13,DUP_KEYS,,,1,4,0,,,,0.0,0.0,0,,0,0,0,0,0,1,85.0,正式态物化表,共享数据,表级行数非零；表级行数 7/30 天波动；物化表与来源 collection 完整性,存在 owner/任务负责人证据；有分区 1 个；未识别到物理主键配置；被物化关系引用 1 次
P3,13,_persist_TABLE_7KgFKqzWyT,,李梦丽,,11780.0,538447.0,12,DUP_KEYS,,,1,4,0,,,,0.0,0.0,0,,0,0,0,0,0,1,85.0,正式态物化表,共享数据,表级行数非零；表级行数 7/30 天波动；物化表与来源 collection 完整性,存在 owner/任务负责人证据；有分区 1 个；未识别到物理主键配置；被物化关系引用 1 次
P3,13,_persist_TABLE_7le8RojeaA,,李梦丽,,5097.0,176318.0,13,DUP_KEYS,,,1,4,0,,,,0.0,0.0,0,,0,0,0,0,0,1,85.0,正式态物化表,共享数据,表级行数非零；表级行数 7/30 天波动；物化表与来源 collection 完整性,存在 owner/任务负责人证据；有分区 1 个；未识别到物理主键配置；被物化关系引用 1 次
P3,13,_persist_TABLE_eUegsZDVB3,,李梦丽,,11771.0,531957.0,6,DUP_KEYS,,,1,4,0,,,,0.0,0.0,0,,0,0,0,0,0,1,85.0,正式态物化表,共享数据,表级行数非零；表级行数 7/30 天波动；物化表与来源 collection 完整性,存在 owner/任务负责人证据；有分区 1 个；未识别到物理主键配置；被物化关系引用 1 次
P3,13,_persist_TABLE_O7AhM1vW74,,李梦丽,,11769.0,243342.0,6,DUP_KEYS,,,1,4,0,,,,0.0,0.0,0,,0,0,0,0,0,1,85.0,正式态物化表,共享数据,表级行数非零；表级行数 7/30 天波动；物化表与来源 collection 完整性,存在 owner/任务负责人证据；有分区 1 个；未识别到物理主键配置；被物化关系引用 1 次
P3,13,_persist_TABLE_x7A7B3dxaJ,,陶林强,,1950.0,32264.0,1,DUP_KEYS,,,1,4,0,,,,0.0,0.0,0,,0,0,0,0,0,1,0.0,正式态物化表,共享数据,表级行数非零；表级行数 7/30 天波动；物化表与来源 collection 完整性,存在 owner/任务负责人证据；有分区 1 个；未识别到物理主键配置；被物化关系引用 1 次
P3,12,_persist_COLLECTION_ghuQO3FNsQ_WORKING,,,,47306.0,13078903.0,76,DUP_KEYS,,,1,4,0,,,,0.0,0.0,0,,0,0,0,0,0,0,0.0,草稿态物化表,共享数据,表级行数非零；表级行数 7/30 天波动；最新日期字段 pay_date 及时；候选业务键 so_id 重复检查；商品编码/名称关键字段空值；物化表与来源 collection 完整性,有分区 1 个；字段数 76；未识别到物理主键配置
P3,12,bak_ods_api_jstbz_product_sku_info_f,,,,31952.0,7764898.0,60,DUP_KEYS,,,1,1,0,,,,0.0,0.0,0,,0,0,0,0,0,0,0.0,bak,共享数据,表级行数非零；表级行数 7/30 天波动；最新日期字段 modified 及时；候选业务键 sku_id 重复检查；金额/费用字段非负与异常极值；商品编码/名称关键字段空值；店铺标识关键字段空值；原始 API 记录落地完整性,有分区 1 个；字段数 60；未识别到物理主键配置
P3,12,ud_3418004512502203_dspbmxstgxqb,dwd_商品编码销售推广详情表,包彦,,244008.0,43747279.0,51,PRIMARY_KEYS,`__id`,,1,16,0,,,,0.0,0.0,0,,1,1,0,0,0,0,0.0,不规范命名,共享数据,表级行数非零；表级行数 7/30 天波动；主键 `__id` 重复检查；推广费/投放指标非负与日期完整性；商品编码/名称关键字段空值,资源关系引用 1 次；存在 owner/任务负责人证据；有分区 1 个；字段数 51
P3,11,_python_BGMNP7aM3c_WORKING,,,,0.0,0.0,11,PRIMARY_KEYS,`__id`,,1,16,0,,,,0.0,0.0,0,,0,0,0,0,0,1,0.0,草稿态物化表,共享数据,表级行数非零；表级行数 7/30 天波动；主键 `__id` 重复检查,元数据行数为 0；有分区 1 个；被物化关系引用 1 次
P3,11,ods_api_tb_wxtwjb_short_video_report_info_f,ODS_视频加速报告信息表(淘宝万相台无界API),管理员,,40150.0,40212939.0,26,PRIMARY_KEYS,"`dt`, `__id`",`dt`,470,940,0,,,,0.0,0.0,0,,1,3,0,3,0,0,0.0,ods,共享数据,"表级行数非零；表级行数 7/30 天波动；最新分区 `dt` 非空/及时；主键 `dt`, `__id` 重复检查；推广费/投放指标非负与日期完整性；店铺标识关键字段空值；原始 API 记录落地完整性",被 3 个分析项目使用；资源关系引用 1 次；存在 owner/任务负责人证据；有分区 470 个
P3,11,ods_api_xhsjg_report_offline_spu_info_du_xhs,,,,4.0,51306.0,163,PRIMARY_KEYS,"`dt`, `__id`",`dt`,2,4,0,,,,0.0,0.0,0,,0,0,0,0,0,0,0.0,业务库的其他表,共享数据,"表级行数非零；表级行数 7/30 天波动；最新分区 `dt` 非空/及时；主键 `dt`, `__id` 重复检查；金额/费用字段非负与异常极值；退款/售后金额与数量范围；推广费/投放指标非负与日期完整性；店铺标识关键字段空值；原始 API 记录落地完整性",有分区 2 个；宽表字段数 163
P3,10,_persist_COLLECTION_aJQ55e6TrM,,,,16.0,4103.0,4,DUP_KEYS,,,1,4,0,,,,0.0,0.0,0,,0,0,0,0,0,1,7.0,正式态物化表,共享数据,表级行数非零；表级行数 7/30 天波动；物化表与来源 collection 完整性,有分区 1 个；未识别到物理主键配置；被物化关系引用 1 次
P3,10,_persist_REPORT_ITEM_1OqQ9nD0iu,,,,26542.0,622717.0,5,DUP_KEYS,,,1,16,0,,,,0.0,0.0,0,,0,0,0,0,0,1,0.0,正式态物化表,共享数据,表级行数非零；表级行数 7/30 天波动；物化表与来源 collection 完整性,有分区 1 个；未识别到物理主键配置；被物化关系引用 1 次
P3,10,_persist_REPORT_ITEM_CMwRiNZ8Oe,,,,1177.0,36061.0,2,DUP_KEYS,,,1,16,0,,,,0.0,0.0,0,,0,0,0,0,0,1,0.0,正式态物化表,共享数据,表级行数非零；表级行数 7/30 天波动；物化表与来源 collection 完整性,有分区 1 个；未识别到物理主键配置；被物化关系引用 1 次
P3,10,_persist_REPORT_ITEM_jGOuRkU6Cp,,,,5165.0,694003.0,19,DUP_KEYS,,,1,16,0,,,,0.0,0.0,0,,0,0,0,0,0,1,0.0,正式态物化表,共享数据,表级行数非零；表级行数 7/30 天波动；物化表与来源 collection 完整性,有分区 1 个；未识别到物理主键配置；被物化关系引用 1 次
P3,10,ods_api_jstbz_purchase_instock_old_info_f,ODS_旧版采购入库信息表(聚水潭标准API),管理员,,27975.0,12509307.0,27,PRIMARY_KEYS,`__id`,,1,2,0,,,,0.0,0.0,0,,1,2,0,2,0,0,0.0,ods,共享数据,表级行数非零；表级行数 7/30 天波动；最新日期字段 modified 及时；主键 `__id` 重复检查；店铺标识关键字段空值；原始 API 记录落地完整性,被 2 个分析项目使用；资源关系引用 1 次；存在 owner/任务负责人证据；有分区 1 个
P3,9,_persist_COLLECTION_5W6HsGL35k,,,,1815905.0,1620073863.0,42,DUP_KEYS,,,1,4,0,,,,0.0,0.0,0,,0,0,0,0,0,0,183.0,正式态物化表,共享数据,表级行数非零；表级行数 7/30 天波动；最新日期字段 modified 及时；候选业务键 so_id 重复检查；金额/费用字段非负与异常极值；退款/售后金额与数量范围；店铺标识关键字段空值；物化表与来源 collection 完整性；原始 API 记录落地完整性,百万级表行数约 1815905；存储统计超过 1GB；有分区 1 个；未识别到物理主键配置；长期未使用 183 天且无消费证据
P3,9,UD_1_XIKYD_dd2025122411,订单_20251224112351_130985440_1,管理员,管理员,24454.0,9909003.0,136,PRIMARY_KEYS,`__id`,,1,16,1,m1QfTdbhfw,订单_20251224112351_130985440_1【EXCEL】,,0.0,0.0,0,,1,2,0,2,0,0,195.0,不规范命名,我的数据,表级行数非零；表级行数 7/30 天波动；最新日期字段 ddtp 及时；主键 `__id` 重复检查；商品编码/名称关键字段空值,被 2 个分析项目使用；有关联产出任务 1 个；资源关系引用 1 次；存在 owner/任务负责人证据；有分区 1 个；宽表字段数 136；长期未使用 195 天且无消费证据
P3,9,virtualwh_purchase_test,virtualwh_purchase_test,包彦,,1655.0,770471.0,17,PRIMARY_KEYS,`__id`,,1,16,0,,,,0.0,0.0,0,,1,1,0,1,0,0,85.0,不规范命名,共享数据,表级行数非零；表级行数 7/30 天波动；最新日期字段 modified 及时；主键 `__id` 重复检查；店铺标识关键字段空值；原始 API 记录落地完整性,被 1 个分析项目使用；资源关系引用 1 次；存在 owner/任务负责人证据；有分区 1 个
P3,8,_order_REPORT_ITEM_00qagaGK4P,,,,5.0,528.0,2,DUP_KEYS,,,1,1,0,,,,0.0,0.0,0,,0,0,0,0,0,0,22.0,业务库的其他表,共享数据,表级行数非零；表级行数 7/30 天波动,有分区 1 个；未识别到物理主键配置
P3,8,_order_REPORT_ITEM_0Dq0BYv85c,,,,70.0,1491.0,2,DUP_KEYS,,,1,1,0,,,,0.0,0.0,0,,0,0,0,0,0,0,0.0,业务库的其他表,共享数据,表级行数非零；表级行数 7/30 天波动,有分区 1 个；未识别到物理主键配置
P3,8,_order_REPORT_ITEM_0wugmEzRQU,,,,90.0,2005.0,2,DUP_KEYS,,,1,1,0,,,,0.0,0.0,0,,0,0,0,0,0,0,0.0,业务库的其他表,共享数据,表级行数非零；表级行数 7/30 天波动,有分区 1 个；未识别到物理主键配置
P3,8,_order_REPORT_ITEM_0XqUfgc0Y1,,,,14.0,980.0,2,DUP_KEYS,,,1,1,0,,,,0.0,0.0,0,,0,0,0,0,0,0,0.0,业务库的其他表,共享数据,表级行数非零；表级行数 7/30 天波动,有分区 1 个；未识别到物理主键配置
P3,8,_order_REPORT_ITEM_3g6V12HUVV,,,,76.0,1777.0,2,DUP_KEYS,,,1,1,0,,,,0.0,0.0,0,,0,0,0,0,0,0,0.0,业务库的其他表,共享数据,表级行数非零；表级行数 7/30 天波动,有分区 1 个；未识别到物理主键配置
P3,8,_order_REPORT_ITEM_4ugtqX2IR5,,,,45.0,1337.0,2,DUP_KEYS,,,1,1,0,,,,0.0,0.0,0,,0,0,0,0,0,0,0.0,业务库的其他表,共享数据,表级行数非零；表级行数 7/30 天波动,有分区 1 个；未识别到物理主键配置
P3,8,_order_REPORT_ITEM_5s6XqYi9mx,,,,205.0,4104.0,2,DUP_KEYS,,,1,1,0,,,,0.0,0.0,0,,0,0,0,0,0,0,0.0,业务库的其他表,共享数据,表级行数非零；表级行数 7/30 天波动,有分区 1 个；未识别到物理主键配置
P3,8,_order_REPORT_ITEM_6WAFWl5iL6,,,,7.0,650.0,2,DUP_KEYS,,,1,1,0,,,,0.0,0.0,0,,0,0,0,0,0,0,0.0,业务库的其他表,共享数据,表级行数非零；表级行数 7/30 天波动,有分区 1 个；未识别到物理主键配置
P3,8,_order_REPORT_ITEM_7DOgmHBkD9,,,,9.0,648.0,2,DUP_KEYS,,,1,1,0,,,,0.0,0.0,0,,0,0,0,0,0,0,0.0,业务库的其他表,共享数据,表级行数非零；表级行数 7/30 天波动,有分区 1 个；未识别到物理主键配置
P3,8,_order_REPORT_ITEM_7FOCXd3xqP,,,,30.0,929.0,2,DUP_KEYS,,,1,1,0,,,,0.0,0.0,0,,0,0,0,0,0,0,0.0,业务库的其他表,共享数据,表级行数非零；表级行数 7/30 天波动,有分区 1 个；未识别到物理主键配置
P3,8,_order_REPORT_ITEM_81sv0LZQTL,,,,9.0,627.0,2,DUP_KEYS,,,1,1,0,,,,0.0,0.0,0,,0,0,0,0,0,0,0.0,业务库的其他表,共享数据,表级行数非零；表级行数 7/30 天波动,有分区 1 个；未识别到物理主键配置
P3,8,_order_REPORT_ITEM_AjwrzoTlFA,,,,138.0,1614.0,2,DUP_KEYS,,,1,1,0,,,,0.0,0.0,0,,0,0,0,0,0,0,0.0,业务库的其他表,共享数据,表级行数非零；表级行数 7/30 天波动,有分区 1 个；未识别到物理主键配置
P3,8,_order_REPORT_ITEM_aUu6ireo66,,,,29.0,1012.0,2,DUP_KEYS,,,1,1,0,,,,0.0,0.0,0,,0,0,0,0,0,0,0.0,业务库的其他表,共享数据,表级行数非零；表级行数 7/30 天波动,有分区 1 个；未识别到物理主键配置
P3,8,_order_REPORT_ITEM_b4aIbFBUPf,,,,99.0,1202.0,2,DUP_KEYS,,,1,1,0,,,,0.0,0.0,0,,0,0,0,0,0,0,0.0,业务库的其他表,共享数据,表级行数非零；表级行数 7/30 天波动,有分区 1 个；未识别到物理主键配置
P3,8,_order_REPORT_ITEM_BocvA39upG,,,,29.0,1012.0,2,DUP_KEYS,,,1,1,0,,,,0.0,0.0,0,,0,0,0,0,0,0,0.0,业务库的其他表,共享数据,表级行数非零；表级行数 7/30 天波动,有分区 1 个；未识别到物理主键配置
P3,8,_order_REPORT_ITEM_bUaMRcoLvV,,,,5.0,668.0,2,DUP_KEYS,,,1,1,0,,,,0.0,0.0,0,,0,0,0,0,0,0,0.0,业务库的其他表,共享数据,表级行数非零；表级行数 7/30 天波动,有分区 1 个；未识别到物理主键配置
P3,8,_order_REPORT_ITEM_Bwu4Vq1xgX,,,,2.0,526.0,2,DUP_KEYS,,,1,1,0,,,,0.0,0.0,0,,0,0,0,0,0,0,0.0,业务库的其他表,共享数据,表级行数非零；表级行数 7/30 天波动,有分区 1 个；未识别到物理主键配置
P3,8,_order_REPORT_ITEM_eNcriZGiwi,,,,24.0,975.0,2,DUP_KEYS,,,1,1,0,,,,0.0,0.0,0,,0,0,0,0,0,0,0.0,业务库的其他表,共享数据,表级行数非零；表级行数 7/30 天波动,有分区 1 个；未识别到物理主键配置
P3,8,_order_REPORT_ITEM_Eq6zOhSQGz,,,,35.0,962.0,2,DUP_KEYS,,,1,1,0,,,,0.0,0.0,0,,0,0,0,0,0,0,0.0,业务库的其他表,共享数据,表级行数非零；表级行数 7/30 天波动,有分区 1 个；未识别到物理主键配置
P3,8,_order_REPORT_ITEM_FSu4DE64fM,,,,57.0,1257.0,2,DUP_KEYS,,,1,1,0,,,,0.0,0.0,0,,0,0,0,0,0,0,0.0,业务库的其他表,共享数据,表级行数非零；表级行数 7/30 天波动,有分区 1 个；未识别到物理主键配置
P3,8,_order_REPORT_ITEM_fYgHToUl3z,,,,7.0,646.0,2,DUP_KEYS,,,1,1,0,,,,0.0,0.0,0,,0,0,0,0,0,0,0.0,业务库的其他表,共享数据,表级行数非零；表级行数 7/30 天波动,有分区 1 个；未识别到物理主键配置
P3,8,_order_REPORT_ITEM_gW4GC5vHHw,,,,6.0,616.0,2,DUP_KEYS,,,1,1,0,,,,0.0,0.0,0,,0,0,0,0,0,0,0.0,业务库的其他表,共享数据,表级行数非零；表级行数 7/30 天波动,有分区 1 个；未识别到物理主键配置
P3,8,_order_REPORT_ITEM_I2clFM0AGU,,,,19.0,804.0,2,DUP_KEYS,,,1,1,0,,,,0.0,0.0,0,,0,0,0,0,0,0,0.0,业务库的其他表,共享数据,表级行数非零；表级行数 7/30 天波动,有分区 1 个；未识别到物理主键配置
P3,8,_order_REPORT_ITEM_Idw7269JsC,,,,203.0,4071.0,2,DUP_KEYS,,,1,1,0,,,,0.0,0.0,0,,0,0,0,0,0,0,0.0,业务库的其他表,共享数据,表级行数非零；表级行数 7/30 天波动,有分区 1 个；未识别到物理主键配置
P3,8,_order_REPORT_ITEM_IeKiQEp7vg,,,,7.0,650.0,2,DUP_KEYS,,,1,1,0,,,,0.0,0.0,0,,0,0,0,0,0,0,0.0,业务库的其他表,共享数据,表级行数非零；表级行数 7/30 天波动,有分区 1 个；未识别到物理主键配置
P3,8,_order_REPORT_ITEM_IfAVkTrn4m,,,,8.0,621.0,2,DUP_KEYS,,,1,1,0,,,,0.0,0.0,0,,0,0,0,0,0,0,0.0,业务库的其他表,共享数据,表级行数非零；表级行数 7/30 天波动,有分区 1 个；未识别到物理主键配置
P3,8,_order_REPORT_ITEM_JRw51E34NV,,,,6.0,616.0,2,DUP_KEYS,,,1,1,0,,,,0.0,0.0,0,,0,0,0,0,0,0,0.0,业务库的其他表,共享数据,表级行数非零；表级行数 7/30 天波动,有分区 1 个；未识别到物理主键配置
P3,8,_order_REPORT_ITEM_ltgpURX7Zt,,,,5.0,668.0,2,DUP_KEYS,,,1,1,0,,,,0.0,0.0,0,,0,0,0,0,0,0,0.0,业务库的其他表,共享数据,表级行数非零；表级行数 7/30 天波动,有分区 1 个；未识别到物理主键配置
P3,8,_order_REPORT_ITEM_LYemLMiA1s,,,,29.0,1012.0,2,DUP_KEYS,,,1,1,0,,,,0.0,0.0,0,,0,0,0,0,0,0,0.0,业务库的其他表,共享数据,表级行数非零；表级行数 7/30 天波动,有分区 1 个；未识别到物理主键配置
P3,8,_order_REPORT_ITEM_MmqoR1eID7,,,,5.0,549.0,2,DUP_KEYS,,,1,1,0,,,,0.0,0.0,0,,0,0,0,0,0,0,0.0,业务库的其他表,共享数据,表级行数非零；表级行数 7/30 天波动,有分区 1 个；未识别到物理主键配置
P3,8,_order_REPORT_ITEM_myeeN9HuFH,,,,5.0,528.0,2,DUP_KEYS,,,1,1,0,,,,0.0,0.0,0,,0,0,0,0,0,0,61.0,业务库的其他表,共享数据,表级行数非零；表级行数 7/30 天波动,有分区 1 个；未识别到物理主键配置
P3,8,_order_REPORT_ITEM_Nyq8o8Go00,,,,8.0,603.0,2,DUP_KEYS,,,1,1,0,,,,0.0,0.0,0,,0,0,0,0,0,0,0.0,业务库的其他表,共享数据,表级行数非零；表级行数 7/30 天波动,有分区 1 个；未识别到物理主键配置
P3,8,_order_REPORT_ITEM_ooslX5tQNN,,,,203.0,4071.0,2,DUP_KEYS,,,1,1,0,,,,0.0,0.0,0,,0,0,0,0,0,0,0.0,业务库的其他表,共享数据,表级行数非零；表级行数 7/30 天波动,有分区 1 个；未识别到物理主键配置
P3,8,_order_REPORT_ITEM_OZwxmiYUBe,,,,2.0,526.0,2,DUP_KEYS,,,1,1,0,,,,0.0,0.0,0,,0,0,0,0,0,0,0.0,业务库的其他表,共享数据,表级行数非零；表级行数 7/30 天波动,有分区 1 个；未识别到物理主键配置
P3,8,_order_REPORT_ITEM_p1a29CAFWZ,,,,21.0,801.0,2,DUP_KEYS,,,1,1,0,,,,0.0,0.0,0,,0,0,0,0,0,0,0.0,业务库的其他表,共享数据,表级行数非零；表级行数 7/30 天波动,有分区 1 个；未识别到物理主键配置
P3,8,_order_REPORT_ITEM_PoQvBzGpXz,,,,1.0,508.0,2,DUP_KEYS,,,1,1,0,,,,0.0,0.0,0,,0,0,0,0,0,0,0.0,业务库的其他表,共享数据,表级行数非零；表级行数 7/30 天波动,有分区 1 个；未识别到物理主键配置
P3,8,_order_REPORT_ITEM_RaaQxGk3Fq,,,,6.0,628.0,2,DUP_KEYS,,,1,1,0,,,,0.0,0.0,0,,0,0,0,0,0,0,0.0,业务库的其他表,共享数据,表级行数非零；表级行数 7/30 天波动,有分区 1 个；未识别到物理主键配置
P3,8,_order_REPORT_ITEM_rxAnZ0sF2v,,,,5.0,528.0,2,DUP_KEYS,,,1,1,0,,,,0.0,0.0,0,,0,0,0,0,0,0,0.0,业务库的其他表,共享数据,表级行数非零；表级行数 7/30 天波动,有分区 1 个；未识别到物理主键配置
P3,8,_order_REPORT_ITEM_SHMzgxsL3H,,,,9.0,648.0,2,DUP_KEYS,,,1,1,0,,,,0.0,0.0,0,,0,0,0,0,0,0,0.0,业务库的其他表,共享数据,表级行数非零；表级行数 7/30 天波动,有分区 1 个；未识别到物理主键配置
P3,8,_order_REPORT_ITEM_SLeoq0lwqc,,,,5.0,588.0,2,DUP_KEYS,,,1,1,0,,,,0.0,0.0,0,,0,0,0,0,0,0,17.0,业务库的其他表,共享数据,表级行数非零；表级行数 7/30 天波动,有分区 1 个；未识别到物理主键配置
P3,8,_order_REPORT_ITEM_tb40vcyljS,,,,7.0,650.0,2,DUP_KEYS,,,1,1,0,,,,0.0,0.0,0,,0,0,0,0,0,0,0.0,业务库的其他表,共享数据,表级行数非零；表级行数 7/30 天波动,有分区 1 个；未识别到物理主键配置
P3,8,_order_REPORT_ITEM_tH6DOB3jyL,,,,50.0,991.0,2,DUP_KEYS,,,1,1,0,,,,0.0,0.0,0,,0,0,0,0,0,0,-1.0,业务库的其他表,共享数据,表级行数非零；表级行数 7/30 天波动,有分区 1 个；未识别到物理主键配置
P3,8,_order_REPORT_ITEM_TKaErbb9Rt,,,,5.0,615.0,2,DUP_KEYS,,,1,1,0,,,,0.0,0.0,0,,0,0,0,0,0,0,0.0,业务库的其他表,共享数据,表级行数非零；表级行数 7/30 天波动,有分区 1 个；未识别到物理主键配置
P3,8,_order_REPORT_ITEM_tvgBS5DUO4,,,,5.0,588.0,2,DUP_KEYS,,,1,1,0,,,,0.0,0.0,0,,0,0,0,0,0,0,59.0,业务库的其他表,共享数据,表级行数非零；表级行数 7/30 天波动,有分区 1 个；未识别到物理主键配置
P3,8,_order_REPORT_ITEM_usa036LihI,,,,5.0,528.0,2,DUP_KEYS,,,1,1,0,,,,0.0,0.0,0,,0,0,0,0,0,0,17.0,业务库的其他表,共享数据,表级行数非零；表级行数 7/30 天波动,有分区 1 个；未识别到物理主键配置
P3,8,_order_REPORT_ITEM_Usgzf3yskJ,,,,6.0,634.0,2,DUP_KEYS,,,1,1,0,,,,0.0,0.0,0,,0,0,0,0,0,0,0.0,业务库的其他表,共享数据,表级行数非零；表级行数 7/30 天波动,有分区 1 个；未识别到物理主键配置
P3,8,_order_REPORT_ITEM_UwANcZwMaH,,,,7.0,646.0,2,DUP_KEYS,,,1,1,0,,,,0.0,0.0,0,,0,0,0,0,0,0,0.0,业务库的其他表,共享数据,表级行数非零；表级行数 7/30 天波动,有分区 1 个；未识别到物理主键配置
P3,8,_order_REPORT_ITEM_vrQh4A0Scu,,,,70.0,1491.0,2,DUP_KEYS,,,1,1,0,,,,0.0,0.0,0,,0,0,0,0,0,0,0.0,业务库的其他表,共享数据,表级行数非零；表级行数 7/30 天波动,有分区 1 个；未识别到物理主键配置
P3,8,_order_REPORT_ITEM_wL8mNh15Qv,,,,7.0,598.0,2,DUP_KEYS,,,1,1,0,,,,0.0,0.0,0,,0,0,0,0,0,0,0.0,业务库的其他表,共享数据,表级行数非零；表级行数 7/30 天波动,有分区 1 个；未识别到物理主键配置
P3,8,_order_REPORT_ITEM_XSK8mOh2kW,,,,91.0,2018.0,2,DUP_KEYS,,,1,1,0,,,,0.0,0.0,0,,0,0,0,0,0,0,0.0,业务库的其他表,共享数据,表级行数非零；表级行数 7/30 天波动,有分区 1 个；未识别到物理主键配置
P3,8,_order_REPORT_ITEM_XsKIL04A4a,,,,224.0,4195.0,2,DUP_KEYS,,,1,1,0,,,,0.0,0.0,0,,0,0,0,0,0,0,0.0,业务库的其他表,共享数据,表级行数非零；表级行数 7/30 天波动,有分区 1 个；未识别到物理主键配置
P3,8,_order_REPORT_ITEM_Xsui5YaxGe,,,,45.0,1337.0,2,DUP_KEYS,,,1,1,0,,,,0.0,0.0,0,,0,0,0,0,0,0,0.0,业务库的其他表,共享数据,表级行数非零；表级行数 7/30 天波动,有分区 1 个；未识别到物理主键配置
P3,8,_order_REPORT_ITEM_ZNANW8MzlE,,,,29.0,1012.0,2,DUP_KEYS,,,1,1,0,,,,0.0,0.0,0,,0,0,0,0,0,0,0.0,业务库的其他表,共享数据,表级行数非零；表级行数 7/30 天波动,有分区 1 个；未识别到物理主键配置
P3,8,_order_REPORT_ITEM_ZNeq7tw2VP,,,,7.0,650.0,2,DUP_KEYS,,,1,1,0,,,,0.0,0.0,0,,0,0,0,0,0,0,0.0,业务库的其他表,共享数据,表级行数非零；表级行数 7/30 天波动,有分区 1 个；未识别到物理主键配置
P3,8,_persist_COLLECTION_8EaG8aQup0_WORKING,,,,667706.0,51047034.0,16,DUP_KEYS,,,1,4,0,,,,0.0,0.0,0,,0,0,0,0,0,0,0.0,草稿态物化表,共享数据,表级行数非零；表级行数 7/30 天波动；最新日期字段 time_of_occurrence 及时；金额/费用字段非负与异常极值；店铺标识关键字段空值；物化表与来源 collection 完整性,有分区 1 个；未识别到物理主键配置
P3,8,_persist_TABLE_FTKMl9cmdB,,,,1.0,794.0,3,DUP_KEYS,,,1,4,0,,,,0.0,0.0,0,,0,0,0,0,0,0,0.0,正式态物化表,共享数据,表级行数非零；表级行数 7/30 天波动；物化表与来源 collection 完整性,有分区 1 个；未识别到物理主键配置
P3,8,_persist_TABLE_GcqyWGH4HL,,,,2523.0,33934.0,3,DUP_KEYS,,,1,4,0,,,,0.0,0.0,0,,0,0,0,0,0,0,0.0,正式态物化表,共享数据,表级行数非零；表级行数 7/30 天波动；物化表与来源 collection 完整性,有分区 1 个；未识别到物理主键配置
P3,8,_persist_TABLE_PZKorM73um,,,,1.0,792.0,3,DUP_KEYS,,,1,4,0,,,,0.0,0.0,0,,0,0,0,0,0,0,0.0,正式态物化表,共享数据,表级行数非零；表级行数 7/30 天波动；物化表与来源 collection 完整性,有分区 1 个；未识别到物理主键配置
P3,8,_persist_TABLE_Ux2vCMJZ1E,,,,6604.0,68066.0,2,DUP_KEYS,,,1,4,0,,,,0.0,0.0,0,,0,0,0,0,0,0,0.0,正式态物化表,共享数据,表级行数非零；表级行数 7/30 天波动；候选业务键 spbm 重复检查；商品编码/名称关键字段空值；物化表与来源 collection 完整性,有分区 1 个；未识别到物理主键配置
P3,8,all_tables,,,,34851.0,1083395.0,21,DUP_KEYS,,,1,1,0,,,,0.0,0.0,0,,0,0,0,0,0,0,0.0,业务库的其他表,共享数据,表级行数非零；表级行数 7/30 天波动；最新日期字段 calculated_date 及时；推广费/投放指标非负与日期完整性,有分区 1 个；未识别到物理主键配置
P3,8,asset_directory,,,,807.0,12358.0,2,DUP_KEYS,,,1,1,0,,,,0.0,0.0,0,,0,0,0,0,0,0,0.0,业务库的其他表,共享数据,表级行数非零；表级行数 7/30 天波动,有分区 1 个；未识别到物理主键配置
P3,8,bak_ods_api_jstbz_check_info_f,,,,1415.0,3391638.0,18,DUP_KEYS,,,1,1,0,,,,0.0,0.0,0,,0,0,0,0,0,0,0.0,bak,共享数据,表级行数非零；表级行数 7/30 天波动；最新日期字段 io_date 及时；店铺标识关键字段空值；原始 API 记录落地完整性,有分区 1 个；未识别到物理主键配置
P3,8,bak_ods_api_jstbz_distributor_supplier_info_f,,,,38.0,4095.0,7,DUP_KEYS,,,1,1,0,,,,0.0,0.0,0,,0,0,0,0,0,0,0.0,bak,共享数据,表级行数非零；表级行数 7/30 天波动；最新日期字段 dt 及时；店铺标识关键字段空值；原始 API 记录落地完整性,有分区 1 个；未识别到物理主键配置
P3,8,bak_ods_api_jstbz_logistics_info_f,,,,327.0,25402.0,7,DUP_KEYS,,,1,1,0,,,,0.0,0.0,0,,0,0,0,0,0,0,0.0,bak,共享数据,表级行数非零；表级行数 7/30 天波动；最新日期字段 modified 及时；店铺标识关键字段空值；原始 API 记录落地完整性,有分区 1 个；未识别到物理主键配置
P3,8,bak_ods_api_jstbz_other_iostock_info_f,,,,1947.0,1636830.0,35,DUP_KEYS,,,1,1,0,,,,0.0,0.0,0,,0,0,0,0,0,0,0.0,bak,共享数据,表级行数非零；表级行数 7/30 天波动；最新日期字段 io_date 及时；候选业务键 so_id 重复检查；推广费/投放指标非负与日期完整性；店铺标识关键字段空值；原始 API 记录落地完整性,有分区 1 个；未识别到物理主键配置
P3,8,bak_ods_api_jstbz_pre_purchase_instock_info_f,,,,1905.0,492148.0,18,DUP_KEYS,,,1,1,0,,,,0.0,0.0,0,,0,0,0,0,0,0,0.0,bak,共享数据,表级行数非零；表级行数 7/30 天波动；最新日期字段 plan_arrive_date 及时；推广费/投放指标非负与日期完整性；店铺标识关键字段空值；原始 API 记录落地完整性,有分区 1 个；未识别到物理主键配置
P3,8,bak_ods_api_jstbz_product_item_info_f,,,,5831.0,6427633.0,32,DUP_KEYS,,,1,1,0,,,,0.0,0.0,0,,0,0,0,0,0,0,0.0,bak,共享数据,表级行数非零；表级行数 7/30 天波动；最新日期字段 modified 及时；金额/费用字段非负与异常极值；商品编码/名称关键字段空值；店铺标识关键字段空值；原始 API 记录落地完整性,有分区 1 个；未识别到物理主键配置
P3,8,bak_ods_api_jstbz_product_multi_supplier_info_f,,,,22894.0,1394178.0,18,DUP_KEYS,,,1,1,0,,,,0.0,0.0,0,,0,0,0,0,0,0,0.0,bak,共享数据,表级行数非零；表级行数 7/30 天波动；最新日期字段 dt 及时；候选业务键 sku_id 重复检查；金额/费用字段非负与异常极值；商品编码/名称关键字段空值；店铺标识关键字段空值；原始 API 记录落地完整性,有分区 1 个；未识别到物理主键配置
P3,8,bak_ods_api_jstbz_provider_info_f,,,,643.0,76267.0,17,DUP_KEYS,,,1,1,0,,,,0.0,0.0,0,,0,0,0,0,0,0,0.0,bak,共享数据,表级行数非零；表级行数 7/30 天波动；最新日期字段 modified 及时；店铺标识关键字段空值；原始 API 记录落地完整性,有分区 1 个；未识别到物理主键配置
P3,8,bak_ods_api_jstbz_purchase_info_f,,,,16299.0,14764367.0,31,DUP_KEYS,,,1,1,0,,,,0.0,0.0,0,,0,0,0,0,0,0,0.0,bak,共享数据,表级行数非零；表级行数 7/30 天波动；最新日期字段 po_date 及时；候选业务键 so_id 重复检查；金额/费用字段非负与异常极值；推广费/投放指标非负与日期完整性；店铺标识关键字段空值；原始 API 记录落地完整性,有分区 1 个；未识别到物理主键配置
P3,8,bak_ods_api_jstbz_purchase_instock_info_f,,,,56000.0,23465696.0,28,DUP_KEYS,,,1,1,0,,,,0.0,0.0,0,,0,0,0,0,0,0,0.0,bak,共享数据,表级行数非零；表级行数 7/30 天波动；最新日期字段 modified 及时；候选业务键 so_id 重复检查；店铺标识关键字段空值；原始 API 记录落地完整性,有分区 1 个；未识别到物理主键配置
P3,8,bak_ods_api_jstbz_purchase_return_info_f,,,,3958.0,6860023.0,31,DUP_KEYS,,,1,1,0,,,,0.0,0.0,0,,0,0,0,0,0,0,0.0,bak,共享数据,表级行数非零；表级行数 7/30 天波动；最新日期字段 io_date 及时；候选业务键 so_id 重复检查；金额/费用字段非负与异常极值；推广费/投放指标非负与日期完整性；店铺标识关键字段空值；原始 API 记录落地完整性,有分区 1 个；未识别到物理主键配置
P3,8,bak_ods_api_jstbz_shop_info_f,,,,122.0,30039.0,17,DUP_KEYS,,,1,1,0,,,,0.0,0.0,0,,0,0,0,0,0,0,0.0,bak,共享数据,表级行数非零；表级行数 7/30 天波动；最新日期字段 dt 及时；候选业务键 shop_id 重复检查；店铺标识关键字段空值；原始 API 记录落地完整性,有分区 1 个；未识别到物理主键配置
P3,8,bak_ods_api_jstbz_shop_product_info_f,,,,45361.0,11641319.0,27,DUP_KEYS,,,1,1,0,,,,0.0,0.0,0,,0,0,0,0,0,0,0.0,bak,共享数据,表级行数非零；表级行数 7/30 天波动；最新日期字段 modified 及时；候选业务键 sku_id 重复检查；金额/费用字段非负与异常极值；商品编码/名称关键字段空值；店铺标识关键字段空值；原始 API 记录落地完整性,有分区 1 个；未识别到物理主键配置
P3,8,bak_ods_api_jstbz_stock_info_f,,,,48659.0,4997143.0,24,DUP_KEYS,,,1,1,0,,,,0.0,0.0,0,,0,0,0,0,0,0,0.0,bak,共享数据,表级行数非零；表级行数 7/30 天波动；最新日期字段 modified 及时；候选业务键 sku_id 重复检查；商品编码/名称关键字段空值；店铺标识关键字段空值；原始 API 记录落地完整性,有分区 1 个；未识别到物理主键配置
P3,8,bak_ods_api_jstbz_suite_product_info_f,,,,9877.0,2470260.0,23,DUP_KEYS,,,1,1,0,,,,0.0,0.0,0,,0,0,0,0,0,0,0.0,bak,共享数据,表级行数非零；表级行数 7/30 天波动；最新日期字段 modified 及时；候选业务键 sku_id 重复检查；金额/费用字段非负与异常极值；商品编码/名称关键字段空值；店铺标识关键字段空值；原始 API 记录落地完整性,有分区 1 个；未识别到物理主键配置
P3,8,bak_ods_api_jstbz_transfer_info_f,,,,40256.0,41529702.0,36,DUP_KEYS,,,1,1,0,,,,0.0,0.0,0,,0,0,0,0,0,0,0.0,bak,共享数据,表级行数非零；表级行数 7/30 天波动；最新日期字段 io_date 及时；候选业务键 so_id 重复检查；推广费/投放指标非负与日期完整性；店铺标识关键字段空值；原始 API 记录落地完整性,有分区 1 个；未识别到物理主键配置
P3,8,bak_ods_api_jstbz_user_info_f,,,,532.0,62932.0,9,DUP_KEYS,,,1,1,0,,,,0.0,0.0,0,,0,0,0,0,0,0,0.0,bak,共享数据,表级行数非零；表级行数 7/30 天波动；最新日期字段 modified 及时；店铺标识关键字段空值；原始 API 记录落地完整性,有分区 1 个；未识别到物理主键配置
P3,8,bak_ods_api_jstbz_virtual_warehouse_info_f,,,,12.0,2673.0,11,DUP_KEYS,,,1,1,0,,,,0.0,0.0,0,,0,0,0,0,0,0,0.0,bak,共享数据,表级行数非零；表级行数 7/30 天波动；最新日期字段 dt 及时；店铺标识关键字段空值；原始 API 记录落地完整性,有分区 1 个；未识别到物理主键配置
P3,8,bak_ods_api_jstbz_virtualwh_purchase_info_f,,,,16855.0,10267283.0,19,DUP_KEYS,,,1,1,0,,,,0.0,0.0,0,,0,0,0,0,0,0,0.0,bak,共享数据,表级行数非零；表级行数 7/30 天波动；最新日期字段 modified 及时；店铺标识关键字段空值；原始 API 记录落地完整性,有分区 1 个；未识别到物理主键配置
P3,8,bak_ods_api_jstbz_virtualwh_repay_info_f,,,,4750.0,8729290.0,19,DUP_KEYS,,,1,1,0,,,,0.0,0.0,0,,0,0,0,0,0,0,0.0,bak,共享数据,表级行数非零；表级行数 7/30 天波动；最新日期字段 io_date 及时；候选业务键 so_id 重复检查；店铺标识关键字段空值；原始 API 记录落地完整性,有分区 1 个；未识别到物理主键配置
P3,8,bak_ods_api_jstbz_virtualwh_transfer_info_f,,,,9844.0,9162241.0,21,DUP_KEYS,,,1,1,0,,,,0.0,0.0,0,,0,0,0,0,0,0,0.0,bak,共享数据,表级行数非零；表级行数 7/30 天波动；最新日期字段 io_date 及时；候选业务键 so_id 重复检查；店铺标识关键字段空值；原始 API 记录落地完整性,有分区 1 个；未识别到物理主键配置
P3,8,bak_ods_api_jstbz_warehouse_info_f,,,,16.0,3203.0,11,DUP_KEYS,,,1,1,0,,,,0.0,0.0,0,,0,0,0,0,0,0,0.0,bak,共享数据,表级行数非零；表级行数 7/30 天波动；最新日期字段 dt 及时；店铺标识关键字段空值；原始 API 记录落地完整性,有分区 1 个；未识别到物理主键配置
P3,8,bak_ods_api_jstqm_shop_product_info_f,,,,259144.0,64601848.0,24,DUP_KEYS,,,1,1,0,,,,0.0,0.0,0,,0,0,0,0,0,0,0.0,bak,共享数据,表级行数非零；表级行数 7/30 天波动；最新日期字段 link_modified 及时；候选业务键 sku_id 重复检查；商品编码/名称关键字段空值；店铺标识关键字段空值；原始 API 记录落地完整性,有分区 1 个；未识别到物理主键配置
P3,8,combined_results_analysis,,,,6931.0,438763.0,12,DUP_KEYS,,,1,1,0,,,,0.0,0.0,0,,0,0,0,0,0,0,-1.0,业务库的其他表,共享数据,表级行数非零；表级行数 7/30 天波动；最新日期字段 object_create_time 及时,有分区 1 个；未识别到物理主键配置
P3,8,combined_results_other,,,,1859.0,170409.0,12,DUP_KEYS,,,1,1,0,,,,0.0,0.0,0,,0,0,0,0,0,0,-1.0,业务库的其他表,共享数据,表级行数非零；表级行数 7/30 天波动；最新日期字段 object_create_time 及时,有分区 1 个；未识别到物理主键配置
P3,8,instance_downstream_task_count,,,,4455.0,59403.0,2,DUP_KEYS,,,1,1,0,,,,0.0,0.0,0,,0,0,0,0,0,0,-1.0,业务库的其他表,共享数据,表级行数非零；表级行数 7/30 天波动,有分区 1 个；未识别到物理主键配置
P3,8,instance_info,,,,221866.0,5971957.0,15,DUP_KEYS,,,1,1,0,,,,0.0,0.0,0,,0,0,0,0,0,0,-1.0,业务库的其他表,共享数据,表级行数非零；表级行数 7/30 天波动；最新日期字段 start_time 及时,有分区 1 个；未识别到物理主键配置
P3,8,lake_partitions,,,,4.0,1056.0,4,DUP_KEYS,,,1,1,0,,,,0.0,0.0,0,,0,0,0,0,0,0,0.0,业务库的其他表,共享数据,表级行数非零；表级行数 7/30 天波动；推广费/投放指标非负与日期完整性,有分区 1 个；未识别到物理主键配置
P3,8,lake_tables,,,,29266.0,764728.0,9,DUP_KEYS,,,1,1,0,,,,0.0,0.0,0,,0,0,0,0,0,0,0.0,业务库的其他表,共享数据,表级行数非零；表级行数 7/30 天波动；最新日期字段 calculated_date 及时,有分区 1 个；未识别到物理主键配置
P3,8,latest_success_instances,,,,191558.0,4874766.0,8,DUP_KEYS,,,1,1,0,,,,0.0,0.0,0,,0,0,0,0,0,0,-1.0,业务库的其他表,共享数据,表级行数非零；表级行数 7/30 天波动；最新日期字段 start_time 及时,有分区 1 个；未识别到物理主键配置
P3,8,ods_api_jingdong_aftersale_cancel_order_detail_info_du,ODS_取消订单退款审核单详情信息表(京东API),包彦,,8411.0,5952741.0,19,PRIMARY_KEYS,"`dt`, `__id`",`dt`,236,472,0,,,,0.0,0.0,0,,1,0,0,0,0,0,85.0,ods,共享数据,"表级行数非零；表级行数 7/30 天波动；最新分区 `dt` 非空/及时；主键 `dt`, `__id` 重复检查；退款/售后金额与数量范围；商品编码/名称关键字段空值；店铺标识关键字段空值；原始 API 记录落地完整性",资源关系引用 1 次；存在 owner/任务负责人证据；有分区 236 个
P3,8,ods_api_tb_wxtwjb_use_bizcode_info_f,ODS_账户bizcode信息表(淘宝万相台无界API),管理员,,59.0,24926.0,7,PRIMARY_KEYS,`__id`,,1,16,0,,,,0.0,0.0,0,,1,0,0,0,0,0,0.0,ods,共享数据,表级行数非零；表级行数 7/30 天波动；最新日期字段 dt 及时；主键 `__id` 重复检查；店铺标识关键字段空值；原始 API 记录落地完整性,资源关系引用 1 次；存在 owner/任务负责人证据；有分区 1 个
P3,8,partition_strategy_info,,,,1171.0,17441.0,2,DUP_KEYS,,,1,1,0,,,,0.0,0.0,0,,0,0,0,0,0,0,0.0,业务库的其他表,共享数据,表级行数非零；表级行数 7/30 天波动,有分区 1 个；未识别到物理主键配置
P3,8,snap_check,,,,46.0,1289.0,2,DUP_KEYS,,,1,1,0,,,,0.0,0.0,0,,0,0,0,0,0,0,0.0,业务库的其他表,共享数据,表级行数非零；表级行数 7/30 天波动,有分区 1 个；未识别到物理主键配置
P3,8,sr_partitions,,,,1256.0,33859.0,4,DUP_KEYS,,,1,1,0,,,,0.0,0.0,0,,0,0,0,0,0,0,0.0,业务库的其他表,共享数据,表级行数非零；表级行数 7/30 天波动；推广费/投放指标非负与日期完整性,有分区 1 个；未识别到物理主键配置
P3,8,sr_tables,,,,5365.0,198598.0,8,DUP_KEYS,,,1,1,0,,,,0.0,0.0,0,,0,0,0,0,0,0,0.0,业务库的其他表,共享数据,表级行数非零；表级行数 7/30 天波动；最新日期字段 calculated_date 及时,有分区 1 个；未识别到物理主键配置
P3,8,sr_tiny_files,,,,1255.0,24921.0,4,DUP_KEYS,,,1,1,0,,,,0.0,0.0,0,,0,0,0,0,0,0,0.0,业务库的其他表,共享数据,表级行数非零；表级行数 7/30 天波动,有分区 1 个；未识别到物理主键配置
P3,8,table_link,,,,4586.0,121705.0,3,DUP_KEYS,,,1,1,0,,,,0.0,0.0,0,,0,0,0,0,0,0,0.0,业务库的其他表,共享数据,表级行数非零；表级行数 7/30 天波动,有分区 1 个；未识别到物理主键配置
P3,8,task_downstream_task_count,,,,773.0,11729.0,2,DUP_KEYS,,,1,1,0,,,,0.0,0.0,0,,0,0,0,0,0,0,-1.0,业务库的其他表,共享数据,表级行数非零；表级行数 7/30 天波动,有分区 1 个；未识别到物理主键配置
P3,8,task_info,,,,3629.0,197827.0,12,DUP_KEYS,,,1,1,0,,,,0.0,0.0,0,,0,0,0,0,0,0,-1.0,业务库的其他表,共享数据,表级行数非零；表级行数 7/30 天波动；最新日期字段 calculated_date 及时,有分区 1 个；未识别到物理主键配置
P3,8,ud_1_dghpkcsj,dwd_各货品库存数据,管理员,,17300.0,862040.0,18,PRIMARY_KEYS,`__id`,,1,2,0,,,,0.0,0.0,0,,1,0,0,0,0,0,27.0,不规范命名,共享数据,表级行数非零；表级行数 7/30 天波动；主键 `__id` 重复检查,资源关系引用 1 次；存在 owner/任务负责人证据；有分区 1 个
P3,8,ud_3418004512502203_dspbmllsj,dwd商品编码流量数据,包彦,,79477.0,3320073.0,30,PRIMARY_KEYS,`__id`,,1,2,0,,,,0.0,0.0,0,,1,0,0,0,0,0,0.0,不规范命名,共享数据,表级行数非零；表级行数 7/30 天波动；主键 `__id` 重复检查；商品编码/名称关键字段空值,资源关系引用 1 次；存在 owner/任务负责人证据；有分区 1 个
P3,8,ud_3418004512502203_dyxshpbmkcqk,dwd_有销售货品编码库存情况,包彦,,9135.0,463873.0,11,PRIMARY_KEYS,`__id`,,1,16,0,,,,0.0,0.0,0,,1,0,0,0,0,0,27.0,不规范命名,共享数据,表级行数非零；表级行数 7/30 天波动；主键 `__id` 重复检查；商品编码/名称关键字段空值,资源关系引用 1 次；存在 owner/任务负责人证据；有分区 1 个
P3,8,ud_3418004512502203_dzhzkcs,dwd_组合装库存数,包彦,,11668.0,927950.0,24,PRIMARY_KEYS,`__id`,,1,2,0,,,,0.0,0.0,0,,1,0,0,0,0,0,0.0,不规范命名,共享数据,表级行数非零；表级行数 7/30 天波动；主键 `__id` 重复检查；金额/费用字段非负与异常极值；商品编码/名称关键字段空值,资源关系引用 1 次；存在 owner/任务负责人证据；有分区 1 个
P3,8,ud_3418004512502203_n12sjdzyhjzt,1.2STD京东自营和京造退货数据清洗,包彦,,807.0,487848.0,42,PRIMARY_KEYS,`__id`,,1,16,0,,,,0.0,0.0,0,,1,0,0,0,0,0,85.0,不规范命名,共享数据,表级行数非零；表级行数 7/30 天波动；最新日期字段 as_date 及时；主键 `__id` 重复检查；金额/费用字段非负与异常极值；退款/售后金额与数量范围；商品编码/名称关键字段空值；店铺标识关键字段空值,资源关系引用 1 次；存在 owner/任务负责人证据；有分区 1 个
P3,8,ud_3418004512502203_sgnxsecfbl,std国内销售额拆分比例,包彦,,8.0,8658.0,5,PRIMARY_KEYS,`__id`,,1,16,0,,,,0.0,0.0,0,,1,0,0,0,0,0,85.0,不规范命名,共享数据,表级行数非零；表级行数 7/30 天波动；主键 `__id` 重复检查；金额/费用字段非负与异常极值,资源关系引用 1 次；存在 owner/任务负责人证据；有分区 1 个
P3,8,ud_3418004512502203_sjdhctxsjecf,std京东和赤兔销售金额拆分比例,包彦,,2.0,2276.0,5,PRIMARY_KEYS,`__id`,,1,16,0,,,,0.0,0.0,0,,1,0,0,0,0,0,85.0,不规范命名,共享数据,表级行数非零；表级行数 7/30 天波动；主键 `__id` 重复检查；金额/费用字段非负与异常极值,资源关系引用 1 次；存在 owner/任务负责人证据；有分区 1 个
P3,8,ud_3418004512502203_sjdymdjxsjec,std京东佑美大件销售金额拆分比例,包彦,,2.0,2196.0,5,PRIMARY_KEYS,`__id`,,1,16,0,,,,0.0,0.0,0,,1,0,0,0,0,0,85.0,不规范命名,共享数据,表级行数非零；表级行数 7/30 天波动；主键 `__id` 重复检查；金额/费用字段非负与异常极值,资源关系引用 1 次；存在 owner/任务负责人证据；有分区 1 个
P3,8,ud_3418004512502203_spddthtkxxb,std_拼多多退货退款信息表,包彦,,328091.0,42188870.0,39,PRIMARY_KEYS,`__id`,,1,16,0,,,,0.0,0.0,0,,1,0,0,0,0,0,0.0,不规范命名,共享数据,表级行数非零；表级行数 7/30 天波动；最新日期字段 as_date 及时；主键 `__id` 重复检查；金额/费用字段非负与异常极值；退款/售后金额与数量范围；商品编码/名称关键字段空值；店铺标识关键字段空值,资源关系引用 1 次；存在 owner/任务负责人证据；有分区 1 个
P3,8,ud_3418004512502203_sqbxsecfbl,std全部销售额拆分比例,包彦,,9.0,10561.0,5,PRIMARY_KEYS,`__id`,,1,16,0,,,,0.0,0.0,0,,1,0,0,0,0,0,85.0,不规范命名,共享数据,表级行数非零；表级行数 7/30 天波动；主键 `__id` 重复检查；金额/费用字段非负与异常极值,资源关系引用 1 次；存在 owner/任务负责人证据；有分区 1 个
P3,8,ud_3418004512502203_ssdjs,std_刷单计算,包彦,,171521.0,6479472.0,9,PRIMARY_KEYS,`__id`,,1,16,0,,,,0.0,0.0,0,,1,0,0,0,0,0,0.0,不规范命名,共享数据,表级行数非零；表级行数 7/30 天波动；最新日期字段 pay_date 及时；主键 `__id` 重复检查；金额/费用字段非负与异常极值,资源关系引用 1 次；存在 owner/任务负责人证据；有分区 1 个
P3,8,ud_3418004512502203_symxmthctxsj,std佑美新媒体和赤兔销售金额拆分比例,包彦,,2.0,2124.0,5,PRIMARY_KEYS,`__id`,,1,16,0,,,,0.0,0.0,0,,1,0,0,0,0,0,85.0,不规范命名,共享数据,表级行数非零；表级行数 7/30 天波动；主键 `__id` 重复检查；金额/费用字段非负与异常极值,资源关系引用 1 次；存在 owner/任务负责人证据；有分区 1 个
P3,8,ud_3418004512502203_symyedjzxsje,std佑美一二大件组销售金额拆分比例,包彦,,3.0,3422.0,5,PRIMARY_KEYS,`__id`,,1,16,0,,,,0.0,0.0,0,,1,0,0,0,0,0,85.0,不规范命名,共享数据,表级行数非零；表级行数 7/30 天波动；主键 `__id` 重复检查；金额/费用字段非负与异常极值,资源关系引用 1 次；存在 owner/任务负责人证据；有分区 1 个
P3,8,ud_3418004512502203_symyezxsecfb,std佑美一二组销售额拆分比例,包彦,,2.0,2149.0,5,PRIMARY_KEYS,`__id`,,1,16,0,,,,0.0,0.0,0,,1,0,0,0,0,0,85.0,不规范命名,共享数据,表级行数非零；表级行数 7/30 天波动；主键 `__id` 重复检查；金额/费用字段非负与异常极值,资源关系引用 1 次；存在 owner/任务负责人证据；有分区 1 个
P3,8,ud_5179579576634064_qz,行业排名变化趋势,包彦,,19030.0,474400.0,17,PRIMARY_KEYS,`__id`,,1,16,0,,,,0.0,0.0,0,,1,6,0,0,0,0,85.0,不规范命名,共享数据,表级行数非零；表级行数 7/30 天波动；主键 `__id` 重复检查；商品编码/名称关键字段空值,资源关系引用 1 次；存在 owner/任务负责人证据；有分区 1 个
P3,8,ud_5179579576634064_tmllsjss,天猫-流量数据-搜索,包彦,,8500.0,414792.0,14,PRIMARY_KEYS,`__id`,,1,16,0,,,,0.0,0.0,0,,1,0,0,0,0,0,85.0,不规范命名,共享数据,表级行数非零；表级行数 7/30 天波动；主键 `__id` 重复检查,资源关系引用 1 次；存在 owner/任务负责人证据；有分区 1 个
P3,7.0,shishilirun,天猫四小时-实时利润,包彦,李梦丽,0.0,0.0,47,PRIMARY_KEYS,`__id`,,1,16,1,IRQTF5PSbs,天猫四小时-实时利润【迁移】,,0.0,1.0,0,,1,1,0,1,0,0,180.0,不规范命名,共享数据,表级行数非零；表级行数 7/30 天波动；主键 `__id` 重复检查；金额/费用字段非负与异常极值；退款/售后金额与数量范围；商品编码/名称关键字段空值；店铺标识关键字段空值,被 1 个分析项目使用；有关联产出任务 1 个；任务下游数量 1；资源关系引用 1 次；存在 owner/任务负责人证据；元数据行数为 0；有分区 1 个；长期未使用 180 天且无消费证据
P3,7.0,sixiaoshishishishangpinfenxi,天猫四小时-实时商品分析,包彦,李梦丽,0.0,0.0,48,PRIMARY_KEYS,`__id`,,1,16,1,kWKIfrX5dZ,天猫四小时-实时商品分析【迁移】,,0.0,1.0,0,,1,1,0,1,0,0,180.0,不规范命名,共享数据,表级行数非零；表级行数 7/30 天波动；主键 `__id` 重复检查；金额/费用字段非负与异常极值；退款/售后金额与数量范围；商品编码/名称关键字段空值；店铺标识关键字段空值,被 1 个分析项目使用；有关联产出任务 1 个；任务下游数量 1；资源关系引用 1 次；存在 owner/任务负责人证据；元数据行数为 0；有分区 1 个；长期未使用 180 天且无消费证据
P3,7.0,tianmaosixiaohouhuopinyunying,天猫佑美_四小时_货品运营主体列表,包彦,陶林强,0.0,0.0,43,PRIMARY_KEYS,`__id`,,1,4,1,AdAXlr6bdI,天猫佑美_四小时_货品运营主体列表【迁移】,2026-07-09 09:51:38,0.0,1.0,0,,1,1,0,1,0,0,180.0,不规范命名,共享数据,表级行数非零；表级行数 7/30 天波动；主键 `__id` 重复检查；金额/费用字段非负与异常极值；商品编码/名称关键字段空值,被 1 个分析项目使用；有关联产出任务 1 个；任务下游数量 1；资源关系引用 1 次；存在 owner/任务负责人证据；元数据行数为 0；有分区 1 个；长期未使用 180 天且无消费证据
P3,7,UD_3418004512502203_H9EGC_n20251101,20251101,陶林强,陶林强,26867.0,10631529.0,136,PRIMARY_KEYS,`__id`,,1,16,1,NZeO1oUqNg,20251101【EXCEL】,,0.0,0.0,0,,1,0,0,0,0,0,191.0,不规范命名,我的数据,表级行数非零；表级行数 7/30 天波动；最新日期字段 ddtp 及时；主键 `__id` 重复检查；商品编码/名称关键字段空值,有关联产出任务 1 个；资源关系引用 1 次；存在 owner/任务负责人证据；有分区 1 个；宽表字段数 136；长期未使用 191 天且无消费证据
P3,5,_tmp_1783566743890__persist_COLLECTION_YWuQoPIQWz_WORKING,,,,537071.0,32242476.0,31,,,,0,0,0,,,,0.0,0.0,0,,0,0,0,0,0,0,0.0,,,表级行数非零；表级行数 7/30 天波动；最新日期字段 bndts 及时；物化表与来源 collection 完整性,未识别到物理主键配置
P3,4,UD_3418004512502203_ODE0K_n236714173oe,236714173orders_export2026-01-14-13-57-59,陶林强,陶林强,30181.0,4371070.0,86,PRIMARY_KEYS,`__id`,,1,16,1,Au6l5epJQR,236714173orders_export2026-01-14-13-57-59【EXCEL】,,0.0,0.0,0,,1,1,0,1,0,0,158.0,不规范命名,我的数据,表级行数非零；表级行数 7/30 天波动；主键 `__id` 重复检查,被 1 个分析项目使用；有关联产出任务 1 个；资源关系引用 1 次；存在 owner/任务负责人证据；有分区 1 个；字段数 86；长期未使用 158 天且无消费证据
P3,4,UD_4971200913022541_ZGSF6_dyddsjyz,抖音订单-数据验证,包彦,包彦,271.0,284824.0,74,PRIMARY_KEYS,`__id`,,1,16,1,p6KqQSy5au,抖音订单-数据验证【EXCEL】,,0.0,0.0,0,,1,1,0,1,0,0,92.0,不规范命名,共享数据,表级行数非零；表级行数 7/30 天波动；最新日期字段 ddtjsj 及时；主键 `__id` 重复检查,被 1 个分析项目使用；有关联产出任务 1 个；资源关系引用 1 次；存在 owner/任务负责人证据；有分区 1 个；字段数 74；长期未使用 92 天且无消费证据
P3,3,_persist_TABLE_7NeCTsBJxN,,,,5646638.0,48897760.0,2,DUP_KEYS,,,1,4,0,,,,0.0,0.0,0,,0,0,0,0,0,0,183.0,正式态物化表,共享数据,表级行数非零；表级行数 7/30 天波动；物化表与来源 collection 完整性,百万级表行数约 5646638；有分区 1 个；未识别到物理主键配置；长期未使用 183 天且无消费证据
P3,3,_persist_TABLE_Bl6fAnQhbd,,,,1963382.0,8143756.0,5,DUP_KEYS,,,1,4,0,,,,0.0,0.0,0,,0,0,0,0,0,0,183.0,正式态物化表,共享数据,表级行数非零；表级行数 7/30 天波动；最新日期字段 io_date 及时；物化表与来源 collection 完整性,百万级表行数约 1963382；有分区 1 个；未识别到物理主键配置；长期未使用 183 天且无消费证据
P3,3,cube_business_log,,,,46712.0,145883385.0,16,PRIMARY_KEYS,`__id`,,1,16,0,,,,0.0,0.0,0,,0,0,0,0,0,0,0.0,业务库的其他表,共享数据,表级行数非零；表级行数 7/30 天波动；最新日期字段 operation_time 及时；主键 `__id` 重复检查,有分区 1 个
P3,3,ods_api_jstbz_archive_refund_info_f,ODS_退货退款归档信息表(聚水潭标准API),管理员,管理员,957456.0,970038211.0,53,PRIMARY_KEYS,`__id`,,1,16,1,JqwhKDTP1f,ods_api_jstbz_archive_refund_info_f【EtlDevelop任务】,,0.0,0.0,0,,1,0,0,0,0,0,175.0,ods,共享数据,表级行数非零；表级行数 7/30 天波动；最新日期字段 as_date 及时；主键 `__id` 重复检查；金额/费用字段非负与异常极值；退款/售后金额与数量范围；店铺标识关键字段空值；原始 API 记录落地完整性,有关联产出任务 1 个；资源关系引用 1 次；存在 owner/任务负责人证据；有分区 1 个；字段数 53；长期未使用 175 天且无消费证据
P3,3,UD_3418004512502203_X1O2U_n236714173oe,236714173orders_export2026-01-14-09-54-28,陶林强,陶林强,68750.0,9446940.0,86,PRIMARY_KEYS,`__id`,,1,16,1,lWaM9u0pgW,236714173orders_export2026-01-14-09-54-28【EXCEL】,,0.0,0.0,0,,1,0,0,0,0,0,175.0,不规范命名,我的数据,表级行数非零；表级行数 7/30 天波动；主键 `__id` 重复检查,有关联产出任务 1 个；资源关系引用 1 次；存在 owner/任务负责人证据；有分区 1 个；字段数 86；长期未使用 175 天且无消费证据
P3,1.0,hangyeshuju,行业数据,包彦,李梦丽,28712.0,2675367.0,17,PRIMARY_KEYS,`__id`,,1,16,1,sZgZGZCbqR,行业数据【迁移】,,0.0,1.0,0,,1,2,0,1,0,0,170.0,不规范命名,共享数据,表级行数非零；表级行数 7/30 天波动；主键 `__id` 重复检查,被 1 个分析项目使用；有关联产出任务 1 个；任务下游数量 1；资源关系引用 1 次；存在 owner/任务负责人证据；有分区 1 个；长期未使用 170 天且无消费证据
P3,0,UD_1_8X5YS_n20251001202,20251001-20251010缺少订单号,管理员,管理员,8.0,9800.0,5,PRIMARY_KEYS,`__id`,,1,16,1,pYOM8bc5W1,20251001-20251010缺少订单号【EXCEL】,,0.0,0.0,0,,1,1,0,1,0,0,191.0,不规范命名,我的数据,表级行数非零；表级行数 7/30 天波动；主键 `__id` 重复检查,被 1 个分析项目使用；有关联产出任务 1 个；资源关系引用 1 次；存在 owner/任务负责人证据；有分区 1 个；长期未使用 191 天且无消费证据
P3,0,UD_3418004512502203_YBWSO_n2yytyc,2月圆通云仓,陶林强,陶林强,232274.0,33867390.0,45,PRIMARY_KEYS,`__id`,,1,16,1,Lj4oxHhYh0,2月圆通云仓【EXCEL】,,0.0,0.0,0,,1,1,0,1,0,0,90.0,不规范命名,我的数据,表级行数非零；表级行数 7/30 天波动；主键 `__id` 重复检查；商品编码/名称关键字段空值,被 1 个分析项目使用；有关联产出任务 1 个；资源关系引用 1 次；存在 owner/任务负责人证据；有分区 1 个；长期未使用 90 天且无消费证据
P3,-1,UD_3418004512502203_28QQO_n202511pddsh,202511拼多多售后数据验证,陶林强,陶林强,6692.0,1096293.0,25,PRIMARY_KEYS,`__id`,,1,16,1,wnOeP8dffm,202511拼多多售后数据验证【EXCEL】,,0.0,0.0,0,,1,0,0,0,0,0,149.0,不规范命名,我的数据,表级行数非零；表级行数 7/30 天波动；主键 `__id` 重复检查；退款/售后金额与数量范围,有关联产出任务 1 个；资源关系引用 1 次；存在 owner/任务负责人证据；有分区 1 个；长期未使用 149 天且无消费证据
P3,-1,UD_3418004512502203_3NON1_n20250601202,20250601-20250615,陶林强,陶林强,669783.0,34363643.0,4,PRIMARY_KEYS,`__id`,,1,16,1,HbQrl61ucy,20250601-20250615【EXCEL】,,0.0,0.0,0,,1,0,0,0,0,0,183.0,不规范命名,我的数据,表级行数非零；表级行数 7/30 天波动；主键 `__id` 重复检查,有关联产出任务 1 个；资源关系引用 1 次；存在 owner/任务负责人证据；有分区 1 个；长期未使用 183 天且无消费证据
P3,-1,UD_3418004512502203_59GPU_n20250501202,20250501-20250515,陶林强,陶林强,323723.0,18132803.0,5,PRIMARY_KEYS,`__id`,,1,16,1,mBs5u1oHbB,20250501-20250515【EXCEL】,,0.0,0.0,0,,1,0,0,0,0,0,183.0,不规范命名,我的数据,表级行数非零；表级行数 7/30 天波动；主键 `__id` 重复检查,有关联产出任务 1 个；资源关系引用 1 次；存在 owner/任务负责人证据；有分区 1 个；长期未使用 183 天且无消费证据
P3,-1,UD_3418004512502203_5PLVF_qytgsjsp2026,全域推广数据_商品_2026-01-01 00_00_00-2026-01-01 23_59_59-7595789633506754595,陶林强,陶林强,35.0,60928.0,15,PRIMARY_KEYS,`__id`,,1,16,1,4KKCupA4SL,全域推广数据_商品_2026-01-01 00_00_00-2026-01-01 23_59_59-7595789633506754595【EXCEL】,,0.0,0.0,0,,1,0,0,0,0,0,169.0,不规范命名,我的数据,表级行数非零；表级行数 7/30 天波动；主键 `__id` 重复检查；推广费/投放指标非负与日期完整性；商品编码/名称关键字段空值,有关联产出任务 1 个；资源关系引用 1 次；存在 owner/任务负责人证据；有分区 1 个；长期未使用 169 天且无消费证据
P3,-1,UD_3418004512502203_8P02O_n656134cjdd2,656134_成交订单_2026-03-11,陶林强,陶林强,197.0,93688.0,15,PRIMARY_KEYS,`__id`,,1,16,1,S3qMRYBenA,656134_成交订单_2026-03-11【EXCEL】,,0.0,0.0,0,,1,0,0,0,0,0,118.0,不规范命名,我的数据,表级行数非零；表级行数 7/30 天波动；主键 `__id` 重复检查；商品编码/名称关键字段空值,有关联产出任务 1 个；资源关系引用 1 次；存在 owner/任务负责人证据；有分区 1 个；长期未使用 118 天且无消费证据
P3,-1,UD_3418004512502203_PSCIN_xssj20251001,销售数据20251001-20251031,陶林强,陶林强,670552.0,34633461.0,5,PRIMARY_KEYS,`__id`,,1,16,1,u8grZNjcoH,销售数据20251001-20251031【EXCEL】,,0.0,0.0,0,,1,0,0,0,0,0,190.0,不规范命名,我的数据,表级行数非零；表级行数 7/30 天波动；主键 `__id` 重复检查,有关联产出任务 1 个；资源关系引用 1 次；存在 owner/任务负责人证据；有分区 1 个；长期未使用 190 天且无消费证据
P3,-1,UD_3418004512502203_UYQC4_xssj20251101,销售数据20251101-20251130,陶林强,陶林强,660253.0,34400923.0,5,PRIMARY_KEYS,`__id`,,1,16,1,3yA3dUCStH,销售数据20251101-20251130【EXCEL】,,0.0,0.0,0,,1,0,0,0,0,0,190.0,不规范命名,我的数据,表级行数非零；表级行数 7/30 天波动；主键 `__id` 重复检查,有关联产出任务 1 个；资源关系引用 1 次；存在 owner/任务负责人证据；有分区 1 个；长期未使用 190 天且无消费证据
P3,-1,UD_3418004512502203_WU345_n20250601202,20250601-20250630,陶林强,陶林强,262091.0,15337463.0,4,PRIMARY_KEYS,`__id`,,1,16,1,1z6ToixU3T,20250601-20250630【EXCEL】,,0.0,0.0,0,,1,0,0,0,0,0,183.0,不规范命名,我的数据,表级行数非零；表级行数 7/30 天波动；主键 `__id` 重复检查,有关联产出任务 1 个；资源关系引用 1 次；存在 owner/任务负责人证据；有分区 1 个；长期未使用 183 天且无消费证据
P3,-1,UD_3418004512502203_X898Q_yccbcehpxh,异常成本差额货品型号,陶林强,陶林强,5420.0,129692.0,4,PRIMARY_KEYS,`__id`,,1,16,1,VwqiM1onZr,异常成本差额货品型号【EXCEL】,,0.0,0.0,0,,1,0,0,0,0,0,183.0,不规范命名,我的数据,表级行数非零；表级行数 7/30 天波动；主键 `__id` 重复检查；金额/费用字段非负与异常极值；商品编码/名称关键字段空值,有关联产出任务 1 个；资源关系引用 1 次；存在 owner/任务负责人证据；有分区 1 个；长期未使用 183 天且无消费证据
P3,-1,UD_3418004512502203_ZMGBL_bdmx20251209,保单明细-2025-12-09 15_05_06,陶林强,陶林强,233.0,57949.0,9,PRIMARY_KEYS,`__id`,,1,16,1,gGqsXbLo1p,保单明细-2025-12-09 15_05_06【EXCEL】,,0.0,0.0,0,,1,0,0,0,0,0,176.0,不规范命名,我的数据,表级行数非零；表级行数 7/30 天波动；主键 `__id` 重复检查,有关联产出任务 1 个；资源关系引用 1 次；存在 owner/任务负责人证据；有分区 1 个；长期未使用 176 天且无消费证据
P3,-1,UD_5179579576634064_QLT5W_tmyxtgj10t,天猫-营销托管近10天,包彦,李梦丽,100.0,30123.0,5,PRIMARY_KEYS,`__id`,,1,16,1,Y0gH7BABY4,天猫-营销托管近10天【EXCEL】,,0.0,0.0,0,,1,0,0,0,0,0,126.0,不规范命名,共享数据,表级行数非零；表级行数 7/30 天波动；主键 `__id` 重复检查,有关联产出任务 1 个；资源关系引用 1 次；存在 owner/任务负责人证据；有分区 1 个；长期未使用 126 天且无消费证据
P3,-2,_persist_COLLECTION_37OexjIyzn_WORKING,,陶林强,,8624.0,516858.0,22,DUP_KEYS,,,1,4,0,,,,0.0,0.0,0,,0,0,0,0,0,1,161.0,草稿态物化表,共享数据,表级行数非零；表级行数 7/30 天波动；金额/费用字段非负与异常极值；物化表与来源 collection 完整性,存在 owner/任务负责人证据；有分区 1 个；未识别到物理主键配置；长期未使用 161 天且无消费证据；被物化关系引用 1 次
P3,-2,_persist_COLLECTION_9DQRktTlGc,,陶林强,,9653.0,433348.0,13,DUP_KEYS,,,1,4,0,,,,0.0,0.0,0,,0,0,0,0,0,1,184.0,正式态物化表,共享数据,表级行数非零；表级行数 7/30 天波动；物化表与来源 collection 完整性,存在 owner/任务负责人证据；有分区 1 个；未识别到物理主键配置；长期未使用 184 天且无消费证据；被物化关系引用 1 次
P3,-2,_persist_COLLECTION_eH8W5J1M6f,,陶林强,,19409.0,826303.0,16,DUP_KEYS,,,1,4,0,,,,0.0,0.0,0,,0,0,0,0,0,1,170.0,正式态物化表,共享数据,表级行数非零；表级行数 7/30 天波动；物化表与来源 collection 完整性,存在 owner/任务负责人证据；有分区 1 个；未识别到物理主键配置；长期未使用 170 天且无消费证据；被物化关系引用 1 次
P3,-2,_persist_COLLECTION_xyOmPg3T0S,,陶林强,,9653.0,422046.0,11,DUP_KEYS,,,1,4,0,,,,0.0,0.0,0,,0,0,0,0,0,1,184.0,正式态物化表,共享数据,表级行数非零；表级行数 7/30 天波动；物化表与来源 collection 完整性,存在 owner/任务负责人证据；有分区 1 个；未识别到物理主键配置；长期未使用 184 天且无消费证据；被物化关系引用 1 次
P3,-7,_order_REPORT_ITEM_7382KB9AvK,,,,6.0,640.0,2,DUP_KEYS,,,1,1,0,,,,0.0,0.0,0,,0,0,0,0,0,0,133.0,业务库的其他表,共享数据,表级行数非零；表级行数 7/30 天波动,有分区 1 个；未识别到物理主键配置；长期未使用 133 天且无消费证据
P3,-7,_order_REPORT_ITEM_C1uU6wY2xx,,,,6.0,640.0,2,DUP_KEYS,,,1,1,0,,,,0.0,0.0,0,,0,0,0,0,0,0,133.0,业务库的其他表,共享数据,表级行数非零；表级行数 7/30 天波动,有分区 1 个；未识别到物理主键配置；长期未使用 133 天且无消费证据
P3,-7,_order_REPORT_ITEM_OHeYI8wcAj,,,,5.0,528.0,2,DUP_KEYS,,,1,1,0,,,,0.0,0.0,0,,0,0,0,0,0,0,132.0,业务库的其他表,共享数据,表级行数非零；表级行数 7/30 天波动,有分区 1 个；未识别到物理主键配置；长期未使用 132 天且无消费证据
P3,-7,_persist_COLLECTION_9iMtLEJehN,,,,92.0,7377.0,6,DUP_KEYS,,,1,4,0,,,,0.0,0.0,0,,0,0,0,0,0,0,183.0,正式态物化表,共享数据,表级行数非零；表级行数 7/30 天波动；最新日期字段 io_date 及时；物化表与来源 collection 完整性,有分区 1 个；未识别到物理主键配置；长期未使用 183 天且无消费证据
P3,-7,_persist_COLLECTION_KPKIffSqgI,,,,56298.0,1099949.0,9,DUP_KEYS,,,1,4,0,,,,0.0,0.0,0,,0,0,0,0,0,0,183.0,正式态物化表,共享数据,表级行数非零；表级行数 7/30 天波动；最新日期字段 io_date 及时；物化表与来源 collection 完整性,有分区 1 个；未识别到物理主键配置；长期未使用 183 天且无消费证据
P3,-7,_persist_COLLECTION_mF8yXi4UqH,,,,56298.0,2175115.0,12,DUP_KEYS,,,1,4,0,,,,0.0,0.0,0,,0,0,0,0,0,0,183.0,正式态物化表,共享数据,表级行数非零；表级行数 7/30 天波动；最新日期字段 io_date 及时；金额/费用字段非负与异常极值；物化表与来源 collection 完整性,有分区 1 个；未识别到物理主键配置；长期未使用 183 天且无消费证据
P3,-7,_persist_TABLE_CueGxtHD7v,,,,1179.0,17605.0,3,DUP_KEYS,,,1,4,0,,,,0.0,0.0,0,,0,0,0,0,0,0,183.0,正式态物化表,共享数据,表级行数非零；表级行数 7/30 天波动；物化表与来源 collection 完整性,有分区 1 个；未识别到物理主键配置；长期未使用 183 天且无消费证据
P3,-7,_persist_TABLE_HnAZgzqNjH,,,,124141.0,1725107.0,6,DUP_KEYS,,,1,4,0,,,,0.0,0.0,0,,0,0,0,0,0,0,183.0,正式态物化表,共享数据,表级行数非零；表级行数 7/30 天波动；最新日期字段 io_date 及时；物化表与来源 collection 完整性,有分区 1 个；未识别到物理主键配置；长期未使用 183 天且无消费证据
P3,-7,_persist_TABLE_noOw2ylBZB,,,,297165.0,1536103.0,4,DUP_KEYS,,,1,4,0,,,,0.0,0.0,0,,0,0,0,0,0,0,183.0,正式态物化表,共享数据,表级行数非零；表级行数 7/30 天波动；物化表与来源 collection 完整性,有分区 1 个；未识别到物理主键配置；长期未使用 183 天且无消费证据
P3,-7,_persist_TABLE_pF4WOpabVR,,,,314.0,20126.0,11,DUP_KEYS,,,1,4,0,,,,0.0,0.0,0,,0,0,0,0,0,0,201.0,正式态物化表,共享数据,表级行数非零；表级行数 7/30 天波动；物化表与来源 collection 完整性,有分区 1 个；未识别到物理主键配置；长期未使用 201 天且无消费证据
P3,-7,_persist_TABLE_SiwhgJj280,,,,1.0,797.0,3,DUP_KEYS,,,1,4,0,,,,0.0,0.0,0,,0,0,0,0,0,0,183.0,正式态物化表,共享数据,表级行数非零；表级行数 7/30 天波动；最新日期字段 pay_date 及时；物化表与来源 collection 完整性,有分区 1 个；未识别到物理主键配置；长期未使用 183 天且无消费证据
P3,-7,_persist_TABLE_WIcVhdqaRX,,,,177398.0,3850642.0,2,DUP_KEYS,,,1,4,0,,,,0.0,0.0,0,,0,0,0,0,0,0,182.0,正式态物化表,共享数据,表级行数非零；表级行数 7/30 天波动；物化表与来源 collection 完整性,有分区 1 个；未识别到物理主键配置；长期未使用 182 天且无消费证据
P3,-7,_persist_TABLE_XowJeUeUgA,,,,15.0,3089.0,3,DUP_KEYS,,,1,4,0,,,,0.0,0.0,0,,0,0,0,0,0,0,183.0,正式态物化表,共享数据,表级行数非零；表级行数 7/30 天波动；最新日期字段 io_date 及时；物化表与来源 collection 完整性,有分区 1 个；未识别到物理主键配置；长期未使用 183 天且无消费证据
P3,-7,_persist_TABLE_Xpc3fzdiII,,,,18.0,2482.0,2,DUP_KEYS,,,1,4,0,,,,0.0,0.0,0,,0,0,0,0,0,0,183.0,正式态物化表,共享数据,表级行数非零；表级行数 7/30 天波动；最新日期字段 io_date 及时；物化表与来源 collection 完整性,有分区 1 个；未识别到物理主键配置；长期未使用 183 天且无消费证据
P3,-7,_persist_TABLE_yNeanO6fiX,,,,9632.0,112768.0,2,DUP_KEYS,,,1,4,0,,,,0.0,0.0,0,,0,0,0,0,0,0,183.0,正式态物化表,共享数据,表级行数非零；表级行数 7/30 天波动；物化表与来源 collection 完整性,有分区 1 个；未识别到物理主键配置；长期未使用 183 天且无消费证据
P3,-7,_persist_TABLE_zpOcKdVmCC,,,,716884.0,6166274.0,2,DUP_KEYS,,,1,4,0,,,,0.0,0.0,0,,0,0,0,0,0,0,183.0,正式态物化表,共享数据,表级行数非零；表级行数 7/30 天波动；物化表与来源 collection 完整性,有分区 1 个；未识别到物理主键配置；长期未使用 183 天且无消费证据
